ISO-10303-21;
HEADER;
/* Generated by software containing ST-Developer
 * from STEP Tools, Inc. (www.steptools.com) 
 */
/* OPTION: using custom renumber hook */

FILE_DESCRIPTION(
/* description */ ('STEP AP242 Edition 2',
'CAx-IF Rec.Pracs.---Representation and Presentation of Product Manufa
cturing Information (PMI)---4.0---2014-10-13',
'CAx-IF Rec.Pracs.---3D Tessellated Geometry---0.4---2014-09-14','2;1',
'CAx-IF Rec.Pracs.---User Defined Attributes---1.5---2016-08-15'),
/* implementation_level */ '2;1');

FILE_NAME(
/* name */ 'Posts and Holders - Holder-W50-H75-LR-M6',
/* time_stamp */ '2026-06-03T09:36:24Z',
/* author */ (''),
/* organization */ (''),
/* preprocessor_version */ 'ST-DEVELOPER v20',
/* originating_system */ 'ONSHAPE BY PTC INC, 1.215',
/* authorisation */ '  ');

FILE_SCHEMA (('AP242_MANAGED_MODEL_BASED_3D_ENGINEERING_MIM_LF { 1 0 10303 442 3 1 4 }'));
ENDSEC;

DATA;
#10=SHAPE_REPRESENTATION_RELATIONSHIP('','',#2270,#11);
#11=ADVANCED_BREP_SHAPE_REPRESENTATION('',(#2268),#4314);
#12=B_SPLINE_SURFACE_WITH_KNOTS('',1,3,((#4181,#4182,#4183,#4184,#4185,
#4186,#4187,#4188,#4189,#4190,#4191,#4192,#4193,#4194,#4195,#4196,#4197,
#4198),(#4199,#4200,#4201,#4202,#4203,#4204,#4205,#4206,#4207,#4208,#4209,
#4210,#4211,#4212,#4213,#4214,#4215,#4216)),.RULED_SURF.,.F.,.F.,.F.,(2,
2),(4,2,2,2,2,2,2,2,4),(0.,1.),(0.,0.00275156627066278,0.00550313254132555,
0.00825469881198832,0.0110062650826511,0.0137578313533139,0.0165093976239767,
0.0192609638946394,0.0220125301653022),.UNSPECIFIED.);
#13=B_SPLINE_SURFACE_WITH_KNOTS('',1,3,((#4230,#4231,#4232,#4233,#4234,
#4235,#4236,#4237,#4238,#4239,#4240,#4241,#4242,#4243,#4244,#4245,#4246,
#4247),(#4248,#4249,#4250,#4251,#4252,#4253,#4254,#4255,#4256,#4257,#4258,
#4259,#4260,#4261,#4262,#4263,#4264,#4265)),.RULED_SURF.,.F.,.F.,.F.,(2,
2),(4,2,2,2,2,2,2,2,4),(0.,1.),(0.,0.00275156627066278,0.00550313254132555,
0.00825469881198832,0.0110062650826511,0.0137578313533139,0.0165093976239767,
0.0192609638946394,0.0220125301653022),.UNSPECIFIED.);
#14=CONICAL_SURFACE('',#2473,0.0038,0.785398163397448);
#15=CONICAL_SURFACE('',#2474,0.006125,0.785398163397449);
#16=CONICAL_SURFACE('',#2475,0.0033,0.785398163397448);
#17=CONICAL_SURFACE('',#2476,0.0038,0.785398163397448);
#18=CONICAL_SURFACE('',#2477,0.0038,0.785398163397448);
#19=CONICAL_SURFACE('',#2478,0.006125,0.785398163397449);
#20=CONICAL_SURFACE('',#2479,0.006125,0.785398163397449);
#21=CONICAL_SURFACE('',#2480,0.0033,0.785398163397448);
#22=CONICAL_SURFACE('',#2481,0.0033,0.785398163397448);
#23=CONICAL_SURFACE('',#2494,0.0035,0.785398163397442);
#24=CONICAL_SURFACE('',#2496,0.0038,0.785398163397448);
#25=CONICAL_SURFACE('',#2497,0.0038,0.785398163397457);
#26=CONICAL_SURFACE('',#2500,0.0102,0.785398163397452);
#27=CONICAL_SURFACE('',#2501,0.0102,0.785398163397452);
#28=CONICAL_SURFACE('',#2504,0.0038,0.785398163397448);
#29=CONICAL_SURFACE('',#2505,0.0038,0.78539816339745);
#30=CONICAL_SURFACE('',#2508,0.0038,0.785398163397452);
#31=CONICAL_SURFACE('',#2509,0.0038,0.785398163397448);
#32=(
BOUNDED_SURFACE()
B_SPLINE_SURFACE(3,2,((#3924,#3925,#3926),(#3927,#3928,#3929),(#3930,#3931,
#3932),(#3933,#3934,#3935)),.UNSPECIFIED.,.F.,.F.,.F.)
B_SPLINE_SURFACE_WITH_KNOTS((4,4),(3,3),(0.0144227162383834,0.0154087112991869),
(0.,1.),.PIECEWISE_BEZIER_KNOTS.)
GEOMETRIC_REPRESENTATION_ITEM()
RATIONAL_B_SPLINE_SURFACE(((1.,0.707106781186548,1.),(1.,0.678687546622363,
1.),(1.,0.648525989925378,1.),(1.,0.619486593532647,1.)))
REPRESENTATION_ITEM('')
SURFACE()
);
#33=(
BOUNDED_SURFACE()
B_SPLINE_SURFACE(3,2,((#3937,#3938,#3939),(#3940,#3941,#3942),(#3943,#3944,
#3945),(#3946,#3947,#3948)),.UNSPECIFIED.,.F.,.F.,.F.)
B_SPLINE_SURFACE_WITH_KNOTS((4,4),(3,3),(2.6864665880136,3.14159265358979),
(0.,1.),.PIECEWISE_BEZIER_KNOTS.)
GEOMETRIC_REPRESENTATION_ITEM()
RATIONAL_B_SPLINE_SURFACE(((1.,0.619486593532648,1.),(1.,0.612521157349037,
1.),(1.,0.608761429009058,1.),(1.,0.608761429008721,1.)))
REPRESENTATION_ITEM('')
SURFACE()
);
#34=(
BOUNDED_SURFACE()
B_SPLINE_SURFACE(3,2,((#3954,#3955,#3956),(#3957,#3958,#3959),(#3960,#3961,
#3962),(#3963,#3964,#3965)),.UNSPECIFIED.,.F.,.F.,.F.)
B_SPLINE_SURFACE_WITH_KNOTS((4,4),(3,3),(0.0144227162383833,0.0154087112991869),
(0.,1.),.PIECEWISE_BEZIER_KNOTS.)
GEOMETRIC_REPRESENTATION_ITEM()
RATIONAL_B_SPLINE_SURFACE(((1.,0.707106781186547,1.),(1.,0.678687546624434,
1.),(1.,0.648525989926074,1.),(1.,0.619486593532648,1.)))
REPRESENTATION_ITEM('')
SURFACE()
);
#35=(
BOUNDED_SURFACE()
B_SPLINE_SURFACE(3,2,((#3967,#3968,#3969),(#3970,#3971,#3972),(#3973,#3974,
#3975),(#3976,#3977,#3978)),.UNSPECIFIED.,.F.,.F.,.F.)
B_SPLINE_SURFACE_WITH_KNOTS((4,4),(3,3),(0.,0.455126065576199),(0.,1.),
 .PIECEWISE_BEZIER_KNOTS.)
GEOMETRIC_REPRESENTATION_ITEM()
RATIONAL_B_SPLINE_SURFACE(((1.,0.608761429008721,1.),(1.,0.608761429009058,
1.),(1.,0.612521157349461,1.),(1.,0.619486593532648,1.)))
REPRESENTATION_ITEM('')
SURFACE()
);
#36=(
BOUNDED_SURFACE()
B_SPLINE_SURFACE(3,2,((#3981,#3982,#3983),(#3984,#3985,#3986),(#3987,#3988,
#3989),(#3990,#3991,#3992)),.UNSPECIFIED.,.F.,.F.,.F.)
B_SPLINE_SURFACE_WITH_KNOTS((4,4),(3,3),(0.0144227162383833,0.0154087112991868),
(0.,1.),.PIECEWISE_BEZIER_KNOTS.)
GEOMETRIC_REPRESENTATION_ITEM()
RATIONAL_B_SPLINE_SURFACE(((1.,0.707106781186548,1.),(1.,0.678687546622695,
1.),(1.,0.648525989925506,1.),(1.,0.619486593532646,1.)))
REPRESENTATION_ITEM('')
SURFACE()
);
#37=(
BOUNDED_SURFACE()
B_SPLINE_SURFACE(3,2,((#3994,#3995,#3996),(#3997,#3998,#3999),(#4000,#4001,
#4002),(#4003,#4004,#4005)),.UNSPECIFIED.,.F.,.F.,.F.)
B_SPLINE_SURFACE_WITH_KNOTS((4,4),(3,3),(5.82805924160341,6.28318530717959),
(0.,1.),.PIECEWISE_BEZIER_KNOTS.)
GEOMETRIC_REPRESENTATION_ITEM()
RATIONAL_B_SPLINE_SURFACE(((1.,0.619486593532647,1.),(1.,0.612521157349179,
1.),(1.,0.608761429008847,1.),(1.,0.608761429008721,1.)))
REPRESENTATION_ITEM('')
SURFACE()
);
#38=(
BOUNDED_SURFACE()
B_SPLINE_SURFACE(3,2,((#4009,#4010,#4011),(#4012,#4013,#4014),(#4015,#4016,
#4017),(#4018,#4019,#4020)),.UNSPECIFIED.,.F.,.F.,.F.)
B_SPLINE_SURFACE_WITH_KNOTS((4,4),(3,3),(3.14159265358979,3.59671871916597),
(0.,1.),.PIECEWISE_BEZIER_KNOTS.)
GEOMETRIC_REPRESENTATION_ITEM()
RATIONAL_B_SPLINE_SURFACE(((1.,0.608761429008721,1.),(1.,0.608761429008847,
1.),(1.,0.612521157348104,1.),(1.,0.619486593532647,1.)))
REPRESENTATION_ITEM('')
SURFACE()
);
#39=(
BOUNDED_SURFACE()
B_SPLINE_SURFACE(3,2,((#4022,#4023,#4024),(#4025,#4026,#4027),(#4028,#4029,
#4030),(#4031,#4032,#4033)),.UNSPECIFIED.,.F.,.F.,.F.)
B_SPLINE_SURFACE_WITH_KNOTS((4,4),(3,3),(0.0144227162383833,0.0154087112991869),
(0.,1.),.PIECEWISE_BEZIER_KNOTS.)
GEOMETRIC_REPRESENTATION_ITEM()
RATIONAL_B_SPLINE_SURFACE(((1.,0.707106781186548,1.),(1.,0.678687546621585,
1.),(1.,0.648525989925176,1.),(1.,0.619486593532644,1.)))
REPRESENTATION_ITEM('')
SURFACE()
);
#40=(
BOUNDED_SURFACE()
B_SPLINE_SURFACE(3,2,((#4038,#4039,#4040),(#4041,#4042,#4043),(#4044,#4045,
#4046),(#4047,#4048,#4049)),.UNSPECIFIED.,.F.,.F.,.F.)
B_SPLINE_SURFACE_WITH_KNOTS((4,4),(3,3),(0.0144227162383834,0.0154087112991869),
(0.,1.),.PIECEWISE_BEZIER_KNOTS.)
GEOMETRIC_REPRESENTATION_ITEM()
RATIONAL_B_SPLINE_SURFACE(((1.,0.707106781186547,1.),(1.,0.678687546620866,
1.),(1.,0.648525989925232,1.),(1.,0.619486593532648,1.)))
REPRESENTATION_ITEM('')
SURFACE()
);
#41=(
BOUNDED_SURFACE()
B_SPLINE_SURFACE(3,2,((#4051,#4052,#4053),(#4054,#4055,#4056),(#4057,#4058,
#4059),(#4060,#4061,#4062)),.UNSPECIFIED.,.F.,.F.,.F.)
B_SPLINE_SURFACE_WITH_KNOTS((4,4),(3,3),(2.68646658801359,3.14159265358979),
(0.,1.),.PIECEWISE_BEZIER_KNOTS.)
GEOMETRIC_REPRESENTATION_ITEM()
RATIONAL_B_SPLINE_SURFACE(((1.,0.619486593532648,1.),(1.,0.612521157348867,
1.),(1.,0.608761429009058,1.),(1.,0.608761429008721,1.)))
REPRESENTATION_ITEM('')
SURFACE()
);
#42=(
BOUNDED_SURFACE()
B_SPLINE_SURFACE(3,2,((#4068,#4069,#4070),(#4071,#4072,#4073),(#4074,#4075,
#4076),(#4077,#4078,#4079)),.UNSPECIFIED.,.F.,.F.,.F.)
B_SPLINE_SURFACE_WITH_KNOTS((4,4),(3,3),(0.0144227162383834,0.0154087112991869),
(0.,1.),.PIECEWISE_BEZIER_KNOTS.)
GEOMETRIC_REPRESENTATION_ITEM()
RATIONAL_B_SPLINE_SURFACE(((1.,0.707106781186548,1.),(1.,0.678687546619978,
1.),(1.,0.648525989925159,1.),(1.,0.619486593532649,1.)))
REPRESENTATION_ITEM('')
SURFACE()
);
#43=(
BOUNDED_SURFACE()
B_SPLINE_SURFACE(3,2,((#4081,#4082,#4083),(#4084,#4085,#4086),(#4087,#4088,
#4089),(#4090,#4091,#4092)),.UNSPECIFIED.,.F.,.F.,.F.)
B_SPLINE_SURFACE_WITH_KNOTS((4,4),(3,3),(0.,0.455126065576201),(0.,1.),
 .PIECEWISE_BEZIER_KNOTS.)
GEOMETRIC_REPRESENTATION_ITEM()
RATIONAL_B_SPLINE_SURFACE(((1.,0.608761429008721,1.),(1.,0.608761429009058,
1.),(1.,0.612521157349333,1.),(1.,0.619486593532648,1.)))
REPRESENTATION_ITEM('')
SURFACE()
);
#44=(
BOUNDED_SURFACE()
B_SPLINE_SURFACE(3,2,((#4095,#4096,#4097),(#4098,#4099,#4100),(#4101,#4102,
#4103),(#4104,#4105,#4106)),.UNSPECIFIED.,.F.,.F.,.F.)
B_SPLINE_SURFACE_WITH_KNOTS((4,4),(3,3),(0.0144227162383832,0.0154087112991868),
(0.,1.),.PIECEWISE_BEZIER_KNOTS.)
GEOMETRIC_REPRESENTATION_ITEM()
RATIONAL_B_SPLINE_SURFACE(((1.,0.707106781186547,1.),(1.,0.678687546622491,
1.),(1.,0.648525989925358,1.),(1.,0.619486593532644,1.)))
REPRESENTATION_ITEM('')
SURFACE()
);
#45=(
BOUNDED_SURFACE()
B_SPLINE_SURFACE(3,2,((#4108,#4109,#4110),(#4111,#4112,#4113),(#4114,#4115,
#4116),(#4117,#4118,#4119)),.UNSPECIFIED.,.F.,.F.,.F.)
B_SPLINE_SURFACE_WITH_KNOTS((4,4),(3,3),(5.82805924160341,6.28318530717959),
(0.,1.),.PIECEWISE_BEZIER_KNOTS.)
GEOMETRIC_REPRESENTATION_ITEM()
RATIONAL_B_SPLINE_SURFACE(((1.,0.619486593532646,1.),(1.,0.612521157349306,
1.),(1.,0.608761429008847,1.),(1.,0.608761429008721,1.)))
REPRESENTATION_ITEM('')
SURFACE()
);
#46=(
BOUNDED_SURFACE()
B_SPLINE_SURFACE(3,2,((#4123,#4124,#4125),(#4126,#4127,#4128),(#4129,#4130,
#4131),(#4132,#4133,#4134)),.UNSPECIFIED.,.F.,.F.,.F.)
B_SPLINE_SURFACE_WITH_KNOTS((4,4),(3,3),(3.14159265358979,3.59671871916597),
(0.,1.),.PIECEWISE_BEZIER_KNOTS.)
GEOMETRIC_REPRESENTATION_ITEM()
RATIONAL_B_SPLINE_SURFACE(((1.,0.608761429008721,1.),(1.,0.608761429008847,
1.),(1.,0.61252115734929,1.),(1.,0.619486593532646,1.)))
REPRESENTATION_ITEM('')
SURFACE()
);
#47=(
BOUNDED_SURFACE()
B_SPLINE_SURFACE(3,2,((#4136,#4137,#4138),(#4139,#4140,#4141),(#4142,#4143,
#4144),(#4145,#4146,#4147)),.UNSPECIFIED.,.F.,.F.,.F.)
B_SPLINE_SURFACE_WITH_KNOTS((4,4),(3,3),(0.0144227162383832,0.0154087112991868),
(0.,1.),.PIECEWISE_BEZIER_KNOTS.)
GEOMETRIC_REPRESENTATION_ITEM()
RATIONAL_B_SPLINE_SURFACE(((1.,0.707106781186548,1.),(1.,0.678687546621956,
1.),(1.,0.648525989925049,1.),(1.,0.619486593532646,1.)))
REPRESENTATION_ITEM('')
SURFACE()
);
#48=TOROIDAL_SURFACE('',#2429,0.005,0.002);
#49=TOROIDAL_SURFACE('',#2433,0.005,0.002);
#50=TOROIDAL_SURFACE('',#2438,0.005,0.002);
#51=TOROIDAL_SURFACE('',#2446,0.005,0.002);
#52=TOROIDAL_SURFACE('',#2447,0.005,0.002);
#53=TOROIDAL_SURFACE('',#2451,0.005,0.002);
#54=TOROIDAL_SURFACE('',#2456,0.005,0.002);
#55=TOROIDAL_SURFACE('',#2464,0.005,0.002);
#56=ELLIPSE('',#2323,0.00517638090205042,0.005);
#57=ELLIPSE('',#2324,0.00517638090205042,0.005);
#58=ELLIPSE('',#2325,0.00517638090205042,0.005);
#59=ELLIPSE('',#2326,0.00517638090205042,0.005);
#60=ELLIPSE('',#2329,0.00517638090205042,0.005);
#61=ELLIPSE('',#2330,0.00517638090205042,0.005);
#62=ELLIPSE('',#2331,0.00517638090205042,0.005);
#63=ELLIPSE('',#2332,0.00517638090205042,0.005);
#64=ELLIPSE('',#2404,0.00328556224155201,0.003);
#65=ELLIPSE('',#2407,0.00328556224155201,0.003);
#66=ELLIPSE('',#2411,0.00328556224155201,0.003);
#67=ELLIPSE('',#2413,0.00328556224155201,0.003);
#68=ELLIPSE('',#2419,0.00328556224155201,0.003);
#69=ELLIPSE('',#2421,0.00328556224155201,0.003);
#70=ELLIPSE('',#2425,0.00328556224155201,0.003);
#71=ELLIPSE('',#2427,0.00328556224155201,0.003);
#72=B_SPLINE_CURVE_WITH_KNOTS('',3,(#3169,#3170,#3171,#3172),
 .UNSPECIFIED.,.F.,.F.,(4,4),(0.,0.00133843505429498),.UNSPECIFIED.);
#73=B_SPLINE_CURVE_WITH_KNOTS('',3,(#3176,#3177,#3178,#3179),
 .UNSPECIFIED.,.F.,.F.,(4,4),(0.0025482688756767,0.00390834273158989),
 .UNSPECIFIED.);
#74=B_SPLINE_CURVE_WITH_KNOTS('',3,(#3184,#3185,#3186,#3187),
 .UNSPECIFIED.,.F.,.F.,(4,4),(0.,0.00133843505429498),.UNSPECIFIED.);
#75=B_SPLINE_CURVE_WITH_KNOTS('',3,(#3226,#3227,#3228,#3229),
 .UNSPECIFIED.,.F.,.F.,(4,4),(0.00254826887567682,0.00390834273159),
 .UNSPECIFIED.);
#76=B_SPLINE_CURVE_WITH_KNOTS('',3,(#3230,#3231,#3232,#3233),
 .UNSPECIFIED.,.F.,.F.,(4,4),(0.,0.00133843505429491),.UNSPECIFIED.);
#77=B_SPLINE_CURVE_WITH_KNOTS('',3,(#3238,#3239,#3240,#3241),
 .UNSPECIFIED.,.F.,.F.,(4,4),(0.00254826887567682,0.00390834273158995),
 .UNSPECIFIED.);
#78=B_SPLINE_CURVE_WITH_KNOTS('',3,(#3247,#3248,#3249,#3250),
 .UNSPECIFIED.,.F.,.F.,(4,4),(0.,0.00101103137009783),.UNSPECIFIED.);
#79=B_SPLINE_CURVE_WITH_KNOTS('',3,(#3251,#3252,#3253,#3254),
 .UNSPECIFIED.,.F.,.F.,(4,4),(0.,0.00101103137009783),.UNSPECIFIED.);
#80=B_SPLINE_CURVE_WITH_KNOTS('',3,(#3258,#3259,#3260,#3261),
 .UNSPECIFIED.,.F.,.F.,(4,4),(0.,0.00101103137009783),.UNSPECIFIED.);
#81=B_SPLINE_CURVE_WITH_KNOTS('',3,(#3262,#3263,#3264,#3265),
 .UNSPECIFIED.,.F.,.F.,(4,4),(0.,0.00101103137009783),.UNSPECIFIED.);
#82=B_SPLINE_CURVE_WITH_KNOTS('',3,(#3270,#3271,#3272,#3273),
 .UNSPECIFIED.,.F.,.F.,(4,4),(0.,0.00101103137009783),.UNSPECIFIED.);
#83=B_SPLINE_CURVE_WITH_KNOTS('',3,(#3281,#3282,#3283,#3284),
 .UNSPECIFIED.,.F.,.F.,(4,4),(0.,0.00101103137009783),.UNSPECIFIED.);
#84=B_SPLINE_CURVE_WITH_KNOTS('',3,(#3350,#3351,#3352,#3353,#3354,#3355,
#3356,#3357,#3358,#3359,#3360,#3361,#3362,#3363,#3364,#3365,#3366,#3367,
#3368,#3369,#3370,#3371,#3372),.UNSPECIFIED.,.F.,.F.,(4,1,1,1,1,1,1,1,1,
1,1,1,1,1,1,1,1,1,1,1,4),(0.,0.0625,0.125,0.1875,0.25,0.3125,0.34375,0.375,
0.40625,0.4375,0.5,0.53125,0.5625,0.59375,0.625,0.6875,0.75,0.8125,0.875,
0.9375,1.),.UNSPECIFIED.);
#85=B_SPLINE_CURVE_WITH_KNOTS('',3,(#3378,#3379,#3380,#3381,#3382),
 .UNSPECIFIED.,.F.,.F.,(4,1,4),(0.000777451607997183,0.00239590499263713,
0.00401435837727707),.UNSPECIFIED.);
#86=B_SPLINE_CURVE_WITH_KNOTS('',3,(#3392,#3393,#3394,#3395,#3396),
 .UNSPECIFIED.,.F.,.F.,(4,1,4),(0.,0.00161805144510358,0.00323610289020717),
 .UNSPECIFIED.);
#87=B_SPLINE_CURVE_WITH_KNOTS('',3,(#3399,#3400,#3401,#3402,#3403,#3404,
#3405,#3406,#3407,#3408,#3409,#3410,#3411,#3412,#3413,#3414,#3415,#3416,
#3417,#3418,#3419,#3420,#3421),.UNSPECIFIED.,.F.,.F.,(4,1,1,1,1,1,1,1,1,
1,1,1,1,1,1,1,1,1,1,1,4),(0.,0.0625,0.125,0.1875,0.25,0.3125,0.34375,0.375,
0.40625,0.4375,0.5,0.53125,0.5625,0.59375,0.625,0.6875,0.75,0.8125,0.875,
0.9375,1.),.UNSPECIFIED.);
#88=B_SPLINE_CURVE_WITH_KNOTS('',3,(#3505,#3506,#3507,#3508),
 .UNSPECIFIED.,.F.,.F.,(4,4),(0.,0.00101103137009783),.UNSPECIFIED.);
#89=B_SPLINE_CURVE_WITH_KNOTS('',3,(#3512,#3513,#3514,#3515),
 .UNSPECIFIED.,.F.,.F.,(4,4),(0.,0.00101103137009783),.UNSPECIFIED.);
#90=B_SPLINE_CURVE_WITH_KNOTS('',3,(#3624,#3625,#3626,#3627,#3628,#3629,
#3630,#3631,#3632,#3633,#3634,#3635,#3636,#3637,#3638,#3639,#3640,#3641,
#3642,#3643,#3644,#3645,#3646,#3647,#3648,#3649,#3650,#3651,#3652,#3653,
#3654,#3655,#3656,#3657,#3658,#3659,#3660,#3661,#3662),.UNSPECIFIED.,.F.,
 .F.,(4,1,1,1,1,1,1,1,1,1,1,1,1,1,1,1,1,1,1,1,1,1,1,1,1,1,1,1,1,1,1,1,1,
1,1,1,4),(0.,0.0625,0.09375,0.109375,0.125,0.140625,0.15625,0.1875,0.21875,
0.234375,0.25,0.265625,0.28125,0.3125,0.34375,0.375,0.40625,0.4375,0.5,
0.5625,0.59375,0.609375,0.625,0.640625,0.65625,0.671875,0.6875,0.703125,
0.71875,0.75,0.78125,0.8125,0.84375,0.875,0.90625,0.9375,1.),
 .UNSPECIFIED.);
#91=B_SPLINE_CURVE_WITH_KNOTS('',3,(#3677,#3678,#3679,#3680,#3681,#3682,
#3683,#3684,#3685,#3686,#3687,#3688,#3689,#3690,#3691,#3692,#3693,#3694,
#3695,#3696,#3697,#3698,#3699,#3700,#3701,#3702,#3703,#3704,#3705,#3706,
#3707,#3708,#3709,#3710,#3711,#3712,#3713,#3714,#3715),.UNSPECIFIED.,.F.,
 .F.,(4,1,1,1,1,1,1,1,1,1,1,1,1,1,1,1,1,1,1,1,1,1,1,1,1,1,1,1,1,1,1,1,1,
1,1,1,4),(0.,0.0625,0.09375,0.109375,0.125,0.140625,0.15625,0.1875,0.21875,
0.234375,0.25,0.265625,0.28125,0.3125,0.34375,0.375,0.40625,0.4375,0.5,
0.5625,0.59375,0.609375,0.625,0.640625,0.65625,0.671875,0.6875,0.703125,
0.71875,0.75,0.78125,0.8125,0.84375,0.875,0.90625,0.9375,1.),
 .UNSPECIFIED.);
#92=B_SPLINE_CURVE_WITH_KNOTS('',3,(#3742,#3743,#3744,#3745),
 .UNSPECIFIED.,.F.,.F.,(4,4),(6.31448876631291E-18,0.00133843505429496),
 .UNSPECIFIED.);
#93=B_SPLINE_CURVE_WITH_KNOTS('',3,(#3747,#3748,#3749,#3750),
 .UNSPECIFIED.,.F.,.F.,(4,4),(0.00254826887567672,0.00390834273158991),
 .UNSPECIFIED.);
#94=B_SPLINE_CURVE_WITH_KNOTS('',3,(#3769,#3770,#3771,#3772),
 .UNSPECIFIED.,.F.,.F.,(4,4),(0.,0.00353209812208561),.UNSPECIFIED.);
#95=B_SPLINE_CURVE_WITH_KNOTS('',3,(#3773,#3774,#3775,#3776),
 .UNSPECIFIED.,.F.,.F.,(4,4),(0.,0.00353209812208561),.UNSPECIFIED.);
#96=B_SPLINE_CURVE_WITH_KNOTS('',3,(#3783,#3784,#3785,#3786),
 .UNSPECIFIED.,.F.,.F.,(4,4),(0.,0.00353209812208561),.UNSPECIFIED.);
#97=B_SPLINE_CURVE_WITH_KNOTS('',3,(#3787,#3788,#3789,#3790),
 .UNSPECIFIED.,.F.,.F.,(4,4),(0.,0.00353209812208561),.UNSPECIFIED.);
#98=B_SPLINE_CURVE_WITH_KNOTS('',3,(#3806,#3807,#3808,#3809),
 .UNSPECIFIED.,.F.,.F.,(4,4),(0.,0.00353209812208562),.UNSPECIFIED.);
#99=B_SPLINE_CURVE_WITH_KNOTS('',3,(#3815,#3816,#3817,#3818),
 .UNSPECIFIED.,.F.,.F.,(4,4),(0.,0.00353209812208562),.UNSPECIFIED.);
#100=B_SPLINE_CURVE_WITH_KNOTS('',3,(#3820,#3821,#3822,#3823),
 .UNSPECIFIED.,.F.,.F.,(4,4),(0.,0.00353209812208561),.UNSPECIFIED.);
#101=B_SPLINE_CURVE_WITH_KNOTS('',3,(#3829,#3830,#3831,#3832),
 .UNSPECIFIED.,.F.,.F.,(4,4),(0.,0.00353209812208561),.UNSPECIFIED.);
#102=B_SPLINE_CURVE_WITH_KNOTS('',3,(#3836,#3837,#3838,#3839),
 .UNSPECIFIED.,.F.,.F.,(4,4),(0.,0.000593634233089666),.UNSPECIFIED.);
#103=B_SPLINE_CURVE_WITH_KNOTS('',3,(#3846,#3847,#3848,#3849),
 .UNSPECIFIED.,.F.,.F.,(4,4),(0.,0.000594540534720042),.UNSPECIFIED.);
#104=B_SPLINE_CURVE_WITH_KNOTS('',3,(#3855,#3856,#3857,#3858),
 .UNSPECIFIED.,.F.,.F.,(4,4),(0.,0.00059363423308963),.UNSPECIFIED.);
#105=B_SPLINE_CURVE_WITH_KNOTS('',3,(#3864,#3865,#3866,#3867),
 .UNSPECIFIED.,.F.,.F.,(4,4),(0.,0.00059454053472011),.UNSPECIFIED.);
#106=B_SPLINE_CURVE_WITH_KNOTS('',3,(#3872,#3873,#3874,#3875,#3876,#3877,
#3878),.UNSPECIFIED.,.F.,.F.,(4,1,1,1,4),(0.,0.00180020583535893,0.00360041167071785,
0.00540061750607678,0.0072008233414357),.UNSPECIFIED.);
#107=B_SPLINE_CURVE_WITH_KNOTS('',3,(#3879,#3880,#3881,#3882,#3883,#3884,
#3885),.UNSPECIFIED.,.F.,.F.,(4,1,1,1,4),(0.,0.00180020583535893,0.00360041167071785,
0.00540061750607678,0.0072008233414357),.UNSPECIFIED.);
#108=B_SPLINE_CURVE_WITH_KNOTS('',3,(#3889,#3890,#3891,#3892),
 .UNSPECIFIED.,.F.,.F.,(4,4),(0.,0.000593634233089727),.UNSPECIFIED.);
#109=B_SPLINE_CURVE_WITH_KNOTS('',3,(#3898,#3899,#3900,#3901),
 .UNSPECIFIED.,.F.,.F.,(4,4),(0.,0.000594540534720026),.UNSPECIFIED.);
#110=B_SPLINE_CURVE_WITH_KNOTS('',3,(#3907,#3908,#3909,#3910),
 .UNSPECIFIED.,.F.,.F.,(4,4),(0.,0.000593634233089621),.UNSPECIFIED.);
#111=B_SPLINE_CURVE_WITH_KNOTS('',3,(#3916,#3917,#3918,#3919),
 .UNSPECIFIED.,.F.,.F.,(4,4),(0.,0.000594540534720112),.UNSPECIFIED.);
#112=B_SPLINE_CURVE_WITH_KNOTS('',3,(#4169,#4170,#4171,#4172),
 .UNSPECIFIED.,.F.,.F.,(4,4),(0.,0.00246583143630517),.UNSPECIFIED.);
#113=B_SPLINE_CURVE_WITH_KNOTS('',3,(#4173,#4174,#4175,#4176),
 .UNSPECIFIED.,.F.,.F.,(4,4),(0.,1.),.UNSPECIFIED.);
#114=B_SPLINE_CURVE_WITH_KNOTS('',3,(#4177,#4178,#4179,#4180),
 .UNSPECIFIED.,.F.,.F.,(4,4),(0.,1.),.UNSPECIFIED.);
#115=B_SPLINE_CURVE_WITH_KNOTS('',3,(#4218,#4219,#4220,#4221),
 .UNSPECIFIED.,.F.,.F.,(4,4),(0.,0.00246583143630517),.UNSPECIFIED.);
#116=B_SPLINE_CURVE_WITH_KNOTS('',3,(#4222,#4223,#4224,#4225),
 .UNSPECIFIED.,.F.,.F.,(4,4),(0.,1.),.UNSPECIFIED.);
#117=B_SPLINE_CURVE_WITH_KNOTS('',3,(#4226,#4227,#4228,#4229),
 .UNSPECIFIED.,.F.,.F.,(4,4),(0.,1.),.UNSPECIFIED.);
#118=CYLINDRICAL_SURFACE('',#2276,0.004);
#119=CYLINDRICAL_SURFACE('',#2277,0.004);
#120=CYLINDRICAL_SURFACE('',#2289,0.004);
#121=CYLINDRICAL_SURFACE('',#2290,0.004);
#122=CYLINDRICAL_SURFACE('',#2308,0.0033);
#123=CYLINDRICAL_SURFACE('',#2311,0.01);
#124=CYLINDRICAL_SURFACE('',#2314,0.01);
#125=CYLINDRICAL_SURFACE('',#2367,0.0033);
#126=CYLINDRICAL_SURFACE('',#2373,0.005625);
#127=CYLINDRICAL_SURFACE('',#2375,0.0033);
#128=CYLINDRICAL_SURFACE('',#2381,0.005625);
#129=CYLINDRICAL_SURFACE('',#2390,0.004);
#130=CYLINDRICAL_SURFACE('',#2391,0.004);
#131=CYLINDRICAL_SURFACE('',#2392,0.004);
#132=CYLINDRICAL_SURFACE('',#2393,0.004);
#133=CYLINDRICAL_SURFACE('',#2402,0.003);
#134=CYLINDRICAL_SURFACE('',#2405,0.003);
#135=CYLINDRICAL_SURFACE('',#2406,0.003);
#136=CYLINDRICAL_SURFACE('',#2409,0.003);
#137=CYLINDRICAL_SURFACE('',#2412,0.003);
#138=CYLINDRICAL_SURFACE('',#2415,0.003);
#139=CYLINDRICAL_SURFACE('',#2416,0.003);
#140=CYLINDRICAL_SURFACE('',#2417,0.003);
#141=CYLINDRICAL_SURFACE('',#2420,0.003);
#142=CYLINDRICAL_SURFACE('',#2423,0.003);
#143=CYLINDRICAL_SURFACE('',#2426,0.003);
#144=CYLINDRICAL_SURFACE('',#2435,0.002);
#145=CYLINDRICAL_SURFACE('',#2442,0.002);
#146=CYLINDRICAL_SURFACE('',#2453,0.002);
#147=CYLINDRICAL_SURFACE('',#2460,0.002);
#148=CYLINDRICAL_SURFACE('',#2465,0.0033);
#149=CYLINDRICAL_SURFACE('',#2471,0.005625);
#150=CYLINDRICAL_SURFACE('',#2482,0.004);
#151=CYLINDRICAL_SURFACE('',#2484,0.004);
#152=CYLINDRICAL_SURFACE('',#2486,0.004);
#153=CYLINDRICAL_SURFACE('',#2488,0.004);
#154=CYLINDRICAL_SURFACE('',#2490,0.004);
#155=CYLINDRICAL_SURFACE('',#2492,0.004);
#156=CIRCLE('',#2273,0.006125);
#157=CIRCLE('',#2275,0.006125);
#158=CIRCLE('',#2278,0.004);
#159=CIRCLE('',#2280,0.005);
#160=CIRCLE('',#2281,0.005);
#161=CIRCLE('',#2283,0.005);
#162=CIRCLE('',#2285,0.005);
#163=CIRCLE('',#2286,0.005);
#164=CIRCLE('',#2288,0.005);
#165=CIRCLE('',#2291,0.004);
#166=CIRCLE('',#2295,0.003);
#167=CIRCLE('',#2296,0.003);
#168=CIRCLE('',#2297,0.003);
#169=CIRCLE('',#2298,0.003);
#170=CIRCLE('',#2299,0.003);
#171=CIRCLE('',#2300,0.003);
#172=CIRCLE('',#2302,0.003);
#173=CIRCLE('',#2303,0.003);
#174=CIRCLE('',#2304,0.003);
#175=CIRCLE('',#2305,0.003);
#176=CIRCLE('',#2306,0.003);
#177=CIRCLE('',#2307,0.003);
#178=CIRCLE('',#2309,0.0033);
#179=CIRCLE('',#2310,0.0033);
#180=CIRCLE('',#2312,0.01);
#181=CIRCLE('',#2313,0.01);
#182=CIRCLE('',#2315,0.01);
#183=CIRCLE('',#2316,0.01);
#184=CIRCLE('',#2318,0.004);
#185=CIRCLE('',#2319,0.004);
#186=CIRCLE('',#2320,0.004);
#187=CIRCLE('',#2321,0.004);
#188=CIRCLE('',#2334,0.005);
#189=CIRCLE('',#2337,0.0035);
#190=CIRCLE('',#2338,0.0038);
#191=CIRCLE('',#2339,0.0038);
#192=CIRCLE('',#2340,0.0038);
#193=CIRCLE('',#2341,0.0102);
#194=CIRCLE('',#2342,0.0038);
#195=CIRCLE('',#2343,0.0038);
#196=CIRCLE('',#2344,0.0102);
#197=CIRCLE('',#2345,0.0038);
#198=CIRCLE('',#2347,0.005);
#199=CIRCLE('',#2349,0.004);
#200=CIRCLE('',#2350,0.004);
#201=CIRCLE('',#2352,0.006125);
#202=CIRCLE('',#2353,0.004);
#203=CIRCLE('',#2354,0.004);
#204=CIRCLE('',#2355,0.004);
#205=CIRCLE('',#2356,0.004);
#206=CIRCLE('',#2358,0.006125);
#207=CIRCLE('',#2360,0.006125);
#208=CIRCLE('',#2364,0.0038);
#209=CIRCLE('',#2365,0.0038);
#210=CIRCLE('',#2366,0.0038);
#211=CIRCLE('',#2368,0.0033);
#212=CIRCLE('',#2369,0.0033);
#213=CIRCLE('',#2371,0.0038);
#214=CIRCLE('',#2372,0.005625);
#215=CIRCLE('',#2374,0.005625);
#216=CIRCLE('',#2376,0.0033);
#217=CIRCLE('',#2377,0.0033);
#218=CIRCLE('',#2379,0.0038);
#219=CIRCLE('',#2380,0.005625);
#220=CIRCLE('',#2382,0.005625);
#221=CIRCLE('',#2403,0.003);
#222=CIRCLE('',#2408,0.003);
#223=CIRCLE('',#2410,0.003);
#224=CIRCLE('',#2414,0.003);
#225=CIRCLE('',#2418,0.003);
#226=CIRCLE('',#2422,0.003);
#227=CIRCLE('',#2424,0.003);
#228=CIRCLE('',#2428,0.003);
#229=CIRCLE('',#2430,0.002);
#230=CIRCLE('',#2431,0.002);
#231=CIRCLE('',#2432,0.002);
#232=CIRCLE('',#2434,0.002);
#233=CIRCLE('',#2436,0.002);
#234=CIRCLE('',#2437,0.002);
#235=CIRCLE('',#2439,0.002);
#236=CIRCLE('',#2440,0.002);
#237=CIRCLE('',#2441,0.002);
#238=CIRCLE('',#2443,0.002);
#239=CIRCLE('',#2444,0.002);
#240=CIRCLE('',#2445,0.002);
#241=CIRCLE('',#2448,0.002);
#242=CIRCLE('',#2449,0.002);
#243=CIRCLE('',#2450,0.002);
#244=CIRCLE('',#2452,0.002);
#245=CIRCLE('',#2454,0.002);
#246=CIRCLE('',#2455,0.002);
#247=CIRCLE('',#2457,0.002);
#248=CIRCLE('',#2458,0.002);
#249=CIRCLE('',#2459,0.002);
#250=CIRCLE('',#2461,0.002);
#251=CIRCLE('',#2462,0.002);
#252=CIRCLE('',#2463,0.002);
#253=CIRCLE('',#2466,0.0033);
#254=CIRCLE('',#2467,0.0033);
#255=CIRCLE('',#2469,0.0038);
#256=CIRCLE('',#2470,0.005625);
#257=CIRCLE('',#2472,0.005625);
#258=CIRCLE('',#2483,0.004);
#259=CIRCLE('',#2485,0.004);
#260=CIRCLE('',#2487,0.004);
#261=CIRCLE('',#2489,0.004);
#262=CIRCLE('',#2491,0.004);
#263=CIRCLE('',#2493,0.004);
#264=ORIENTED_EDGE('',*,*,#914,.T.);
#265=ORIENTED_EDGE('',*,*,#915,.T.);
#266=ORIENTED_EDGE('',*,*,#916,.T.);
#267=ORIENTED_EDGE('',*,*,#917,.T.);
#268=ORIENTED_EDGE('',*,*,#918,.F.);
#269=ORIENTED_EDGE('',*,*,#919,.T.);
#270=ORIENTED_EDGE('',*,*,#920,.T.);
#271=ORIENTED_EDGE('',*,*,#921,.T.);
#272=ORIENTED_EDGE('',*,*,#922,.F.);
#273=ORIENTED_EDGE('',*,*,#923,.T.);
#274=ORIENTED_EDGE('',*,*,#924,.F.);
#275=ORIENTED_EDGE('',*,*,#925,.T.);
#276=ORIENTED_EDGE('',*,*,#926,.F.);
#277=ORIENTED_EDGE('',*,*,#927,.T.);
#278=ORIENTED_EDGE('',*,*,#928,.F.);
#279=ORIENTED_EDGE('',*,*,#929,.F.);
#280=ORIENTED_EDGE('',*,*,#930,.T.);
#281=ORIENTED_EDGE('',*,*,#931,.T.);
#282=ORIENTED_EDGE('',*,*,#922,.T.);
#283=ORIENTED_EDGE('',*,*,#932,.T.);
#284=ORIENTED_EDGE('',*,*,#933,.T.);
#285=ORIENTED_EDGE('',*,*,#934,.T.);
#286=ORIENTED_EDGE('',*,*,#926,.T.);
#287=ORIENTED_EDGE('',*,*,#935,.F.);
#288=ORIENTED_EDGE('',*,*,#936,.T.);
#289=ORIENTED_EDGE('',*,*,#937,.T.);
#290=ORIENTED_EDGE('',*,*,#938,.F.);
#291=ORIENTED_EDGE('',*,*,#939,.T.);
#292=ORIENTED_EDGE('',*,*,#940,.T.);
#293=ORIENTED_EDGE('',*,*,#941,.T.);
#294=ORIENTED_EDGE('',*,*,#942,.F.);
#295=ORIENTED_EDGE('',*,*,#943,.F.);
#296=ORIENTED_EDGE('',*,*,#944,.F.);
#297=ORIENTED_EDGE('',*,*,#945,.T.);
#298=ORIENTED_EDGE('',*,*,#936,.F.);
#299=ORIENTED_EDGE('',*,*,#946,.T.);
#300=ORIENTED_EDGE('',*,*,#947,.F.);
#301=ORIENTED_EDGE('',*,*,#948,.T.);
#302=ORIENTED_EDGE('',*,*,#940,.F.);
#303=ORIENTED_EDGE('',*,*,#949,.F.);
#304=ORIENTED_EDGE('',*,*,#950,.F.);
#305=ORIENTED_EDGE('',*,*,#951,.T.);
#306=ORIENTED_EDGE('',*,*,#938,.T.);
#307=ORIENTED_EDGE('',*,*,#952,.T.);
#308=ORIENTED_EDGE('',*,*,#953,.T.);
#309=ORIENTED_EDGE('',*,*,#954,.T.);
#310=ORIENTED_EDGE('',*,*,#930,.F.);
#311=ORIENTED_EDGE('',*,*,#955,.T.);
#312=ORIENTED_EDGE('',*,*,#956,.F.);
#313=ORIENTED_EDGE('',*,*,#957,.T.);
#314=ORIENTED_EDGE('',*,*,#958,.T.);
#315=ORIENTED_EDGE('',*,*,#959,.T.);
#316=ORIENTED_EDGE('',*,*,#960,.F.);
#317=ORIENTED_EDGE('',*,*,#961,.T.);
#318=ORIENTED_EDGE('',*,*,#962,.T.);
#319=ORIENTED_EDGE('',*,*,#963,.T.);
#320=ORIENTED_EDGE('',*,*,#964,.T.);
#321=ORIENTED_EDGE('',*,*,#965,.T.);
#322=ORIENTED_EDGE('',*,*,#966,.F.);
#323=ORIENTED_EDGE('',*,*,#967,.T.);
#324=ORIENTED_EDGE('',*,*,#968,.F.);
#325=ORIENTED_EDGE('',*,*,#969,.T.);
#326=ORIENTED_EDGE('',*,*,#970,.T.);
#327=ORIENTED_EDGE('',*,*,#971,.T.);
#328=ORIENTED_EDGE('',*,*,#972,.F.);
#329=ORIENTED_EDGE('',*,*,#973,.T.);
#330=ORIENTED_EDGE('',*,*,#974,.F.);
#331=ORIENTED_EDGE('',*,*,#975,.T.);
#332=ORIENTED_EDGE('',*,*,#976,.T.);
#333=ORIENTED_EDGE('',*,*,#977,.T.);
#334=ORIENTED_EDGE('',*,*,#978,.T.);
#335=ORIENTED_EDGE('',*,*,#979,.T.);
#336=ORIENTED_EDGE('',*,*,#980,.T.);
#337=ORIENTED_EDGE('',*,*,#981,.T.);
#338=ORIENTED_EDGE('',*,*,#982,.T.);
#339=ORIENTED_EDGE('',*,*,#983,.T.);
#340=ORIENTED_EDGE('',*,*,#984,.F.);
#341=ORIENTED_EDGE('',*,*,#985,.T.);
#342=ORIENTED_EDGE('',*,*,#986,.T.);
#343=ORIENTED_EDGE('',*,*,#987,.T.);
#344=ORIENTED_EDGE('',*,*,#988,.T.);
#345=ORIENTED_EDGE('',*,*,#989,.T.);
#346=ORIENTED_EDGE('',*,*,#990,.T.);
#347=ORIENTED_EDGE('',*,*,#991,.T.);
#348=ORIENTED_EDGE('',*,*,#978,.F.);
#349=ORIENTED_EDGE('',*,*,#992,.T.);
#350=ORIENTED_EDGE('',*,*,#914,.F.);
#351=ORIENTED_EDGE('',*,*,#993,.T.);
#352=ORIENTED_EDGE('',*,*,#994,.F.);
#353=ORIENTED_EDGE('',*,*,#995,.T.);
#354=ORIENTED_EDGE('',*,*,#996,.T.);
#355=ORIENTED_EDGE('',*,*,#997,.F.);
#356=ORIENTED_EDGE('',*,*,#998,.F.);
#357=ORIENTED_EDGE('',*,*,#999,.T.);
#358=ORIENTED_EDGE('',*,*,#962,.F.);
#359=ORIENTED_EDGE('',*,*,#1000,.F.);
#360=ORIENTED_EDGE('',*,*,#1001,.T.);
#361=ORIENTED_EDGE('',*,*,#1002,.T.);
#362=ORIENTED_EDGE('',*,*,#921,.F.);
#363=ORIENTED_EDGE('',*,*,#1003,.T.);
#364=ORIENTED_EDGE('',*,*,#1004,.F.);
#365=ORIENTED_EDGE('',*,*,#1005,.T.);
#366=ORIENTED_EDGE('',*,*,#1006,.F.);
#367=ORIENTED_EDGE('',*,*,#1007,.T.);
#368=ORIENTED_EDGE('',*,*,#1008,.T.);
#369=ORIENTED_EDGE('',*,*,#1009,.T.);
#370=ORIENTED_EDGE('',*,*,#918,.T.);
#371=ORIENTED_EDGE('',*,*,#1002,.F.);
#372=ORIENTED_EDGE('',*,*,#1010,.T.);
#373=ORIENTED_EDGE('',*,*,#995,.F.);
#374=ORIENTED_EDGE('',*,*,#1011,.T.);
#375=ORIENTED_EDGE('',*,*,#1012,.T.);
#376=ORIENTED_EDGE('',*,*,#924,.T.);
#377=ORIENTED_EDGE('',*,*,#1013,.T.);
#378=ORIENTED_EDGE('',*,*,#1014,.T.);
#379=ORIENTED_EDGE('',*,*,#1015,.T.);
#380=ORIENTED_EDGE('',*,*,#1016,.T.);
#381=ORIENTED_EDGE('',*,*,#1017,.F.);
#382=ORIENTED_EDGE('',*,*,#1018,.T.);
#383=ORIENTED_EDGE('',*,*,#1019,.T.);
#384=ORIENTED_EDGE('',*,*,#928,.T.);
#385=ORIENTED_EDGE('',*,*,#1020,.T.);
#386=ORIENTED_EDGE('',*,*,#1021,.T.);
#387=ORIENTED_EDGE('',*,*,#1022,.T.);
#388=ORIENTED_EDGE('',*,*,#1023,.F.);
#389=ORIENTED_EDGE('',*,*,#1024,.F.);
#390=ORIENTED_EDGE('',*,*,#1025,.F.);
#391=ORIENTED_EDGE('',*,*,#1026,.F.);
#392=ORIENTED_EDGE('',*,*,#1027,.F.);
#393=ORIENTED_EDGE('',*,*,#1028,.F.);
#394=ORIENTED_EDGE('',*,*,#1029,.F.);
#395=ORIENTED_EDGE('',*,*,#1030,.T.);
#396=ORIENTED_EDGE('',*,*,#1031,.T.);
#397=ORIENTED_EDGE('',*,*,#1032,.T.);
#398=ORIENTED_EDGE('',*,*,#1033,.T.);
#399=ORIENTED_EDGE('',*,*,#1034,.T.);
#400=ORIENTED_EDGE('',*,*,#944,.T.);
#401=ORIENTED_EDGE('',*,*,#1035,.T.);
#402=ORIENTED_EDGE('',*,*,#1036,.T.);
#403=ORIENTED_EDGE('',*,*,#1037,.T.);
#404=ORIENTED_EDGE('',*,*,#947,.T.);
#405=ORIENTED_EDGE('',*,*,#1038,.F.);
#406=ORIENTED_EDGE('',*,*,#1039,.T.);
#407=ORIENTED_EDGE('',*,*,#1040,.T.);
#408=ORIENTED_EDGE('',*,*,#1041,.T.);
#409=ORIENTED_EDGE('',*,*,#1042,.T.);
#410=ORIENTED_EDGE('',*,*,#958,.F.);
#411=ORIENTED_EDGE('',*,*,#1043,.T.);
#412=ORIENTED_EDGE('',*,*,#1044,.T.);
#413=ORIENTED_EDGE('',*,*,#1045,.T.);
#414=ORIENTED_EDGE('',*,*,#942,.T.);
#415=ORIENTED_EDGE('',*,*,#1046,.T.);
#416=ORIENTED_EDGE('',*,*,#1047,.T.);
#417=ORIENTED_EDGE('',*,*,#1048,.T.);
#418=ORIENTED_EDGE('',*,*,#933,.F.);
#419=ORIENTED_EDGE('',*,*,#1049,.F.);
#420=ORIENTED_EDGE('',*,*,#1050,.T.);
#421=ORIENTED_EDGE('',*,*,#1051,.T.);
#422=ORIENTED_EDGE('',*,*,#1052,.T.);
#423=ORIENTED_EDGE('',*,*,#1053,.T.);
#424=ORIENTED_EDGE('',*,*,#1054,.T.);
#425=ORIENTED_EDGE('',*,*,#1055,.T.);
#426=ORIENTED_EDGE('',*,*,#1056,.T.);
#427=ORIENTED_EDGE('',*,*,#1057,.T.);
#428=ORIENTED_EDGE('',*,*,#1058,.T.);
#429=ORIENTED_EDGE('',*,*,#1059,.T.);
#430=ORIENTED_EDGE('',*,*,#1060,.T.);
#431=ORIENTED_EDGE('',*,*,#1061,.T.);
#432=ORIENTED_EDGE('',*,*,#1062,.T.);
#433=ORIENTED_EDGE('',*,*,#1063,.T.);
#434=ORIENTED_EDGE('',*,*,#1064,.T.);
#435=ORIENTED_EDGE('',*,*,#1065,.T.);
#436=ORIENTED_EDGE('',*,*,#1066,.T.);
#437=ORIENTED_EDGE('',*,*,#1067,.T.);
#438=ORIENTED_EDGE('',*,*,#1068,.T.);
#439=ORIENTED_EDGE('',*,*,#960,.T.);
#440=ORIENTED_EDGE('',*,*,#1069,.T.);
#441=ORIENTED_EDGE('',*,*,#1070,.T.);
#442=ORIENTED_EDGE('',*,*,#1071,.T.);
#443=ORIENTED_EDGE('',*,*,#1072,.T.);
#444=ORIENTED_EDGE('',*,*,#1073,.T.);
#445=ORIENTED_EDGE('',*,*,#1038,.T.);
#446=ORIENTED_EDGE('',*,*,#949,.T.);
#447=ORIENTED_EDGE('',*,*,#943,.T.);
#448=ORIENTED_EDGE('',*,*,#1049,.T.);
#449=ORIENTED_EDGE('',*,*,#935,.T.);
#450=ORIENTED_EDGE('',*,*,#929,.T.);
#451=ORIENTED_EDGE('',*,*,#1019,.F.);
#452=ORIENTED_EDGE('',*,*,#1074,.T.);
#453=ORIENTED_EDGE('',*,*,#1031,.F.);
#454=ORIENTED_EDGE('',*,*,#1075,.T.);
#455=ORIENTED_EDGE('',*,*,#1076,.T.);
#456=ORIENTED_EDGE('',*,*,#1040,.F.);
#457=ORIENTED_EDGE('',*,*,#1077,.T.);
#458=ORIENTED_EDGE('',*,*,#1029,.T.);
#459=ORIENTED_EDGE('',*,*,#1078,.T.);
#460=ORIENTED_EDGE('',*,*,#1017,.T.);
#461=ORIENTED_EDGE('',*,*,#1079,.T.);
#462=ORIENTED_EDGE('',*,*,#1069,.F.);
#463=ORIENTED_EDGE('',*,*,#959,.F.);
#464=ORIENTED_EDGE('',*,*,#1045,.F.);
#465=ORIENTED_EDGE('',*,*,#1080,.T.);
#466=ORIENTED_EDGE('',*,*,#1081,.T.);
#467=ORIENTED_EDGE('',*,*,#1082,.T.);
#468=ORIENTED_EDGE('',*,*,#998,.T.);
#469=ORIENTED_EDGE('',*,*,#1083,.T.);
#470=ORIENTED_EDGE('',*,*,#1084,.T.);
#471=ORIENTED_EDGE('',*,*,#1085,.T.);
#472=ORIENTED_EDGE('',*,*,#1011,.F.);
#473=ORIENTED_EDGE('',*,*,#994,.T.);
#474=ORIENTED_EDGE('',*,*,#1086,.T.);
#475=ORIENTED_EDGE('',*,*,#1087,.T.);
#476=ORIENTED_EDGE('',*,*,#1088,.T.);
#477=ORIENTED_EDGE('',*,*,#1008,.F.);
#478=ORIENTED_EDGE('',*,*,#1089,.T.);
#479=ORIENTED_EDGE('',*,*,#1090,.T.);
#480=ORIENTED_EDGE('',*,*,#1091,.T.);
#481=ORIENTED_EDGE('',*,*,#1004,.T.);
#482=ORIENTED_EDGE('',*,*,#1092,.T.);
#483=ORIENTED_EDGE('',*,*,#1093,.T.);
#484=ORIENTED_EDGE('',*,*,#1094,.T.);
#485=ORIENTED_EDGE('',*,*,#1095,.T.);
#486=ORIENTED_EDGE('',*,*,#1096,.T.);
#487=ORIENTED_EDGE('',*,*,#1097,.T.);
#488=ORIENTED_EDGE('',*,*,#1006,.T.);
#489=ORIENTED_EDGE('',*,*,#1098,.T.);
#490=ORIENTED_EDGE('',*,*,#1099,.T.);
#491=ORIENTED_EDGE('',*,*,#1100,.T.);
#492=ORIENTED_EDGE('',*,*,#1101,.F.);
#493=ORIENTED_EDGE('',*,*,#1102,.T.);
#494=ORIENTED_EDGE('',*,*,#1103,.T.);
#495=ORIENTED_EDGE('',*,*,#1101,.T.);
#496=ORIENTED_EDGE('',*,*,#1104,.T.);
#497=ORIENTED_EDGE('',*,*,#1105,.T.);
#498=ORIENTED_EDGE('',*,*,#1106,.T.);
#499=ORIENTED_EDGE('',*,*,#1107,.F.);
#500=ORIENTED_EDGE('',*,*,#1108,.T.);
#501=ORIENTED_EDGE('',*,*,#1109,.T.);
#502=ORIENTED_EDGE('',*,*,#1107,.T.);
#503=ORIENTED_EDGE('',*,*,#1023,.T.);
#504=ORIENTED_EDGE('',*,*,#1110,.F.);
#505=ORIENTED_EDGE('',*,*,#1111,.F.);
#506=ORIENTED_EDGE('',*,*,#1112,.T.);
#507=ORIENTED_EDGE('',*,*,#1028,.T.);
#508=ORIENTED_EDGE('',*,*,#1113,.F.);
#509=ORIENTED_EDGE('',*,*,#1114,.F.);
#510=ORIENTED_EDGE('',*,*,#1110,.T.);
#511=ORIENTED_EDGE('',*,*,#1027,.T.);
#512=ORIENTED_EDGE('',*,*,#1115,.F.);
#513=ORIENTED_EDGE('',*,*,#1116,.F.);
#514=ORIENTED_EDGE('',*,*,#1113,.T.);
#515=ORIENTED_EDGE('',*,*,#1026,.T.);
#516=ORIENTED_EDGE('',*,*,#1117,.F.);
#517=ORIENTED_EDGE('',*,*,#1118,.F.);
#518=ORIENTED_EDGE('',*,*,#1115,.T.);
#519=ORIENTED_EDGE('',*,*,#1025,.T.);
#520=ORIENTED_EDGE('',*,*,#1119,.F.);
#521=ORIENTED_EDGE('',*,*,#1120,.F.);
#522=ORIENTED_EDGE('',*,*,#1117,.T.);
#523=ORIENTED_EDGE('',*,*,#1024,.T.);
#524=ORIENTED_EDGE('',*,*,#1112,.F.);
#525=ORIENTED_EDGE('',*,*,#1121,.F.);
#526=ORIENTED_EDGE('',*,*,#1119,.T.);
#527=ORIENTED_EDGE('',*,*,#991,.F.);
#528=ORIENTED_EDGE('',*,*,#1111,.T.);
#529=ORIENTED_EDGE('',*,*,#1114,.T.);
#530=ORIENTED_EDGE('',*,*,#1116,.T.);
#531=ORIENTED_EDGE('',*,*,#1118,.T.);
#532=ORIENTED_EDGE('',*,*,#1120,.T.);
#533=ORIENTED_EDGE('',*,*,#1121,.T.);
#534=ORIENTED_EDGE('',*,*,#1044,.F.);
#535=ORIENTED_EDGE('',*,*,#1122,.T.);
#536=ORIENTED_EDGE('',*,*,#1041,.F.);
#537=ORIENTED_EDGE('',*,*,#1080,.F.);
#538=ORIENTED_EDGE('',*,*,#1016,.F.);
#539=ORIENTED_EDGE('',*,*,#1123,.T.);
#540=ORIENTED_EDGE('',*,*,#1067,.F.);
#541=ORIENTED_EDGE('',*,*,#1079,.F.);
#542=ORIENTED_EDGE('',*,*,#1075,.F.);
#543=ORIENTED_EDGE('',*,*,#1030,.F.);
#544=ORIENTED_EDGE('',*,*,#1077,.F.);
#545=ORIENTED_EDGE('',*,*,#1039,.F.);
#546=ORIENTED_EDGE('',*,*,#1074,.F.);
#547=ORIENTED_EDGE('',*,*,#1018,.F.);
#548=ORIENTED_EDGE('',*,*,#1078,.F.);
#549=ORIENTED_EDGE('',*,*,#1032,.F.);
#550=ORIENTED_EDGE('',*,*,#1124,.T.);
#551=ORIENTED_EDGE('',*,*,#1125,.T.);
#552=ORIENTED_EDGE('',*,*,#1126,.T.);
#553=ORIENTED_EDGE('',*,*,#968,.T.);
#554=ORIENTED_EDGE('',*,*,#1127,.T.);
#555=ORIENTED_EDGE('',*,*,#1128,.T.);
#556=ORIENTED_EDGE('',*,*,#1129,.T.);
#557=ORIENTED_EDGE('',*,*,#986,.F.);
#558=ORIENTED_EDGE('',*,*,#966,.T.);
#559=ORIENTED_EDGE('',*,*,#1130,.T.);
#560=ORIENTED_EDGE('',*,*,#988,.F.);
#561=ORIENTED_EDGE('',*,*,#1131,.T.);
#562=ORIENTED_EDGE('',*,*,#1132,.T.);
#563=ORIENTED_EDGE('',*,*,#1047,.F.);
#564=ORIENTED_EDGE('',*,*,#1133,.T.);
#565=ORIENTED_EDGE('',*,*,#1134,.T.);
#566=ORIENTED_EDGE('',*,*,#984,.T.);
#567=ORIENTED_EDGE('',*,*,#1135,.T.);
#568=ORIENTED_EDGE('',*,*,#970,.F.);
#569=ORIENTED_EDGE('',*,*,#1136,.T.);
#570=ORIENTED_EDGE('',*,*,#1137,.T.);
#571=ORIENTED_EDGE('',*,*,#950,.T.);
#572=ORIENTED_EDGE('',*,*,#1138,.T.);
#573=ORIENTED_EDGE('',*,*,#1139,.T.);
#574=ORIENTED_EDGE('',*,*,#1140,.T.);
#575=ORIENTED_EDGE('',*,*,#1141,.T.);
#576=ORIENTED_EDGE('',*,*,#1142,.T.);
#577=ORIENTED_EDGE('',*,*,#974,.T.);
#578=ORIENTED_EDGE('',*,*,#1143,.T.);
#579=ORIENTED_EDGE('',*,*,#1144,.T.);
#580=ORIENTED_EDGE('',*,*,#1145,.T.);
#581=ORIENTED_EDGE('',*,*,#980,.F.);
#582=ORIENTED_EDGE('',*,*,#956,.T.);
#583=ORIENTED_EDGE('',*,*,#1146,.T.);
#584=ORIENTED_EDGE('',*,*,#1147,.T.);
#585=ORIENTED_EDGE('',*,*,#997,.T.);
#586=ORIENTED_EDGE('',*,*,#1148,.T.);
#587=ORIENTED_EDGE('',*,*,#1000,.T.);
#588=ORIENTED_EDGE('',*,*,#1149,.T.);
#589=ORIENTED_EDGE('',*,*,#1150,.T.);
#590=ORIENTED_EDGE('',*,*,#953,.F.);
#591=ORIENTED_EDGE('',*,*,#1151,.T.);
#592=ORIENTED_EDGE('',*,*,#1152,.T.);
#593=ORIENTED_EDGE('',*,*,#972,.T.);
#594=ORIENTED_EDGE('',*,*,#1153,.T.);
#595=ORIENTED_EDGE('',*,*,#982,.F.);
#596=ORIENTED_EDGE('',*,*,#1154,.T.);
#597=ORIENTED_EDGE('',*,*,#1155,.T.);
#598=ORIENTED_EDGE('',*,*,#1147,.F.);
#599=ORIENTED_EDGE('',*,*,#1156,.T.);
#600=ORIENTED_EDGE('',*,*,#1157,.T.);
#601=ORIENTED_EDGE('',*,*,#1158,.T.);
#602=ORIENTED_EDGE('',*,*,#1143,.F.);
#603=ORIENTED_EDGE('',*,*,#979,.F.);
#604=ORIENTED_EDGE('',*,*,#1010,.F.);
#605=ORIENTED_EDGE('',*,*,#1001,.F.);
#606=ORIENTED_EDGE('',*,*,#1148,.F.);
#607=ORIENTED_EDGE('',*,*,#996,.F.);
#608=ORIENTED_EDGE('',*,*,#1142,.F.);
#609=ORIENTED_EDGE('',*,*,#1159,.T.);
#610=ORIENTED_EDGE('',*,*,#1160,.T.);
#611=ORIENTED_EDGE('',*,*,#1161,.T.);
#612=ORIENTED_EDGE('',*,*,#1149,.F.);
#613=ORIENTED_EDGE('',*,*,#975,.F.);
#614=ORIENTED_EDGE('',*,*,#1152,.F.);
#615=ORIENTED_EDGE('',*,*,#1162,.T.);
#616=ORIENTED_EDGE('',*,*,#1163,.T.);
#617=ORIENTED_EDGE('',*,*,#1164,.T.);
#618=ORIENTED_EDGE('',*,*,#1140,.F.);
#619=ORIENTED_EDGE('',*,*,#973,.F.);
#620=ORIENTED_EDGE('',*,*,#1145,.F.);
#621=ORIENTED_EDGE('',*,*,#1165,.T.);
#622=ORIENTED_EDGE('',*,*,#1166,.T.);
#623=ORIENTED_EDGE('',*,*,#1167,.T.);
#624=ORIENTED_EDGE('',*,*,#1154,.F.);
#625=ORIENTED_EDGE('',*,*,#981,.F.);
#626=ORIENTED_EDGE('',*,*,#1135,.F.);
#627=ORIENTED_EDGE('',*,*,#983,.F.);
#628=ORIENTED_EDGE('',*,*,#1153,.F.);
#629=ORIENTED_EDGE('',*,*,#971,.F.);
#630=ORIENTED_EDGE('',*,*,#1073,.F.);
#631=ORIENTED_EDGE('',*,*,#1168,.T.);
#632=ORIENTED_EDGE('',*,*,#989,.F.);
#633=ORIENTED_EDGE('',*,*,#1130,.F.);
#634=ORIENTED_EDGE('',*,*,#965,.F.);
#635=ORIENTED_EDGE('',*,*,#1169,.T.);
#636=ORIENTED_EDGE('',*,*,#1139,.F.);
#637=ORIENTED_EDGE('',*,*,#1170,.T.);
#638=ORIENTED_EDGE('',*,*,#1171,.T.);
#639=ORIENTED_EDGE('',*,*,#1172,.T.);
#640=ORIENTED_EDGE('',*,*,#1127,.F.);
#641=ORIENTED_EDGE('',*,*,#985,.F.);
#642=ORIENTED_EDGE('',*,*,#1126,.F.);
#643=ORIENTED_EDGE('',*,*,#1173,.T.);
#644=ORIENTED_EDGE('',*,*,#1174,.T.);
#645=ORIENTED_EDGE('',*,*,#1175,.T.);
#646=ORIENTED_EDGE('',*,*,#1136,.F.);
#647=ORIENTED_EDGE('',*,*,#969,.F.);
#648=ORIENTED_EDGE('',*,*,#1134,.F.);
#649=ORIENTED_EDGE('',*,*,#1176,.T.);
#650=ORIENTED_EDGE('',*,*,#1177,.T.);
#651=ORIENTED_EDGE('',*,*,#1178,.T.);
#652=ORIENTED_EDGE('',*,*,#1124,.F.);
#653=ORIENTED_EDGE('',*,*,#967,.F.);
#654=ORIENTED_EDGE('',*,*,#1129,.F.);
#655=ORIENTED_EDGE('',*,*,#1179,.T.);
#656=ORIENTED_EDGE('',*,*,#1180,.T.);
#657=ORIENTED_EDGE('',*,*,#1181,.T.);
#658=ORIENTED_EDGE('',*,*,#1131,.F.);
#659=ORIENTED_EDGE('',*,*,#987,.F.);
#660=ORIENTED_EDGE('',*,*,#1150,.F.);
#661=ORIENTED_EDGE('',*,*,#1161,.F.);
#662=ORIENTED_EDGE('',*,*,#1182,.F.);
#663=ORIENTED_EDGE('',*,*,#1043,.F.);
#664=ORIENTED_EDGE('',*,*,#957,.F.);
#665=ORIENTED_EDGE('',*,*,#1182,.T.);
#666=ORIENTED_EDGE('',*,*,#1160,.F.);
#667=ORIENTED_EDGE('',*,*,#1183,.F.);
#668=ORIENTED_EDGE('',*,*,#1122,.F.);
#669=ORIENTED_EDGE('',*,*,#1183,.T.);
#670=ORIENTED_EDGE('',*,*,#1159,.F.);
#671=ORIENTED_EDGE('',*,*,#1184,.F.);
#672=ORIENTED_EDGE('',*,*,#1042,.F.);
#673=ORIENTED_EDGE('',*,*,#952,.F.);
#674=ORIENTED_EDGE('',*,*,#937,.F.);
#675=ORIENTED_EDGE('',*,*,#1185,.F.);
#676=ORIENTED_EDGE('',*,*,#1162,.F.);
#677=ORIENTED_EDGE('',*,*,#1151,.F.);
#678=ORIENTED_EDGE('',*,*,#1184,.T.);
#679=ORIENTED_EDGE('',*,*,#1141,.F.);
#680=ORIENTED_EDGE('',*,*,#1186,.F.);
#681=ORIENTED_EDGE('',*,*,#1033,.F.);
#682=ORIENTED_EDGE('',*,*,#1185,.T.);
#683=ORIENTED_EDGE('',*,*,#945,.F.);
#684=ORIENTED_EDGE('',*,*,#1187,.F.);
#685=ORIENTED_EDGE('',*,*,#1163,.F.);
#686=ORIENTED_EDGE('',*,*,#1186,.T.);
#687=ORIENTED_EDGE('',*,*,#1164,.F.);
#688=ORIENTED_EDGE('',*,*,#1187,.T.);
#689=ORIENTED_EDGE('',*,*,#1034,.F.);
#690=ORIENTED_EDGE('',*,*,#961,.F.);
#691=ORIENTED_EDGE('',*,*,#1068,.F.);
#692=ORIENTED_EDGE('',*,*,#1188,.F.);
#693=ORIENTED_EDGE('',*,*,#1156,.F.);
#694=ORIENTED_EDGE('',*,*,#1146,.F.);
#695=ORIENTED_EDGE('',*,*,#1188,.T.);
#696=ORIENTED_EDGE('',*,*,#1123,.F.);
#697=ORIENTED_EDGE('',*,*,#1189,.F.);
#698=ORIENTED_EDGE('',*,*,#1157,.F.);
#699=ORIENTED_EDGE('',*,*,#1189,.T.);
#700=ORIENTED_EDGE('',*,*,#1015,.F.);
#701=ORIENTED_EDGE('',*,*,#1190,.F.);
#702=ORIENTED_EDGE('',*,*,#1158,.F.);
#703=ORIENTED_EDGE('',*,*,#1190,.T.);
#704=ORIENTED_EDGE('',*,*,#1014,.F.);
#705=ORIENTED_EDGE('',*,*,#1191,.F.);
#706=ORIENTED_EDGE('',*,*,#1144,.F.);
#707=ORIENTED_EDGE('',*,*,#1191,.T.);
#708=ORIENTED_EDGE('',*,*,#1013,.F.);
#709=ORIENTED_EDGE('',*,*,#1192,.F.);
#710=ORIENTED_EDGE('',*,*,#1165,.F.);
#711=ORIENTED_EDGE('',*,*,#1192,.T.);
#712=ORIENTED_EDGE('',*,*,#923,.F.);
#713=ORIENTED_EDGE('',*,*,#1193,.F.);
#714=ORIENTED_EDGE('',*,*,#1166,.F.);
#715=ORIENTED_EDGE('',*,*,#1155,.F.);
#716=ORIENTED_EDGE('',*,*,#1167,.F.);
#717=ORIENTED_EDGE('',*,*,#1193,.T.);
#718=ORIENTED_EDGE('',*,*,#931,.F.);
#719=ORIENTED_EDGE('',*,*,#954,.F.);
#720=ORIENTED_EDGE('',*,*,#1137,.F.);
#721=ORIENTED_EDGE('',*,*,#1175,.F.);
#722=ORIENTED_EDGE('',*,*,#1194,.F.);
#723=ORIENTED_EDGE('',*,*,#939,.F.);
#724=ORIENTED_EDGE('',*,*,#951,.F.);
#725=ORIENTED_EDGE('',*,*,#1194,.T.);
#726=ORIENTED_EDGE('',*,*,#1174,.F.);
#727=ORIENTED_EDGE('',*,*,#1195,.F.);
#728=ORIENTED_EDGE('',*,*,#946,.F.);
#729=ORIENTED_EDGE('',*,*,#1195,.T.);
#730=ORIENTED_EDGE('',*,*,#1173,.F.);
#731=ORIENTED_EDGE('',*,*,#1196,.F.);
#732=ORIENTED_EDGE('',*,*,#1035,.F.);
#733=ORIENTED_EDGE('',*,*,#1046,.F.);
#734=ORIENTED_EDGE('',*,*,#941,.F.);
#735=ORIENTED_EDGE('',*,*,#1197,.F.);
#736=ORIENTED_EDGE('',*,*,#1176,.F.);
#737=ORIENTED_EDGE('',*,*,#1133,.F.);
#738=ORIENTED_EDGE('',*,*,#1196,.T.);
#739=ORIENTED_EDGE('',*,*,#1125,.F.);
#740=ORIENTED_EDGE('',*,*,#1198,.F.);
#741=ORIENTED_EDGE('',*,*,#1036,.F.);
#742=ORIENTED_EDGE('',*,*,#1197,.T.);
#743=ORIENTED_EDGE('',*,*,#948,.F.);
#744=ORIENTED_EDGE('',*,*,#1199,.F.);
#745=ORIENTED_EDGE('',*,*,#1177,.F.);
#746=ORIENTED_EDGE('',*,*,#1198,.T.);
#747=ORIENTED_EDGE('',*,*,#1178,.F.);
#748=ORIENTED_EDGE('',*,*,#1199,.T.);
#749=ORIENTED_EDGE('',*,*,#1037,.F.);
#750=ORIENTED_EDGE('',*,*,#955,.F.);
#751=ORIENTED_EDGE('',*,*,#932,.F.);
#752=ORIENTED_EDGE('',*,*,#1200,.F.);
#753=ORIENTED_EDGE('',*,*,#1170,.F.);
#754=ORIENTED_EDGE('',*,*,#1138,.F.);
#755=ORIENTED_EDGE('',*,*,#1200,.T.);
#756=ORIENTED_EDGE('',*,*,#925,.F.);
#757=ORIENTED_EDGE('',*,*,#1201,.F.);
#758=ORIENTED_EDGE('',*,*,#1171,.F.);
#759=ORIENTED_EDGE('',*,*,#1201,.T.);
#760=ORIENTED_EDGE('',*,*,#1022,.F.);
#761=ORIENTED_EDGE('',*,*,#1202,.F.);
#762=ORIENTED_EDGE('',*,*,#1172,.F.);
#763=ORIENTED_EDGE('',*,*,#1202,.T.);
#764=ORIENTED_EDGE('',*,*,#1021,.F.);
#765=ORIENTED_EDGE('',*,*,#1203,.F.);
#766=ORIENTED_EDGE('',*,*,#1128,.F.);
#767=ORIENTED_EDGE('',*,*,#1203,.T.);
#768=ORIENTED_EDGE('',*,*,#1020,.F.);
#769=ORIENTED_EDGE('',*,*,#1204,.F.);
#770=ORIENTED_EDGE('',*,*,#1179,.F.);
#771=ORIENTED_EDGE('',*,*,#1204,.T.);
#772=ORIENTED_EDGE('',*,*,#927,.F.);
#773=ORIENTED_EDGE('',*,*,#1205,.F.);
#774=ORIENTED_EDGE('',*,*,#1180,.F.);
#775=ORIENTED_EDGE('',*,*,#1132,.F.);
#776=ORIENTED_EDGE('',*,*,#1181,.F.);
#777=ORIENTED_EDGE('',*,*,#1205,.T.);
#778=ORIENTED_EDGE('',*,*,#934,.F.);
#779=ORIENTED_EDGE('',*,*,#1048,.F.);
#780=ORIENTED_EDGE('',*,*,#1206,.T.);
#781=ORIENTED_EDGE('',*,*,#1207,.T.);
#782=ORIENTED_EDGE('',*,*,#1208,.T.);
#783=ORIENTED_EDGE('',*,*,#1209,.F.);
#784=ORIENTED_EDGE('',*,*,#1210,.T.);
#785=ORIENTED_EDGE('',*,*,#1209,.T.);
#786=ORIENTED_EDGE('',*,*,#1206,.F.);
#787=ORIENTED_EDGE('',*,*,#1208,.F.);
#788=ORIENTED_EDGE('',*,*,#1210,.F.);
#789=ORIENTED_EDGE('',*,*,#1076,.F.);
#790=ORIENTED_EDGE('',*,*,#1094,.F.);
#791=ORIENTED_EDGE('',*,*,#1207,.F.);
#792=ORIENTED_EDGE('',*,*,#1099,.F.);
#793=ORIENTED_EDGE('',*,*,#1100,.F.);
#794=ORIENTED_EDGE('',*,*,#1105,.F.);
#795=ORIENTED_EDGE('',*,*,#1106,.F.);
#796=ORIENTED_EDGE('',*,*,#917,.F.);
#797=ORIENTED_EDGE('',*,*,#1211,.T.);
#798=ORIENTED_EDGE('',*,*,#1084,.F.);
#799=ORIENTED_EDGE('',*,*,#1212,.F.);
#800=ORIENTED_EDGE('',*,*,#1108,.F.);
#801=ORIENTED_EDGE('',*,*,#1213,.F.);
#802=ORIENTED_EDGE('',*,*,#1212,.T.);
#803=ORIENTED_EDGE('',*,*,#993,.F.);
#804=ORIENTED_EDGE('',*,*,#1213,.T.);
#805=ORIENTED_EDGE('',*,*,#1109,.F.);
#806=ORIENTED_EDGE('',*,*,#920,.F.);
#807=ORIENTED_EDGE('',*,*,#1214,.T.);
#808=ORIENTED_EDGE('',*,*,#1083,.F.);
#809=ORIENTED_EDGE('',*,*,#1215,.F.);
#810=ORIENTED_EDGE('',*,*,#1102,.F.);
#811=ORIENTED_EDGE('',*,*,#1216,.F.);
#812=ORIENTED_EDGE('',*,*,#1215,.T.);
#813=ORIENTED_EDGE('',*,*,#1003,.F.);
#814=ORIENTED_EDGE('',*,*,#1216,.T.);
#815=ORIENTED_EDGE('',*,*,#1103,.F.);
#816=ORIENTED_EDGE('',*,*,#1092,.F.);
#817=ORIENTED_EDGE('',*,*,#1098,.F.);
#818=ORIENTED_EDGE('',*,*,#1093,.F.);
#819=ORIENTED_EDGE('',*,*,#1104,.F.);
#820=ORIENTED_EDGE('',*,*,#1097,.F.);
#821=ORIENTED_EDGE('',*,*,#1217,.T.);
#822=ORIENTED_EDGE('',*,*,#1086,.F.);
#823=ORIENTED_EDGE('',*,*,#1007,.F.);
#824=ORIENTED_EDGE('',*,*,#1088,.F.);
#825=ORIENTED_EDGE('',*,*,#1218,.T.);
#826=ORIENTED_EDGE('',*,*,#1081,.F.);
#827=ORIENTED_EDGE('',*,*,#1214,.F.);
#828=ORIENTED_EDGE('',*,*,#919,.F.);
#829=ORIENTED_EDGE('',*,*,#1009,.F.);
#830=ORIENTED_EDGE('',*,*,#964,.F.);
#831=ORIENTED_EDGE('',*,*,#1219,.T.);
#832=ORIENTED_EDGE('',*,*,#1070,.F.);
#833=ORIENTED_EDGE('',*,*,#1169,.F.);
#834=ORIENTED_EDGE('',*,*,#1091,.F.);
#835=ORIENTED_EDGE('',*,*,#1220,.T.);
#836=ORIENTED_EDGE('',*,*,#1095,.F.);
#837=ORIENTED_EDGE('',*,*,#1005,.F.);
#838=ORIENTED_EDGE('',*,*,#916,.F.);
#839=ORIENTED_EDGE('',*,*,#1221,.T.);
#840=ORIENTED_EDGE('',*,*,#1089,.F.);
#841=ORIENTED_EDGE('',*,*,#1012,.F.);
#842=ORIENTED_EDGE('',*,*,#1085,.F.);
#843=ORIENTED_EDGE('',*,*,#1211,.F.);
#844=ORIENTED_EDGE('',*,*,#1072,.F.);
#845=ORIENTED_EDGE('',*,*,#1222,.T.);
#846=ORIENTED_EDGE('',*,*,#976,.F.);
#847=ORIENTED_EDGE('',*,*,#1168,.F.);
#848=ORIENTED_EDGE('',*,*,#990,.F.);
#849=ORIENTED_EDGE('',*,*,#1050,.F.);
#850=ORIENTED_EDGE('',*,*,#1223,.F.);
#851=ORIENTED_EDGE('',*,*,#1060,.F.);
#852=ORIENTED_EDGE('',*,*,#1224,.F.);
#853=ORIENTED_EDGE('',*,*,#1071,.F.);
#854=ORIENTED_EDGE('',*,*,#1224,.T.);
#855=ORIENTED_EDGE('',*,*,#1059,.F.);
#856=ORIENTED_EDGE('',*,*,#1225,.F.);
#857=ORIENTED_EDGE('',*,*,#1222,.F.);
#858=ORIENTED_EDGE('',*,*,#1223,.T.);
#859=ORIENTED_EDGE('',*,*,#1219,.F.);
#860=ORIENTED_EDGE('',*,*,#1226,.F.);
#861=ORIENTED_EDGE('',*,*,#1061,.F.);
#862=ORIENTED_EDGE('',*,*,#1225,.T.);
#863=ORIENTED_EDGE('',*,*,#1058,.F.);
#864=ORIENTED_EDGE('',*,*,#1227,.F.);
#865=ORIENTED_EDGE('',*,*,#977,.F.);
#866=ORIENTED_EDGE('',*,*,#1226,.T.);
#867=ORIENTED_EDGE('',*,*,#963,.F.);
#868=ORIENTED_EDGE('',*,*,#1228,.F.);
#869=ORIENTED_EDGE('',*,*,#1062,.F.);
#870=ORIENTED_EDGE('',*,*,#1227,.T.);
#871=ORIENTED_EDGE('',*,*,#1057,.F.);
#872=ORIENTED_EDGE('',*,*,#1229,.F.);
#873=ORIENTED_EDGE('',*,*,#992,.F.);
#874=ORIENTED_EDGE('',*,*,#1228,.T.);
#875=ORIENTED_EDGE('',*,*,#999,.F.);
#876=ORIENTED_EDGE('',*,*,#1230,.F.);
#877=ORIENTED_EDGE('',*,*,#1063,.F.);
#878=ORIENTED_EDGE('',*,*,#1229,.T.);
#879=ORIENTED_EDGE('',*,*,#1056,.F.);
#880=ORIENTED_EDGE('',*,*,#1231,.F.);
#881=ORIENTED_EDGE('',*,*,#915,.F.);
#882=ORIENTED_EDGE('',*,*,#1230,.T.);
#883=ORIENTED_EDGE('',*,*,#1082,.F.);
#884=ORIENTED_EDGE('',*,*,#1232,.F.);
#885=ORIENTED_EDGE('',*,*,#1064,.F.);
#886=ORIENTED_EDGE('',*,*,#1231,.T.);
#887=ORIENTED_EDGE('',*,*,#1055,.F.);
#888=ORIENTED_EDGE('',*,*,#1233,.F.);
#889=ORIENTED_EDGE('',*,*,#1221,.F.);
#890=ORIENTED_EDGE('',*,*,#1232,.T.);
#891=ORIENTED_EDGE('',*,*,#1218,.F.);
#892=ORIENTED_EDGE('',*,*,#1234,.F.);
#893=ORIENTED_EDGE('',*,*,#1065,.F.);
#894=ORIENTED_EDGE('',*,*,#1233,.T.);
#895=ORIENTED_EDGE('',*,*,#1054,.F.);
#896=ORIENTED_EDGE('',*,*,#1235,.F.);
#897=ORIENTED_EDGE('',*,*,#1090,.F.);
#898=ORIENTED_EDGE('',*,*,#1234,.T.);
#899=ORIENTED_EDGE('',*,*,#1087,.F.);
#900=ORIENTED_EDGE('',*,*,#1236,.F.);
#901=ORIENTED_EDGE('',*,*,#1066,.F.);
#902=ORIENTED_EDGE('',*,*,#1235,.T.);
#903=ORIENTED_EDGE('',*,*,#1053,.F.);
#904=ORIENTED_EDGE('',*,*,#1237,.F.);
#905=ORIENTED_EDGE('',*,*,#1220,.F.);
#906=ORIENTED_EDGE('',*,*,#1236,.T.);
#907=ORIENTED_EDGE('',*,*,#1217,.F.);
#908=ORIENTED_EDGE('',*,*,#1238,.F.);
#909=ORIENTED_EDGE('',*,*,#1051,.F.);
#910=ORIENTED_EDGE('',*,*,#1237,.T.);
#911=ORIENTED_EDGE('',*,*,#1052,.F.);
#912=ORIENTED_EDGE('',*,*,#1238,.T.);
#913=ORIENTED_EDGE('',*,*,#1096,.F.);
#914=EDGE_CURVE('',#1239,#1240,#1447,.T.);
#915=EDGE_CURVE('',#1240,#1241,#1448,.T.);
#916=EDGE_CURVE('',#1241,#1242,#1449,.T.);
#917=EDGE_CURVE('',#1242,#1239,#156,.F.);
#918=EDGE_CURVE('',#1243,#1244,#1450,.T.);
#919=EDGE_CURVE('',#1243,#1245,#1451,.F.);
#920=EDGE_CURVE('',#1245,#1246,#157,.F.);
#921=EDGE_CURVE('',#1246,#1244,#1452,.F.);
#922=EDGE_CURVE('',#1247,#1248,#1453,.F.);
#923=EDGE_CURVE('',#1247,#1249,#72,.T.);
#924=EDGE_CURVE('',#1250,#1249,#1454,.T.);
#925=EDGE_CURVE('',#1250,#1248,#73,.T.);
#926=EDGE_CURVE('',#1251,#1252,#1455,.F.);
#927=EDGE_CURVE('',#1251,#1253,#74,.T.);
#928=EDGE_CURVE('',#1254,#1253,#1456,.T.);
#929=EDGE_CURVE('',#1252,#1254,#158,.T.);
#930=EDGE_CURVE('',#1255,#1256,#1457,.T.);
#931=EDGE_CURVE('',#1256,#1247,#159,.T.);
#932=EDGE_CURVE('',#1248,#1255,#160,.T.);
#933=EDGE_CURVE('',#1257,#1258,#1458,.T.);
#934=EDGE_CURVE('',#1258,#1251,#161,.T.);
#935=EDGE_CURVE('',#1257,#1252,#1459,.T.);
#936=EDGE_CURVE('',#1259,#1260,#1460,.T.);
#937=EDGE_CURVE('',#1260,#1261,#162,.T.);
#938=EDGE_CURVE('',#1262,#1261,#1461,.T.);
#939=EDGE_CURVE('',#1262,#1259,#163,.T.);
#940=EDGE_CURVE('',#1263,#1264,#1462,.T.);
#941=EDGE_CURVE('',#1264,#1265,#164,.T.);
#942=EDGE_CURVE('',#1266,#1265,#1463,.T.);
#943=EDGE_CURVE('',#1263,#1266,#1464,.T.);
#944=EDGE_CURVE('',#1267,#1268,#1465,.F.);
#945=EDGE_CURVE('',#1267,#1260,#75,.T.);
#946=EDGE_CURVE('',#1259,#1268,#76,.T.);
#947=EDGE_CURVE('',#1269,#1270,#1466,.F.);
#948=EDGE_CURVE('',#1269,#1264,#77,.T.);
#949=EDGE_CURVE('',#1270,#1263,#165,.T.);
#950=EDGE_CURVE('',#1271,#1272,#1467,.T.);
#951=EDGE_CURVE('',#1271,#1262,#78,.T.);
#952=EDGE_CURVE('',#1261,#1273,#79,.T.);
#953=EDGE_CURVE('',#1273,#1274,#1468,.T.);
#954=EDGE_CURVE('',#1274,#1256,#80,.T.);
#955=EDGE_CURVE('',#1255,#1272,#81,.T.);
#956=EDGE_CURVE('',#1275,#1276,#1469,.T.);
#957=EDGE_CURVE('',#1275,#1277,#82,.T.);
#958=EDGE_CURVE('',#1277,#1278,#1470,.T.);
#959=EDGE_CURVE('',#1278,#1279,#1471,.T.);
#960=EDGE_CURVE('',#1280,#1279,#1472,.T.);
#961=EDGE_CURVE('',#1280,#1276,#83,.T.);
#962=EDGE_CURVE('',#1281,#1282,#1473,.T.);
#963=EDGE_CURVE('',#1282,#1283,#1474,.T.);
#964=EDGE_CURVE('',#1283,#1284,#1475,.F.);
#965=EDGE_CURVE('',#1284,#1285,#166,.F.);
#966=EDGE_CURVE('',#1286,#1285,#1476,.T.);
#967=EDGE_CURVE('',#1286,#1287,#167,.T.);
#968=EDGE_CURVE('',#1288,#1287,#1477,.T.);
#969=EDGE_CURVE('',#1288,#1289,#168,.T.);
#970=EDGE_CURVE('',#1289,#1290,#1478,.T.);
#971=EDGE_CURVE('',#1290,#1291,#169,.F.);
#972=EDGE_CURVE('',#1292,#1291,#1479,.T.);
#973=EDGE_CURVE('',#1292,#1293,#170,.T.);
#974=EDGE_CURVE('',#1294,#1293,#1480,.T.);
#975=EDGE_CURVE('',#1294,#1281,#171,.T.);
#976=EDGE_CURVE('',#1295,#1296,#1481,.T.);
#977=EDGE_CURVE('',#1296,#1297,#1482,.T.);
#978=EDGE_CURVE('',#1297,#1298,#1483,.F.);
#979=EDGE_CURVE('',#1298,#1299,#172,.F.);
#980=EDGE_CURVE('',#1299,#1300,#1484,.T.);
#981=EDGE_CURVE('',#1300,#1301,#173,.F.);
#982=EDGE_CURVE('',#1301,#1302,#1485,.T.);
#983=EDGE_CURVE('',#1302,#1303,#174,.T.);
#984=EDGE_CURVE('',#1304,#1303,#1486,.T.);
#985=EDGE_CURVE('',#1304,#1305,#175,.F.);
#986=EDGE_CURVE('',#1305,#1306,#1487,.T.);
#987=EDGE_CURVE('',#1306,#1307,#176,.F.);
#988=EDGE_CURVE('',#1307,#1308,#1488,.T.);
#989=EDGE_CURVE('',#1308,#1295,#177,.T.);
#990=EDGE_CURVE('',#1309,#1309,#178,.T.);
#991=EDGE_CURVE('',#1310,#1310,#179,.T.);
#992=EDGE_CURVE('',#1297,#1240,#180,.T.);
#993=EDGE_CURVE('',#1239,#1311,#84,.T.);
#994=EDGE_CURVE('',#1312,#1311,#1489,.T.);
#995=EDGE_CURVE('',#1312,#1313,#181,.F.);
#996=EDGE_CURVE('',#1313,#1314,#85,.T.);
#997=EDGE_CURVE('',#1298,#1314,#1490,.T.);
#998=EDGE_CURVE('',#1315,#1316,#1491,.F.);
#999=EDGE_CURVE('',#1315,#1282,#182,.T.);
#1000=EDGE_CURVE('',#1317,#1281,#1492,.T.);
#1001=EDGE_CURVE('',#1317,#1318,#86,.T.);
#1002=EDGE_CURVE('',#1318,#1244,#183,.F.);
#1003=EDGE_CURVE('',#1246,#1316,#87,.T.);
#1004=EDGE_CURVE('',#1319,#1320,#1493,.T.);
#1005=EDGE_CURVE('',#1319,#1321,#184,.F.);
#1006=EDGE_CURVE('',#1322,#1321,#1494,.T.);
#1007=EDGE_CURVE('',#1322,#1323,#185,.F.);
#1008=EDGE_CURVE('',#1323,#1324,#1495,.T.);
#1009=EDGE_CURVE('',#1324,#1243,#186,.F.);
#1010=EDGE_CURVE('',#1318,#1313,#1496,.F.);
#1011=EDGE_CURVE('',#1312,#1325,#1497,.T.);
#1012=EDGE_CURVE('',#1325,#1320,#187,.F.);
#1013=EDGE_CURVE('',#1249,#1326,#56,.F.);
#1014=EDGE_CURVE('',#1326,#1327,#1498,.T.);
#1015=EDGE_CURVE('',#1327,#1328,#57,.F.);
#1016=EDGE_CURVE('',#1328,#1329,#1499,.T.);
#1017=EDGE_CURVE('',#1330,#1329,#1500,.T.);
#1018=EDGE_CURVE('',#1330,#1331,#1501,.F.);
#1019=EDGE_CURVE('',#1331,#1254,#1502,.T.);
#1020=EDGE_CURVE('',#1253,#1332,#58,.F.);
#1021=EDGE_CURVE('',#1332,#1333,#1503,.T.);
#1022=EDGE_CURVE('',#1333,#1250,#59,.F.);
#1023=EDGE_CURVE('',#1334,#1335,#1504,.T.);
#1024=EDGE_CURVE('',#1336,#1334,#1505,.T.);
#1025=EDGE_CURVE('',#1337,#1336,#1506,.T.);
#1026=EDGE_CURVE('',#1338,#1337,#1507,.T.);
#1027=EDGE_CURVE('',#1339,#1338,#1508,.T.);
#1028=EDGE_CURVE('',#1335,#1339,#1509,.T.);
#1029=EDGE_CURVE('',#1340,#1341,#1510,.T.);
#1030=EDGE_CURVE('',#1340,#1342,#1511,.F.);
#1031=EDGE_CURVE('',#1342,#1343,#1512,.T.);
#1032=EDGE_CURVE('',#1343,#1341,#1513,.T.);
#1033=EDGE_CURVE('',#1344,#1345,#1514,.T.);
#1034=EDGE_CURVE('',#1345,#1267,#60,.T.);
#1035=EDGE_CURVE('',#1268,#1346,#61,.T.);
#1036=EDGE_CURVE('',#1346,#1347,#1515,.T.);
#1037=EDGE_CURVE('',#1347,#1269,#62,.T.);
#1038=EDGE_CURVE('',#1348,#1270,#1516,.T.);
#1039=EDGE_CURVE('',#1348,#1349,#1517,.T.);
#1040=EDGE_CURVE('',#1349,#1350,#1518,.T.);
#1041=EDGE_CURVE('',#1350,#1351,#1519,.F.);
#1042=EDGE_CURVE('',#1351,#1344,#63,.T.);
#1043=EDGE_CURVE('',#1277,#1352,#188,.T.);
#1044=EDGE_CURVE('',#1352,#1353,#1520,.T.);
#1045=EDGE_CURVE('',#1353,#1278,#1521,.T.);
#1046=EDGE_CURVE('',#1265,#1354,#88,.T.);
#1047=EDGE_CURVE('',#1354,#1355,#1522,.T.);
#1048=EDGE_CURVE('',#1355,#1258,#89,.T.);
#1049=EDGE_CURVE('',#1266,#1257,#1523,.T.);
#1050=EDGE_CURVE('',#1356,#1356,#189,.F.);
#1051=EDGE_CURVE('',#1357,#1358,#190,.T.);
#1052=EDGE_CURVE('',#1358,#1359,#1524,.T.);
#1053=EDGE_CURVE('',#1359,#1360,#191,.T.);
#1054=EDGE_CURVE('',#1360,#1361,#1525,.T.);
#1055=EDGE_CURVE('',#1361,#1362,#192,.T.);
#1056=EDGE_CURVE('',#1362,#1363,#1526,.T.);
#1057=EDGE_CURVE('',#1363,#1364,#193,.F.);
#1058=EDGE_CURVE('',#1364,#1365,#1527,.T.);
#1059=EDGE_CURVE('',#1365,#1366,#194,.T.);
#1060=EDGE_CURVE('',#1366,#1367,#1528,.T.);
#1061=EDGE_CURVE('',#1367,#1368,#195,.T.);
#1062=EDGE_CURVE('',#1368,#1369,#1529,.T.);
#1063=EDGE_CURVE('',#1369,#1370,#196,.F.);
#1064=EDGE_CURVE('',#1370,#1371,#1530,.T.);
#1065=EDGE_CURVE('',#1371,#1372,#197,.T.);
#1066=EDGE_CURVE('',#1372,#1357,#1531,.T.);
#1067=EDGE_CURVE('',#1373,#1374,#1532,.F.);
#1068=EDGE_CURVE('',#1374,#1280,#198,.T.);
#1069=EDGE_CURVE('',#1279,#1373,#1533,.T.);
#1070=EDGE_CURVE('',#1375,#1376,#1534,.T.);
#1071=EDGE_CURVE('',#1376,#1377,#1535,.T.);
#1072=EDGE_CURVE('',#1377,#1378,#1536,.F.);
#1073=EDGE_CURVE('',#1378,#1375,#1537,.T.);
#1074=EDGE_CURVE('',#1331,#1343,#199,.F.);
#1075=EDGE_CURVE('',#1342,#1348,#200,.F.);
#1076=EDGE_CURVE('',#1379,#1379,#201,.F.);
#1077=EDGE_CURVE('',#1349,#1340,#202,.T.);
#1078=EDGE_CURVE('',#1341,#1330,#203,.T.);
#1079=EDGE_CURVE('',#1329,#1373,#204,.F.);
#1080=EDGE_CURVE('',#1353,#1350,#205,.F.);
#1081=EDGE_CURVE('',#1380,#1381,#1538,.F.);
#1082=EDGE_CURVE('',#1381,#1315,#1539,.T.);
#1083=EDGE_CURVE('',#1316,#1380,#206,.F.);
#1084=EDGE_CURVE('',#1311,#1382,#207,.F.);
#1085=EDGE_CURVE('',#1382,#1325,#1540,.T.);
#1086=EDGE_CURVE('',#1323,#1383,#1541,.F.);
#1087=EDGE_CURVE('',#1383,#1384,#1542,.T.);
#1088=EDGE_CURVE('',#1384,#1324,#1543,.T.);
#1089=EDGE_CURVE('',#1320,#1385,#1544,.F.);
#1090=EDGE_CURVE('',#1385,#1386,#1545,.T.);
#1091=EDGE_CURVE('',#1386,#1319,#1546,.T.);
#1092=EDGE_CURVE('',#1387,#1387,#208,.T.);
#1093=EDGE_CURVE('',#1388,#1388,#209,.T.);
#1094=EDGE_CURVE('',#1389,#1389,#210,.T.);
#1095=EDGE_CURVE('',#1321,#1390,#1547,.F.);
#1096=EDGE_CURVE('',#1390,#1391,#1548,.T.);
#1097=EDGE_CURVE('',#1391,#1322,#1549,.T.);
#1098=EDGE_CURVE('',#1392,#1392,#211,.F.);
#1099=EDGE_CURVE('',#1393,#1393,#212,.T.);
#1100=EDGE_CURVE('',#1394,#1394,#213,.F.);
#1101=EDGE_CURVE('',#1395,#1395,#214,.T.);
#1102=EDGE_CURVE('',#1396,#1397,#215,.T.);
#1103=EDGE_CURVE('',#1397,#1396,#90,.T.);
#1104=EDGE_CURVE('',#1398,#1398,#216,.F.);
#1105=EDGE_CURVE('',#1399,#1399,#217,.T.);
#1106=EDGE_CURVE('',#1400,#1400,#218,.F.);
#1107=EDGE_CURVE('',#1401,#1401,#219,.T.);
#1108=EDGE_CURVE('',#1402,#1403,#220,.T.);
#1109=EDGE_CURVE('',#1403,#1402,#91,.T.);
#1110=EDGE_CURVE('',#1404,#1335,#1550,.T.);
#1111=EDGE_CURVE('',#1405,#1404,#1551,.T.);
#1112=EDGE_CURVE('',#1405,#1334,#1552,.T.);
#1113=EDGE_CURVE('',#1406,#1339,#1553,.T.);
#1114=EDGE_CURVE('',#1404,#1406,#1554,.T.);
#1115=EDGE_CURVE('',#1407,#1338,#1555,.T.);
#1116=EDGE_CURVE('',#1406,#1407,#1556,.T.);
#1117=EDGE_CURVE('',#1408,#1337,#1557,.T.);
#1118=EDGE_CURVE('',#1407,#1408,#1558,.T.);
#1119=EDGE_CURVE('',#1409,#1336,#1559,.T.);
#1120=EDGE_CURVE('',#1408,#1409,#1560,.T.);
#1121=EDGE_CURVE('',#1409,#1405,#1561,.T.);
#1122=EDGE_CURVE('',#1352,#1351,#92,.T.);
#1123=EDGE_CURVE('',#1328,#1374,#93,.T.);
#1124=EDGE_CURVE('',#1287,#1410,#1562,.T.);
#1125=EDGE_CURVE('',#1410,#1411,#1563,.F.);
#1126=EDGE_CURVE('',#1411,#1288,#1564,.F.);
#1127=EDGE_CURVE('',#1305,#1412,#1565,.F.);
#1128=EDGE_CURVE('',#1412,#1413,#1566,.F.);
#1129=EDGE_CURVE('',#1413,#1306,#1567,.T.);
#1130=EDGE_CURVE('',#1285,#1308,#1568,.F.);
#1131=EDGE_CURVE('',#1307,#1414,#1569,.F.);
#1132=EDGE_CURVE('',#1414,#1355,#94,.F.);
#1133=EDGE_CURVE('',#1354,#1415,#95,.T.);
#1134=EDGE_CURVE('',#1415,#1286,#1570,.F.);
#1135=EDGE_CURVE('',#1303,#1290,#1571,.T.);
#1136=EDGE_CURVE('',#1289,#1416,#1572,.T.);
#1137=EDGE_CURVE('',#1416,#1271,#96,.F.);
#1138=EDGE_CURVE('',#1272,#1417,#97,.T.);
#1139=EDGE_CURVE('',#1417,#1304,#1573,.T.);
#1140=EDGE_CURVE('',#1293,#1418,#1574,.T.);
#1141=EDGE_CURVE('',#1418,#1419,#1575,.F.);
#1142=EDGE_CURVE('',#1419,#1294,#1576,.F.);
#1143=EDGE_CURVE('',#1299,#1420,#1577,.F.);
#1144=EDGE_CURVE('',#1420,#1421,#1578,.F.);
#1145=EDGE_CURVE('',#1421,#1300,#1579,.T.);
#1146=EDGE_CURVE('',#1276,#1422,#98,.T.);
#1147=EDGE_CURVE('',#1422,#1298,#1580,.T.);
#1148=EDGE_CURVE('',#1314,#1317,#1581,.T.);
#1149=EDGE_CURVE('',#1281,#1423,#1582,.T.);
#1150=EDGE_CURVE('',#1423,#1275,#99,.F.);
#1151=EDGE_CURVE('',#1273,#1424,#100,.T.);
#1152=EDGE_CURVE('',#1424,#1292,#1583,.F.);
#1153=EDGE_CURVE('',#1291,#1302,#1584,.F.);
#1154=EDGE_CURVE('',#1301,#1425,#1585,.F.);
#1155=EDGE_CURVE('',#1425,#1274,#101,.F.);
#1156=EDGE_CURVE('',#1422,#1426,#221,.F.);
#1157=EDGE_CURVE('',#1426,#1427,#102,.T.);
#1158=EDGE_CURVE('',#1427,#1420,#64,.F.);
#1159=EDGE_CURVE('',#1419,#1428,#65,.T.);
#1160=EDGE_CURVE('',#1428,#1429,#103,.T.);
#1161=EDGE_CURVE('',#1429,#1423,#222,.F.);
#1162=EDGE_CURVE('',#1424,#1430,#223,.F.);
#1163=EDGE_CURVE('',#1430,#1431,#104,.T.);
#1164=EDGE_CURVE('',#1431,#1418,#66,.T.);
#1165=EDGE_CURVE('',#1421,#1432,#67,.F.);
#1166=EDGE_CURVE('',#1432,#1433,#105,.T.);
#1167=EDGE_CURVE('',#1433,#1425,#224,.F.);
#1168=EDGE_CURVE('',#1378,#1295,#106,.F.);
#1169=EDGE_CURVE('',#1284,#1375,#107,.T.);
#1170=EDGE_CURVE('',#1417,#1434,#225,.F.);
#1171=EDGE_CURVE('',#1434,#1435,#108,.T.);
#1172=EDGE_CURVE('',#1435,#1412,#68,.F.);
#1173=EDGE_CURVE('',#1411,#1436,#69,.T.);
#1174=EDGE_CURVE('',#1436,#1437,#109,.T.);
#1175=EDGE_CURVE('',#1437,#1416,#226,.F.);
#1176=EDGE_CURVE('',#1415,#1438,#227,.F.);
#1177=EDGE_CURVE('',#1438,#1439,#110,.T.);
#1178=EDGE_CURVE('',#1439,#1410,#70,.T.);
#1179=EDGE_CURVE('',#1413,#1440,#71,.F.);
#1180=EDGE_CURVE('',#1440,#1441,#111,.T.);
#1181=EDGE_CURVE('',#1441,#1414,#228,.F.);
#1182=EDGE_CURVE('',#1352,#1429,#229,.T.);
#1183=EDGE_CURVE('',#1351,#1428,#230,.T.);
#1184=EDGE_CURVE('',#1344,#1419,#231,.T.);
#1185=EDGE_CURVE('',#1430,#1260,#232,.T.);
#1186=EDGE_CURVE('',#1345,#1418,#233,.T.);
#1187=EDGE_CURVE('',#1431,#1267,#234,.T.);
#1188=EDGE_CURVE('',#1426,#1374,#235,.T.);
#1189=EDGE_CURVE('',#1427,#1328,#236,.T.);
#1190=EDGE_CURVE('',#1420,#1327,#237,.T.);
#1191=EDGE_CURVE('',#1421,#1326,#238,.T.);
#1192=EDGE_CURVE('',#1432,#1249,#239,.T.);
#1193=EDGE_CURVE('',#1433,#1247,#240,.T.);
#1194=EDGE_CURVE('',#1259,#1437,#241,.T.);
#1195=EDGE_CURVE('',#1268,#1436,#242,.T.);
#1196=EDGE_CURVE('',#1346,#1411,#243,.T.);
#1197=EDGE_CURVE('',#1438,#1264,#244,.T.);
#1198=EDGE_CURVE('',#1347,#1410,#245,.T.);
#1199=EDGE_CURVE('',#1439,#1269,#246,.T.);
#1200=EDGE_CURVE('',#1434,#1248,#247,.T.);
#1201=EDGE_CURVE('',#1435,#1250,#248,.T.);
#1202=EDGE_CURVE('',#1412,#1333,#249,.T.);
#1203=EDGE_CURVE('',#1413,#1332,#250,.T.);
#1204=EDGE_CURVE('',#1440,#1253,#251,.T.);
#1205=EDGE_CURVE('',#1441,#1251,#252,.T.);
#1206=EDGE_CURVE('',#1442,#1442,#253,.T.);
#1207=EDGE_CURVE('',#1443,#1443,#254,.F.);
#1208=EDGE_CURVE('',#1444,#1444,#255,.F.);
#1209=EDGE_CURVE('',#1445,#1445,#256,.T.);
#1210=EDGE_CURVE('',#1446,#1446,#257,.T.);
#1211=EDGE_CURVE('',#1242,#1382,#112,.T.);
#1212=EDGE_CURVE('',#1403,#1311,#113,.F.);
#1213=EDGE_CURVE('',#1239,#1402,#114,.F.);
#1214=EDGE_CURVE('',#1245,#1380,#115,.T.);
#1215=EDGE_CURVE('',#1397,#1316,#116,.F.);
#1216=EDGE_CURVE('',#1246,#1396,#117,.F.);
#1217=EDGE_CURVE('',#1391,#1383,#258,.F.);
#1218=EDGE_CURVE('',#1384,#1381,#259,.F.);
#1219=EDGE_CURVE('',#1283,#1376,#260,.F.);
#1220=EDGE_CURVE('',#1386,#1390,#261,.F.);
#1221=EDGE_CURVE('',#1241,#1385,#262,.F.);
#1222=EDGE_CURVE('',#1377,#1296,#263,.F.);
#1223=EDGE_CURVE('',#1367,#1376,#1586,.T.);
#1224=EDGE_CURVE('',#1377,#1366,#1587,.T.);
#1225=EDGE_CURVE('',#1296,#1365,#1588,.T.);
#1226=EDGE_CURVE('',#1368,#1283,#1589,.T.);
#1227=EDGE_CURVE('',#1297,#1364,#1590,.T.);
#1228=EDGE_CURVE('',#1369,#1282,#1591,.T.);
#1229=EDGE_CURVE('',#1240,#1363,#1592,.T.);
#1230=EDGE_CURVE('',#1370,#1315,#1593,.T.);
#1231=EDGE_CURVE('',#1241,#1362,#1594,.T.);
#1232=EDGE_CURVE('',#1371,#1381,#1595,.T.);
#1233=EDGE_CURVE('',#1385,#1361,#1596,.T.);
#1234=EDGE_CURVE('',#1372,#1384,#1597,.T.);
#1235=EDGE_CURVE('',#1386,#1360,#1598,.T.);
#1236=EDGE_CURVE('',#1357,#1383,#1599,.T.);
#1237=EDGE_CURVE('',#1390,#1359,#1600,.T.);
#1238=EDGE_CURVE('',#1358,#1391,#1601,.T.);
#1239=VERTEX_POINT('',#3149);
#1240=VERTEX_POINT('',#3150);
#1241=VERTEX_POINT('',#3152);
#1242=VERTEX_POINT('',#3154);
#1243=VERTEX_POINT('',#3158);
#1244=VERTEX_POINT('',#3159);
#1245=VERTEX_POINT('',#3161);
#1246=VERTEX_POINT('',#3163);
#1247=VERTEX_POINT('',#3167);
#1248=VERTEX_POINT('',#3168);
#1249=VERTEX_POINT('',#3173);
#1250=VERTEX_POINT('',#3175);
#1251=VERTEX_POINT('',#3182);
#1252=VERTEX_POINT('',#3183);
#1253=VERTEX_POINT('',#3188);
#1254=VERTEX_POINT('',#3190);
#1255=VERTEX_POINT('',#3194);
#1256=VERTEX_POINT('',#3195);
#1257=VERTEX_POINT('',#3200);
#1258=VERTEX_POINT('',#3201);
#1259=VERTEX_POINT('',#3206);
#1260=VERTEX_POINT('',#3207);
#1261=VERTEX_POINT('',#3209);
#1262=VERTEX_POINT('',#3211);
#1263=VERTEX_POINT('',#3215);
#1264=VERTEX_POINT('',#3216);
#1265=VERTEX_POINT('',#3218);
#1266=VERTEX_POINT('',#3220);
#1267=VERTEX_POINT('',#3224);
#1268=VERTEX_POINT('',#3225);
#1269=VERTEX_POINT('',#3236);
#1270=VERTEX_POINT('',#3237);
#1271=VERTEX_POINT('',#3245);
#1272=VERTEX_POINT('',#3246);
#1273=VERTEX_POINT('',#3255);
#1274=VERTEX_POINT('',#3257);
#1275=VERTEX_POINT('',#3268);
#1276=VERTEX_POINT('',#3269);
#1277=VERTEX_POINT('',#3274);
#1278=VERTEX_POINT('',#3276);
#1279=VERTEX_POINT('',#3278);
#1280=VERTEX_POINT('',#3280);
#1281=VERTEX_POINT('',#3287);
#1282=VERTEX_POINT('',#3288);
#1283=VERTEX_POINT('',#3290);
#1284=VERTEX_POINT('',#3292);
#1285=VERTEX_POINT('',#3294);
#1286=VERTEX_POINT('',#3296);
#1287=VERTEX_POINT('',#3298);
#1288=VERTEX_POINT('',#3300);
#1289=VERTEX_POINT('',#3302);
#1290=VERTEX_POINT('',#3304);
#1291=VERTEX_POINT('',#3306);
#1292=VERTEX_POINT('',#3308);
#1293=VERTEX_POINT('',#3310);
#1294=VERTEX_POINT('',#3312);
#1295=VERTEX_POINT('',#3316);
#1296=VERTEX_POINT('',#3317);
#1297=VERTEX_POINT('',#3319);
#1298=VERTEX_POINT('',#3321);
#1299=VERTEX_POINT('',#3323);
#1300=VERTEX_POINT('',#3325);
#1301=VERTEX_POINT('',#3327);
#1302=VERTEX_POINT('',#3329);
#1303=VERTEX_POINT('',#3331);
#1304=VERTEX_POINT('',#3333);
#1305=VERTEX_POINT('',#3335);
#1306=VERTEX_POINT('',#3337);
#1307=VERTEX_POINT('',#3339);
#1308=VERTEX_POINT('',#3341);
#1309=VERTEX_POINT('',#3345);
#1310=VERTEX_POINT('',#3347);
#1311=VERTEX_POINT('',#3373);
#1312=VERTEX_POINT('',#3375);
#1313=VERTEX_POINT('',#3377);
#1314=VERTEX_POINT('',#3383);
#1315=VERTEX_POINT('',#3387);
#1316=VERTEX_POINT('',#3388);
#1317=VERTEX_POINT('',#3391);
#1318=VERTEX_POINT('',#3397);
#1319=VERTEX_POINT('',#3424);
#1320=VERTEX_POINT('',#3425);
#1321=VERTEX_POINT('',#3427);
#1322=VERTEX_POINT('',#3429);
#1323=VERTEX_POINT('',#3431);
#1324=VERTEX_POINT('',#3433);
#1325=VERTEX_POINT('',#3437);
#1326=VERTEX_POINT('',#3441);
#1327=VERTEX_POINT('',#3443);
#1328=VERTEX_POINT('',#3445);
#1329=VERTEX_POINT('',#3447);
#1330=VERTEX_POINT('',#3449);
#1331=VERTEX_POINT('',#3451);
#1332=VERTEX_POINT('',#3454);
#1333=VERTEX_POINT('',#3456);
#1334=VERTEX_POINT('',#3460);
#1335=VERTEX_POINT('',#3461);
#1336=VERTEX_POINT('',#3463);
#1337=VERTEX_POINT('',#3465);
#1338=VERTEX_POINT('',#3467);
#1339=VERTEX_POINT('',#3469);
#1340=VERTEX_POINT('',#3472);
#1341=VERTEX_POINT('',#3473);
#1342=VERTEX_POINT('',#3475);
#1343=VERTEX_POINT('',#3477);
#1344=VERTEX_POINT('',#3481);
#1345=VERTEX_POINT('',#3482);
#1346=VERTEX_POINT('',#3485);
#1347=VERTEX_POINT('',#3487);
#1348=VERTEX_POINT('',#3490);
#1349=VERTEX_POINT('',#3492);
#1350=VERTEX_POINT('',#3494);
#1351=VERTEX_POINT('',#3496);
#1352=VERTEX_POINT('',#3500);
#1353=VERTEX_POINT('',#3502);
#1354=VERTEX_POINT('',#3509);
#1355=VERTEX_POINT('',#3511);
#1356=VERTEX_POINT('',#3519);
#1357=VERTEX_POINT('',#3521);
#1358=VERTEX_POINT('',#3522);
#1359=VERTEX_POINT('',#3524);
#1360=VERTEX_POINT('',#3526);
#1361=VERTEX_POINT('',#3528);
#1362=VERTEX_POINT('',#3530);
#1363=VERTEX_POINT('',#3532);
#1364=VERTEX_POINT('',#3534);
#1365=VERTEX_POINT('',#3536);
#1366=VERTEX_POINT('',#3538);
#1367=VERTEX_POINT('',#3540);
#1368=VERTEX_POINT('',#3542);
#1369=VERTEX_POINT('',#3544);
#1370=VERTEX_POINT('',#3546);
#1371=VERTEX_POINT('',#3548);
#1372=VERTEX_POINT('',#3550);
#1373=VERTEX_POINT('',#3554);
#1374=VERTEX_POINT('',#3555);
#1375=VERTEX_POINT('',#3560);
#1376=VERTEX_POINT('',#3561);
#1377=VERTEX_POINT('',#3563);
#1378=VERTEX_POINT('',#3565);
#1379=VERTEX_POINT('',#3571);
#1380=VERTEX_POINT('',#3578);
#1381=VERTEX_POINT('',#3579);
#1382=VERTEX_POINT('',#3584);
#1383=VERTEX_POINT('',#3588);
#1384=VERTEX_POINT('',#3590);
#1385=VERTEX_POINT('',#3594);
#1386=VERTEX_POINT('',#3596);
#1387=VERTEX_POINT('',#3600);
#1388=VERTEX_POINT('',#3602);
#1389=VERTEX_POINT('',#3604);
#1390=VERTEX_POINT('',#3606);
#1391=VERTEX_POINT('',#3608);
#1392=VERTEX_POINT('',#3612);
#1393=VERTEX_POINT('',#3614);
#1394=VERTEX_POINT('',#3617);
#1395=VERTEX_POINT('',#3619);
#1396=VERTEX_POINT('',#3622);
#1397=VERTEX_POINT('',#3623);
#1398=VERTEX_POINT('',#3665);
#1399=VERTEX_POINT('',#3667);
#1400=VERTEX_POINT('',#3670);
#1401=VERTEX_POINT('',#3672);
#1402=VERTEX_POINT('',#3675);
#1403=VERTEX_POINT('',#3676);
#1404=VERTEX_POINT('',#3718);
#1405=VERTEX_POINT('',#3720);
#1406=VERTEX_POINT('',#3724);
#1407=VERTEX_POINT('',#3728);
#1408=VERTEX_POINT('',#3732);
#1409=VERTEX_POINT('',#3736);
#1410=VERTEX_POINT('',#3755);
#1411=VERTEX_POINT('',#3757);
#1412=VERTEX_POINT('',#3761);
#1413=VERTEX_POINT('',#3763);
#1414=VERTEX_POINT('',#3768);
#1415=VERTEX_POINT('',#3777);
#1416=VERTEX_POINT('',#3782);
#1417=VERTEX_POINT('',#3791);
#1418=VERTEX_POINT('',#3795);
#1419=VERTEX_POINT('',#3797);
#1420=VERTEX_POINT('',#3801);
#1421=VERTEX_POINT('',#3803);
#1422=VERTEX_POINT('',#3810);
#1423=VERTEX_POINT('',#3814);
#1424=VERTEX_POINT('',#3824);
#1425=VERTEX_POINT('',#3828);
#1426=VERTEX_POINT('',#3835);
#1427=VERTEX_POINT('',#3840);
#1428=VERTEX_POINT('',#3845);
#1429=VERTEX_POINT('',#3850);
#1430=VERTEX_POINT('',#3854);
#1431=VERTEX_POINT('',#3859);
#1432=VERTEX_POINT('',#3863);
#1433=VERTEX_POINT('',#3868);
#1434=VERTEX_POINT('',#3888);
#1435=VERTEX_POINT('',#3893);
#1436=VERTEX_POINT('',#3897);
#1437=VERTEX_POINT('',#3902);
#1438=VERTEX_POINT('',#3906);
#1439=VERTEX_POINT('',#3911);
#1440=VERTEX_POINT('',#3915);
#1441=VERTEX_POINT('',#3920);
#1442=VERTEX_POINT('',#4152);
#1443=VERTEX_POINT('',#4154);
#1444=VERTEX_POINT('',#4157);
#1445=VERTEX_POINT('',#4159);
#1446=VERTEX_POINT('',#4162);
#1447=LINE('',#3148,#1602);
#1448=LINE('',#3151,#1603);
#1449=LINE('',#3153,#1604);
#1450=LINE('',#3157,#1605);
#1451=LINE('',#3160,#1606);
#1452=LINE('',#3164,#1607);
#1453=LINE('',#3166,#1608);
#1454=LINE('',#3174,#1609);
#1455=LINE('',#3181,#1610);
#1456=LINE('',#3189,#1611);
#1457=LINE('',#3193,#1612);
#1458=LINE('',#3199,#1613);
#1459=LINE('',#3203,#1614);
#1460=LINE('',#3205,#1615);
#1461=LINE('',#3210,#1616);
#1462=LINE('',#3214,#1617);
#1463=LINE('',#3219,#1618);
#1464=LINE('',#3221,#1619);
#1465=LINE('',#3223,#1620);
#1466=LINE('',#3235,#1621);
#1467=LINE('',#3244,#1622);
#1468=LINE('',#3256,#1623);
#1469=LINE('',#3267,#1624);
#1470=LINE('',#3275,#1625);
#1471=LINE('',#3277,#1626);
#1472=LINE('',#3279,#1627);
#1473=LINE('',#3286,#1628);
#1474=LINE('',#3289,#1629);
#1475=LINE('',#3291,#1630);
#1476=LINE('',#3295,#1631);
#1477=LINE('',#3299,#1632);
#1478=LINE('',#3303,#1633);
#1479=LINE('',#3307,#1634);
#1480=LINE('',#3311,#1635);
#1481=LINE('',#3315,#1636);
#1482=LINE('',#3318,#1637);
#1483=LINE('',#3320,#1638);
#1484=LINE('',#3324,#1639);
#1485=LINE('',#3328,#1640);
#1486=LINE('',#3332,#1641);
#1487=LINE('',#3336,#1642);
#1488=LINE('',#3340,#1643);
#1489=LINE('',#3374,#1644);
#1490=LINE('',#3384,#1645);
#1491=LINE('',#3386,#1646);
#1492=LINE('',#3390,#1647);
#1493=LINE('',#3423,#1648);
#1494=LINE('',#3428,#1649);
#1495=LINE('',#3432,#1650);
#1496=LINE('',#3435,#1651);
#1497=LINE('',#3436,#1652);
#1498=LINE('',#3442,#1653);
#1499=LINE('',#3446,#1654);
#1500=LINE('',#3448,#1655);
#1501=LINE('',#3450,#1656);
#1502=LINE('',#3452,#1657);
#1503=LINE('',#3455,#1658);
#1504=LINE('',#3459,#1659);
#1505=LINE('',#3462,#1660);
#1506=LINE('',#3464,#1661);
#1507=LINE('',#3466,#1662);
#1508=LINE('',#3468,#1663);
#1509=LINE('',#3470,#1664);
#1510=LINE('',#3471,#1665);
#1511=LINE('',#3474,#1666);
#1512=LINE('',#3476,#1667);
#1513=LINE('',#3478,#1668);
#1514=LINE('',#3480,#1669);
#1515=LINE('',#3486,#1670);
#1516=LINE('',#3489,#1671);
#1517=LINE('',#3491,#1672);
#1518=LINE('',#3493,#1673);
#1519=LINE('',#3495,#1674);
#1520=LINE('',#3501,#1675);
#1521=LINE('',#3503,#1676);
#1522=LINE('',#3510,#1677);
#1523=LINE('',#3516,#1678);
#1524=LINE('',#3523,#1679);
#1525=LINE('',#3527,#1680);
#1526=LINE('',#3531,#1681);
#1527=LINE('',#3535,#1682);
#1528=LINE('',#3539,#1683);
#1529=LINE('',#3543,#1684);
#1530=LINE('',#3547,#1685);
#1531=LINE('',#3551,#1686);
#1532=LINE('',#3553,#1687);
#1533=LINE('',#3557,#1688);
#1534=LINE('',#3559,#1689);
#1535=LINE('',#3562,#1690);
#1536=LINE('',#3564,#1691);
#1537=LINE('',#3566,#1692);
#1538=LINE('',#3577,#1693);
#1539=LINE('',#3580,#1694);
#1540=LINE('',#3585,#1695);
#1541=LINE('',#3587,#1696);
#1542=LINE('',#3589,#1697);
#1543=LINE('',#3591,#1698);
#1544=LINE('',#3593,#1699);
#1545=LINE('',#3595,#1700);
#1546=LINE('',#3597,#1701);
#1547=LINE('',#3605,#1702);
#1548=LINE('',#3607,#1703);
#1549=LINE('',#3609,#1704);
#1550=LINE('',#3717,#1705);
#1551=LINE('',#3719,#1706);
#1552=LINE('',#3721,#1707);
#1553=LINE('',#3723,#1708);
#1554=LINE('',#3725,#1709);
#1555=LINE('',#3727,#1710);
#1556=LINE('',#3729,#1711);
#1557=LINE('',#3731,#1712);
#1558=LINE('',#3733,#1713);
#1559=LINE('',#3735,#1714);
#1560=LINE('',#3737,#1715);
#1561=LINE('',#3739,#1716);
#1562=LINE('',#3754,#1717);
#1563=LINE('',#3756,#1718);
#1564=LINE('',#3758,#1719);
#1565=LINE('',#3760,#1720);
#1566=LINE('',#3762,#1721);
#1567=LINE('',#3764,#1722);
#1568=LINE('',#3766,#1723);
#1569=LINE('',#3767,#1724);
#1570=LINE('',#3778,#1725);
#1571=LINE('',#3780,#1726);
#1572=LINE('',#3781,#1727);
#1573=LINE('',#3792,#1728);
#1574=LINE('',#3794,#1729);
#1575=LINE('',#3796,#1730);
#1576=LINE('',#3798,#1731);
#1577=LINE('',#3800,#1732);
#1578=LINE('',#3802,#1733);
#1579=LINE('',#3804,#1734);
#1580=LINE('',#3811,#1735);
#1581=LINE('',#3812,#1736);
#1582=LINE('',#3813,#1737);
#1583=LINE('',#3825,#1738);
#1584=LINE('',#3826,#1739);
#1585=LINE('',#3827,#1740);
#1586=LINE('',#4282,#1741);
#1587=LINE('',#4283,#1742);
#1588=LINE('',#4285,#1743);
#1589=LINE('',#4287,#1744);
#1590=LINE('',#4289,#1745);
#1591=LINE('',#4291,#1746);
#1592=LINE('',#4293,#1747);
#1593=LINE('',#4295,#1748);
#1594=LINE('',#4297,#1749);
#1595=LINE('',#4299,#1750);
#1596=LINE('',#4301,#1751);
#1597=LINE('',#4303,#1752);
#1598=LINE('',#4305,#1753);
#1599=LINE('',#4307,#1754);
#1600=LINE('',#4309,#1755);
#1601=LINE('',#4311,#1756);
#1602=VECTOR('',#2515,1.);
#1603=VECTOR('',#2516,1.);
#1604=VECTOR('',#2517,1.);
#1605=VECTOR('',#2522,1.);
#1606=VECTOR('',#2523,1.);
#1607=VECTOR('',#2526,1.);
#1608=VECTOR('',#2529,1.);
#1609=VECTOR('',#2530,1.);
#1610=VECTOR('',#2533,1.);
#1611=VECTOR('',#2534,1.);
#1612=VECTOR('',#2539,1.);
#1613=VECTOR('',#2546,1.);
#1614=VECTOR('',#2549,1.);
#1615=VECTOR('',#2552,1.);
#1616=VECTOR('',#2555,1.);
#1617=VECTOR('',#2560,1.);
#1618=VECTOR('',#2563,1.);
#1619=VECTOR('',#2564,1.);
#1620=VECTOR('',#2567,1.);
#1621=VECTOR('',#2570,1.);
#1622=VECTOR('',#2575,1.);
#1623=VECTOR('',#2576,1.);
#1624=VECTOR('',#2579,1.);
#1625=VECTOR('',#2580,1.);
#1626=VECTOR('',#2581,1.);
#1627=VECTOR('',#2582,1.);
#1628=VECTOR('',#2585,1.);
#1629=VECTOR('',#2586,1.);
#1630=VECTOR('',#2587,1.);
#1631=VECTOR('',#2590,1.);
#1632=VECTOR('',#2593,1.);
#1633=VECTOR('',#2596,1.);
#1634=VECTOR('',#2599,1.);
#1635=VECTOR('',#2602,1.);
#1636=VECTOR('',#2607,1.);
#1637=VECTOR('',#2608,1.);
#1638=VECTOR('',#2609,1.);
#1639=VECTOR('',#2612,1.);
#1640=VECTOR('',#2615,1.);
#1641=VECTOR('',#2618,1.);
#1642=VECTOR('',#2621,1.);
#1643=VECTOR('',#2624,1.);
#1644=VECTOR('',#2637,1.);
#1645=VECTOR('',#2640,1.);
#1646=VECTOR('',#2643,1.);
#1647=VECTOR('',#2646,1.);
#1648=VECTOR('',#2651,1.);
#1649=VECTOR('',#2654,1.);
#1650=VECTOR('',#2657,1.);
#1651=VECTOR('',#2660,1.);
#1652=VECTOR('',#2661,1.);
#1653=VECTOR('',#2668,1.);
#1654=VECTOR('',#2671,1.);
#1655=VECTOR('',#2672,1.);
#1656=VECTOR('',#2673,1.);
#1657=VECTOR('',#2674,1.);
#1658=VECTOR('',#2677,1.);
#1659=VECTOR('',#2682,1.);
#1660=VECTOR('',#2683,1.);
#1661=VECTOR('',#2684,1.);
#1662=VECTOR('',#2685,1.);
#1663=VECTOR('',#2686,1.);
#1664=VECTOR('',#2687,1.);
#1665=VECTOR('',#2688,1.);
#1666=VECTOR('',#2689,1.);
#1667=VECTOR('',#2690,1.);
#1668=VECTOR('',#2691,1.);
#1669=VECTOR('',#2694,1.);
#1670=VECTOR('',#2699,1.);
#1671=VECTOR('',#2702,1.);
#1672=VECTOR('',#2703,1.);
#1673=VECTOR('',#2704,1.);
#1674=VECTOR('',#2705,1.);
#1675=VECTOR('',#2712,1.);
#1676=VECTOR('',#2713,1.);
#1677=VECTOR('',#2716,1.);
#1678=VECTOR('',#2717,1.);
#1679=VECTOR('',#2724,1.);
#1680=VECTOR('',#2727,1.);
#1681=VECTOR('',#2730,1.);
#1682=VECTOR('',#2733,1.);
#1683=VECTOR('',#2736,1.);
#1684=VECTOR('',#2739,1.);
#1685=VECTOR('',#2742,1.);
#1686=VECTOR('',#2745,1.);
#1687=VECTOR('',#2748,1.);
#1688=VECTOR('',#2751,1.);
#1689=VECTOR('',#2754,1.);
#1690=VECTOR('',#2755,1.);
#1691=VECTOR('',#2756,1.);
#1692=VECTOR('',#2757,1.);
#1693=VECTOR('',#2776,1.);
#1694=VECTOR('',#2777,1.);
#1695=VECTOR('',#2784,1.);
#1696=VECTOR('',#2787,1.);
#1697=VECTOR('',#2788,1.);
#1698=VECTOR('',#2789,1.);
#1699=VECTOR('',#2792,1.);
#1700=VECTOR('',#2793,1.);
#1701=VECTOR('',#2794,1.);
#1702=VECTOR('',#2803,1.);
#1703=VECTOR('',#2804,1.);
#1704=VECTOR('',#2805,1.);
#1705=VECTOR('',#2840,1.);
#1706=VECTOR('',#2841,1.);
#1707=VECTOR('',#2842,1.);
#1708=VECTOR('',#2845,1.);
#1709=VECTOR('',#2846,1.);
#1710=VECTOR('',#2849,1.);
#1711=VECTOR('',#2850,1.);
#1712=VECTOR('',#2853,1.);
#1713=VECTOR('',#2854,1.);
#1714=VECTOR('',#2857,1.);
#1715=VECTOR('',#2858,1.);
#1716=VECTOR('',#2861,1.);
#1717=VECTOR('',#2874,1.);
#1718=VECTOR('',#2875,1.);
#1719=VECTOR('',#2876,1.);
#1720=VECTOR('',#2879,1.);
#1721=VECTOR('',#2880,1.);
#1722=VECTOR('',#2881,1.);
#1723=VECTOR('',#2884,1.);
#1724=VECTOR('',#2885,1.);
#1725=VECTOR('',#2886,1.);
#1726=VECTOR('',#2889,1.);
#1727=VECTOR('',#2890,1.);
#1728=VECTOR('',#2891,1.);
#1729=VECTOR('',#2894,1.);
#1730=VECTOR('',#2895,1.);
#1731=VECTOR('',#2896,1.);
#1732=VECTOR('',#2899,1.);
#1733=VECTOR('',#2900,1.);
#1734=VECTOR('',#2901,1.);
#1735=VECTOR('',#2904,1.);
#1736=VECTOR('',#2905,1.);
#1737=VECTOR('',#2906,1.);
#1738=VECTOR('',#2909,1.);
#1739=VECTOR('',#2910,1.);
#1740=VECTOR('',#2911,1.);
#1741=VECTOR('',#3100,1.);
#1742=VECTOR('',#3101,1.);
#1743=VECTOR('',#3104,1.);
#1744=VECTOR('',#3107,1.);
#1745=VECTOR('',#3110,1.);
#1746=VECTOR('',#3113,1.);
#1747=VECTOR('',#3116,1.);
#1748=VECTOR('',#3119,1.);
#1749=VECTOR('',#3122,1.);
#1750=VECTOR('',#3125,1.);
#1751=VECTOR('',#3128,1.);
#1752=VECTOR('',#3131,1.);
#1753=VECTOR('',#3134,1.);
#1754=VECTOR('',#3137,1.);
#1755=VECTOR('',#3140,1.);
#1756=VECTOR('',#3143,1.);
#1757=EDGE_LOOP('',(#264,#265,#266,#267));
#1758=EDGE_LOOP('',(#268,#269,#270,#271));
#1759=EDGE_LOOP('',(#272,#273,#274,#275));
#1760=EDGE_LOOP('',(#276,#277,#278,#279));
#1761=EDGE_LOOP('',(#280,#281,#282,#283));
#1762=EDGE_LOOP('',(#284,#285,#286,#287));
#1763=EDGE_LOOP('',(#288,#289,#290,#291));
#1764=EDGE_LOOP('',(#292,#293,#294,#295));
#1765=EDGE_LOOP('',(#296,#297,#298,#299));
#1766=EDGE_LOOP('',(#300,#301,#302,#303));
#1767=EDGE_LOOP('',(#304,#305,#306,#307,#308,#309,#310,#311));
#1768=EDGE_LOOP('',(#312,#313,#314,#315,#316,#317));
#1769=EDGE_LOOP('',(#318,#319,#320,#321,#322,#323,#324,#325,#326,#327,#328,
#329,#330,#331));
#1770=EDGE_LOOP('',(#332,#333,#334,#335,#336,#337,#338,#339,#340,#341,#342,
#343,#344,#345));
#1771=EDGE_LOOP('',(#346));
#1772=EDGE_LOOP('',(#347));
#1773=EDGE_LOOP('',(#348,#349,#350,#351,#352,#353,#354,#355));
#1774=EDGE_LOOP('',(#356,#357,#358,#359,#360,#361,#362,#363));
#1775=EDGE_LOOP('',(#364,#365,#366,#367,#368,#369,#370,#371,#372,#373,#374,
#375));
#1776=EDGE_LOOP('',(#376,#377,#378,#379,#380,#381,#382,#383,#384,#385,#386,
#387));
#1777=EDGE_LOOP('',(#388,#389,#390,#391,#392,#393));
#1778=EDGE_LOOP('',(#394,#395,#396,#397));
#1779=EDGE_LOOP('',(#398,#399,#400,#401,#402,#403,#404,#405,#406,#407,#408,
#409));
#1780=EDGE_LOOP('',(#410,#411,#412,#413));
#1781=EDGE_LOOP('',(#414,#415,#416,#417,#418,#419));
#1782=EDGE_LOOP('',(#420));
#1783=EDGE_LOOP('',(#421,#422,#423,#424,#425,#426,#427,#428,#429,#430,#431,
#432,#433,#434,#435,#436));
#1784=EDGE_LOOP('',(#437,#438,#439,#440));
#1785=EDGE_LOOP('',(#441,#442,#443,#444));
#1786=EDGE_LOOP('',(#445,#446,#447,#448,#449,#450,#451,#452,#453,#454));
#1787=EDGE_LOOP('',(#455));
#1788=EDGE_LOOP('',(#456,#457,#458,#459,#460,#461,#462,#463,#464,#465));
#1789=EDGE_LOOP('',(#466,#467,#468,#469));
#1790=EDGE_LOOP('',(#470,#471,#472,#473));
#1791=EDGE_LOOP('',(#474,#475,#476,#477));
#1792=EDGE_LOOP('',(#478,#479,#480,#481));
#1793=EDGE_LOOP('',(#482));
#1794=EDGE_LOOP('',(#483));
#1795=EDGE_LOOP('',(#484));
#1796=EDGE_LOOP('',(#485,#486,#487,#488));
#1797=EDGE_LOOP('',(#489));
#1798=EDGE_LOOP('',(#490));
#1799=EDGE_LOOP('',(#491));
#1800=EDGE_LOOP('',(#492));
#1801=EDGE_LOOP('',(#493,#494));
#1802=EDGE_LOOP('',(#495));
#1803=EDGE_LOOP('',(#496));
#1804=EDGE_LOOP('',(#497));
#1805=EDGE_LOOP('',(#498));
#1806=EDGE_LOOP('',(#499));
#1807=EDGE_LOOP('',(#500,#501));
#1808=EDGE_LOOP('',(#502));
#1809=EDGE_LOOP('',(#503,#504,#505,#506));
#1810=EDGE_LOOP('',(#507,#508,#509,#510));
#1811=EDGE_LOOP('',(#511,#512,#513,#514));
#1812=EDGE_LOOP('',(#515,#516,#517,#518));
#1813=EDGE_LOOP('',(#519,#520,#521,#522));
#1814=EDGE_LOOP('',(#523,#524,#525,#526));
#1815=EDGE_LOOP('',(#527));
#1816=EDGE_LOOP('',(#528,#529,#530,#531,#532,#533));
#1817=EDGE_LOOP('',(#534,#535,#536,#537));
#1818=EDGE_LOOP('',(#538,#539,#540,#541));
#1819=EDGE_LOOP('',(#542,#543,#544,#545));
#1820=EDGE_LOOP('',(#546,#547,#548,#549));
#1821=EDGE_LOOP('',(#550,#551,#552,#553));
#1822=EDGE_LOOP('',(#554,#555,#556,#557));
#1823=EDGE_LOOP('',(#558,#559,#560,#561,#562,#563,#564,#565));
#1824=EDGE_LOOP('',(#566,#567,#568,#569,#570,#571,#572,#573));
#1825=EDGE_LOOP('',(#574,#575,#576,#577));
#1826=EDGE_LOOP('',(#578,#579,#580,#581));
#1827=EDGE_LOOP('',(#582,#583,#584,#585,#586,#587,#588,#589));
#1828=EDGE_LOOP('',(#590,#591,#592,#593,#594,#595,#596,#597));
#1829=EDGE_LOOP('',(#598,#599,#600,#601,#602,#603));
#1830=EDGE_LOOP('',(#604,#605,#606,#607));
#1831=EDGE_LOOP('',(#608,#609,#610,#611,#612,#613));
#1832=EDGE_LOOP('',(#614,#615,#616,#617,#618,#619));
#1833=EDGE_LOOP('',(#620,#621,#622,#623,#624,#625));
#1834=EDGE_LOOP('',(#626,#627,#628,#629));
#1835=EDGE_LOOP('',(#630,#631,#632,#633,#634,#635));
#1836=EDGE_LOOP('',(#636,#637,#638,#639,#640,#641));
#1837=EDGE_LOOP('',(#642,#643,#644,#645,#646,#647));
#1838=EDGE_LOOP('',(#648,#649,#650,#651,#652,#653));
#1839=EDGE_LOOP('',(#654,#655,#656,#657,#658,#659));
#1840=EDGE_LOOP('',(#660,#661,#662,#663,#664));
#1841=EDGE_LOOP('',(#665,#666,#667,#668));
#1842=EDGE_LOOP('',(#669,#670,#671,#672));
#1843=EDGE_LOOP('',(#673,#674,#675,#676,#677));
#1844=EDGE_LOOP('',(#678,#679,#680,#681));
#1845=EDGE_LOOP('',(#682,#683,#684,#685));
#1846=EDGE_LOOP('',(#686,#687,#688,#689));
#1847=EDGE_LOOP('',(#690,#691,#692,#693,#694));
#1848=EDGE_LOOP('',(#695,#696,#697,#698));
#1849=EDGE_LOOP('',(#699,#700,#701,#702));
#1850=EDGE_LOOP('',(#703,#704,#705,#706));
#1851=EDGE_LOOP('',(#707,#708,#709,#710));
#1852=EDGE_LOOP('',(#711,#712,#713,#714));
#1853=EDGE_LOOP('',(#715,#716,#717,#718,#719));
#1854=EDGE_LOOP('',(#720,#721,#722,#723,#724));
#1855=EDGE_LOOP('',(#725,#726,#727,#728));
#1856=EDGE_LOOP('',(#729,#730,#731,#732));
#1857=EDGE_LOOP('',(#733,#734,#735,#736,#737));
#1858=EDGE_LOOP('',(#738,#739,#740,#741));
#1859=EDGE_LOOP('',(#742,#743,#744,#745));
#1860=EDGE_LOOP('',(#746,#747,#748,#749));
#1861=EDGE_LOOP('',(#750,#751,#752,#753,#754));
#1862=EDGE_LOOP('',(#755,#756,#757,#758));
#1863=EDGE_LOOP('',(#759,#760,#761,#762));
#1864=EDGE_LOOP('',(#763,#764,#765,#766));
#1865=EDGE_LOOP('',(#767,#768,#769,#770));
#1866=EDGE_LOOP('',(#771,#772,#773,#774));
#1867=EDGE_LOOP('',(#775,#776,#777,#778,#779));
#1868=EDGE_LOOP('',(#780));
#1869=EDGE_LOOP('',(#781));
#1870=EDGE_LOOP('',(#782));
#1871=EDGE_LOOP('',(#783));
#1872=EDGE_LOOP('',(#784));
#1873=EDGE_LOOP('',(#785));
#1874=EDGE_LOOP('',(#786));
#1875=EDGE_LOOP('',(#787));
#1876=EDGE_LOOP('',(#788));
#1877=EDGE_LOOP('',(#789));
#1878=EDGE_LOOP('',(#790));
#1879=EDGE_LOOP('',(#791));
#1880=EDGE_LOOP('',(#792));
#1881=EDGE_LOOP('',(#793));
#1882=EDGE_LOOP('',(#794));
#1883=EDGE_LOOP('',(#795));
#1884=EDGE_LOOP('',(#796,#797,#798,#799,#800,#801));
#1885=EDGE_LOOP('',(#802,#803,#804,#805));
#1886=EDGE_LOOP('',(#806,#807,#808,#809,#810,#811));
#1887=EDGE_LOOP('',(#812,#813,#814,#815));
#1888=EDGE_LOOP('',(#816));
#1889=EDGE_LOOP('',(#817));
#1890=EDGE_LOOP('',(#818));
#1891=EDGE_LOOP('',(#819));
#1892=EDGE_LOOP('',(#820,#821,#822,#823));
#1893=EDGE_LOOP('',(#824,#825,#826,#827,#828,#829));
#1894=EDGE_LOOP('',(#830,#831,#832,#833));
#1895=EDGE_LOOP('',(#834,#835,#836,#837));
#1896=EDGE_LOOP('',(#838,#839,#840,#841,#842,#843));
#1897=EDGE_LOOP('',(#844,#845,#846,#847));
#1898=EDGE_LOOP('',(#848));
#1899=EDGE_LOOP('',(#849));
#1900=EDGE_LOOP('',(#850,#851,#852,#853));
#1901=EDGE_LOOP('',(#854,#855,#856,#857));
#1902=EDGE_LOOP('',(#858,#859,#860,#861));
#1903=EDGE_LOOP('',(#862,#863,#864,#865));
#1904=EDGE_LOOP('',(#866,#867,#868,#869));
#1905=EDGE_LOOP('',(#870,#871,#872,#873));
#1906=EDGE_LOOP('',(#874,#875,#876,#877));
#1907=EDGE_LOOP('',(#878,#879,#880,#881));
#1908=EDGE_LOOP('',(#882,#883,#884,#885));
#1909=EDGE_LOOP('',(#886,#887,#888,#889));
#1910=EDGE_LOOP('',(#890,#891,#892,#893));
#1911=EDGE_LOOP('',(#894,#895,#896,#897));
#1912=EDGE_LOOP('',(#898,#899,#900,#901));
#1913=EDGE_LOOP('',(#902,#903,#904,#905));
#1914=EDGE_LOOP('',(#906,#907,#908,#909));
#1915=EDGE_LOOP('',(#910,#911,#912,#913));
#1916=FACE_BOUND('',#1757,.T.);
#1917=FACE_BOUND('',#1758,.T.);
#1918=FACE_BOUND('',#1759,.T.);
#1919=FACE_BOUND('',#1760,.T.);
#1920=FACE_BOUND('',#1761,.T.);
#1921=FACE_BOUND('',#1762,.T.);
#1922=FACE_BOUND('',#1763,.T.);
#1923=FACE_BOUND('',#1764,.T.);
#1924=FACE_BOUND('',#1765,.T.);
#1925=FACE_BOUND('',#1766,.T.);
#1926=FACE_BOUND('',#1767,.T.);
#1927=FACE_BOUND('',#1768,.T.);
#1928=FACE_BOUND('',#1769,.T.);
#1929=FACE_BOUND('',#1770,.T.);
#1930=FACE_BOUND('',#1771,.T.);
#1931=FACE_BOUND('',#1772,.T.);
#1932=FACE_BOUND('',#1773,.T.);
#1933=FACE_BOUND('',#1774,.T.);
#1934=FACE_BOUND('',#1775,.T.);
#1935=FACE_BOUND('',#1776,.T.);
#1936=FACE_BOUND('',#1777,.T.);
#1937=FACE_BOUND('',#1778,.T.);
#1938=FACE_BOUND('',#1779,.T.);
#1939=FACE_BOUND('',#1780,.T.);
#1940=FACE_BOUND('',#1781,.T.);
#1941=FACE_BOUND('',#1782,.T.);
#1942=FACE_BOUND('',#1783,.T.);
#1943=FACE_BOUND('',#1784,.T.);
#1944=FACE_BOUND('',#1785,.T.);
#1945=FACE_BOUND('',#1786,.T.);
#1946=FACE_BOUND('',#1787,.T.);
#1947=FACE_BOUND('',#1788,.T.);
#1948=FACE_BOUND('',#1789,.T.);
#1949=FACE_BOUND('',#1790,.T.);
#1950=FACE_BOUND('',#1791,.T.);
#1951=FACE_BOUND('',#1792,.T.);
#1952=FACE_BOUND('',#1793,.T.);
#1953=FACE_BOUND('',#1794,.T.);
#1954=FACE_BOUND('',#1795,.T.);
#1955=FACE_BOUND('',#1796,.T.);
#1956=FACE_BOUND('',#1797,.T.);
#1957=FACE_BOUND('',#1798,.T.);
#1958=FACE_BOUND('',#1799,.T.);
#1959=FACE_BOUND('',#1800,.T.);
#1960=FACE_BOUND('',#1801,.T.);
#1961=FACE_BOUND('',#1802,.T.);
#1962=FACE_BOUND('',#1803,.T.);
#1963=FACE_BOUND('',#1804,.T.);
#1964=FACE_BOUND('',#1805,.T.);
#1965=FACE_BOUND('',#1806,.T.);
#1966=FACE_BOUND('',#1807,.T.);
#1967=FACE_BOUND('',#1808,.T.);
#1968=FACE_BOUND('',#1809,.T.);
#1969=FACE_BOUND('',#1810,.T.);
#1970=FACE_BOUND('',#1811,.T.);
#1971=FACE_BOUND('',#1812,.T.);
#1972=FACE_BOUND('',#1813,.T.);
#1973=FACE_BOUND('',#1814,.T.);
#1974=FACE_BOUND('',#1815,.T.);
#1975=FACE_BOUND('',#1816,.T.);
#1976=FACE_BOUND('',#1817,.T.);
#1977=FACE_BOUND('',#1818,.T.);
#1978=FACE_BOUND('',#1819,.T.);
#1979=FACE_BOUND('',#1820,.T.);
#1980=FACE_BOUND('',#1821,.T.);
#1981=FACE_BOUND('',#1822,.T.);
#1982=FACE_BOUND('',#1823,.T.);
#1983=FACE_BOUND('',#1824,.T.);
#1984=FACE_BOUND('',#1825,.T.);
#1985=FACE_BOUND('',#1826,.T.);
#1986=FACE_BOUND('',#1827,.T.);
#1987=FACE_BOUND('',#1828,.T.);
#1988=FACE_BOUND('',#1829,.T.);
#1989=FACE_BOUND('',#1830,.T.);
#1990=FACE_BOUND('',#1831,.T.);
#1991=FACE_BOUND('',#1832,.T.);
#1992=FACE_BOUND('',#1833,.T.);
#1993=FACE_BOUND('',#1834,.T.);
#1994=FACE_BOUND('',#1835,.T.);
#1995=FACE_BOUND('',#1836,.T.);
#1996=FACE_BOUND('',#1837,.T.);
#1997=FACE_BOUND('',#1838,.T.);
#1998=FACE_BOUND('',#1839,.T.);
#1999=FACE_BOUND('',#1840,.T.);
#2000=FACE_BOUND('',#1841,.T.);
#2001=FACE_BOUND('',#1842,.T.);
#2002=FACE_BOUND('',#1843,.T.);
#2003=FACE_BOUND('',#1844,.T.);
#2004=FACE_BOUND('',#1845,.T.);
#2005=FACE_BOUND('',#1846,.T.);
#2006=FACE_BOUND('',#1847,.T.);
#2007=FACE_BOUND('',#1848,.T.);
#2008=FACE_BOUND('',#1849,.T.);
#2009=FACE_BOUND('',#1850,.T.);
#2010=FACE_BOUND('',#1851,.T.);
#2011=FACE_BOUND('',#1852,.T.);
#2012=FACE_BOUND('',#1853,.T.);
#2013=FACE_BOUND('',#1854,.T.);
#2014=FACE_BOUND('',#1855,.T.);
#2015=FACE_BOUND('',#1856,.T.);
#2016=FACE_BOUND('',#1857,.T.);
#2017=FACE_BOUND('',#1858,.T.);
#2018=FACE_BOUND('',#1859,.T.);
#2019=FACE_BOUND('',#1860,.T.);
#2020=FACE_BOUND('',#1861,.T.);
#2021=FACE_BOUND('',#1862,.T.);
#2022=FACE_BOUND('',#1863,.T.);
#2023=FACE_BOUND('',#1864,.T.);
#2024=FACE_BOUND('',#1865,.T.);
#2025=FACE_BOUND('',#1866,.T.);
#2026=FACE_BOUND('',#1867,.T.);
#2027=FACE_BOUND('',#1868,.T.);
#2028=FACE_BOUND('',#1869,.T.);
#2029=FACE_BOUND('',#1870,.T.);
#2030=FACE_BOUND('',#1871,.T.);
#2031=FACE_BOUND('',#1872,.T.);
#2032=FACE_BOUND('',#1873,.T.);
#2033=FACE_BOUND('',#1874,.T.);
#2034=FACE_BOUND('',#1875,.T.);
#2035=FACE_BOUND('',#1876,.T.);
#2036=FACE_BOUND('',#1877,.T.);
#2037=FACE_BOUND('',#1878,.T.);
#2038=FACE_BOUND('',#1879,.T.);
#2039=FACE_BOUND('',#1880,.T.);
#2040=FACE_BOUND('',#1881,.T.);
#2041=FACE_BOUND('',#1882,.T.);
#2042=FACE_BOUND('',#1883,.T.);
#2043=FACE_BOUND('',#1884,.T.);
#2044=FACE_BOUND('',#1885,.T.);
#2045=FACE_BOUND('',#1886,.T.);
#2046=FACE_BOUND('',#1887,.T.);
#2047=FACE_BOUND('',#1888,.T.);
#2048=FACE_BOUND('',#1889,.T.);
#2049=FACE_BOUND('',#1890,.T.);
#2050=FACE_BOUND('',#1891,.T.);
#2051=FACE_BOUND('',#1892,.T.);
#2052=FACE_BOUND('',#1893,.T.);
#2053=FACE_BOUND('',#1894,.T.);
#2054=FACE_BOUND('',#1895,.T.);
#2055=FACE_BOUND('',#1896,.T.);
#2056=FACE_BOUND('',#1897,.T.);
#2057=FACE_BOUND('',#1898,.T.);
#2058=FACE_BOUND('',#1899,.T.);
#2059=FACE_BOUND('',#1900,.T.);
#2060=FACE_BOUND('',#1901,.T.);
#2061=FACE_BOUND('',#1902,.T.);
#2062=FACE_BOUND('',#1903,.T.);
#2063=FACE_BOUND('',#1904,.T.);
#2064=FACE_BOUND('',#1905,.T.);
#2065=FACE_BOUND('',#1906,.T.);
#2066=FACE_BOUND('',#1907,.T.);
#2067=FACE_BOUND('',#1908,.T.);
#2068=FACE_BOUND('',#1909,.T.);
#2069=FACE_BOUND('',#1910,.T.);
#2070=FACE_BOUND('',#1911,.T.);
#2071=FACE_BOUND('',#1912,.T.);
#2072=FACE_BOUND('',#1913,.T.);
#2073=FACE_BOUND('',#1914,.T.);
#2074=FACE_BOUND('',#1915,.T.);
#2075=PLANE('',#2272);
#2076=PLANE('',#2274);
#2077=PLANE('',#2279);
#2078=PLANE('',#2282);
#2079=PLANE('',#2284);
#2080=PLANE('',#2287);
#2081=PLANE('',#2292);
#2082=PLANE('',#2293);
#2083=PLANE('',#2294);
#2084=PLANE('',#2301);
#2085=PLANE('',#2317);
#2086=PLANE('',#2322);
#2087=PLANE('',#2327);
#2088=PLANE('',#2328);
#2089=PLANE('',#2333);
#2090=PLANE('',#2335);
#2091=PLANE('',#2336);
#2092=PLANE('',#2346);
#2093=PLANE('',#2348);
#2094=PLANE('',#2351);
#2095=PLANE('',#2357);
#2096=PLANE('',#2359);
#2097=PLANE('',#2361);
#2098=PLANE('',#2362);
#2099=PLANE('',#2363);
#2100=PLANE('',#2370);
#2101=PLANE('',#2378);
#2102=PLANE('',#2383);
#2103=PLANE('',#2384);
#2104=PLANE('',#2385);
#2105=PLANE('',#2386);
#2106=PLANE('',#2387);
#2107=PLANE('',#2388);
#2108=PLANE('',#2389);
#2109=PLANE('',#2394);
#2110=PLANE('',#2395);
#2111=PLANE('',#2396);
#2112=PLANE('',#2397);
#2113=PLANE('',#2398);
#2114=PLANE('',#2399);
#2115=PLANE('',#2400);
#2116=PLANE('',#2401);
#2117=PLANE('',#2468);
#2118=PLANE('',#2495);
#2119=PLANE('',#2498);
#2120=PLANE('',#2499);
#2121=PLANE('',#2502);
#2122=PLANE('',#2503);
#2123=PLANE('',#2506);
#2124=PLANE('',#2507);
#2125=PLANE('',#2510);
#2126=ADVANCED_FACE('',(#1916),#2075,.T.);
#2127=ADVANCED_FACE('',(#1917),#2076,.T.);
#2128=ADVANCED_FACE('',(#1918),#118,.T.);
#2129=ADVANCED_FACE('',(#1919),#119,.T.);
#2130=ADVANCED_FACE('',(#1920),#2077,.F.);
#2131=ADVANCED_FACE('',(#1921),#2078,.F.);
#2132=ADVANCED_FACE('',(#1922),#2079,.F.);
#2133=ADVANCED_FACE('',(#1923),#2080,.F.);
#2134=ADVANCED_FACE('',(#1924),#120,.T.);
#2135=ADVANCED_FACE('',(#1925),#121,.T.);
#2136=ADVANCED_FACE('',(#1926),#2081,.F.);
#2137=ADVANCED_FACE('',(#1927),#2082,.F.);
#2138=ADVANCED_FACE('',(#1928),#2083,.F.);
#2139=ADVANCED_FACE('',(#1929),#2084,.T.);
#2140=ADVANCED_FACE('',(#1930,#1931),#122,.F.);
#2141=ADVANCED_FACE('',(#1932),#123,.F.);
#2142=ADVANCED_FACE('',(#1933),#124,.F.);
#2143=ADVANCED_FACE('',(#1934),#2085,.F.);
#2144=ADVANCED_FACE('',(#1935),#2086,.T.);
#2145=ADVANCED_FACE('',(#1936,#1937),#2087,.T.);
#2146=ADVANCED_FACE('',(#1938),#2088,.F.);
#2147=ADVANCED_FACE('',(#1939),#2089,.F.);
#2148=ADVANCED_FACE('',(#1940),#2090,.F.);
#2149=ADVANCED_FACE('',(#1941,#1942),#2091,.T.);
#2150=ADVANCED_FACE('',(#1943),#2092,.F.);
#2151=ADVANCED_FACE('',(#1944,#1945),#2093,.T.);
#2152=ADVANCED_FACE('',(#1946,#1947),#2094,.T.);
#2153=ADVANCED_FACE('',(#1948),#2095,.T.);
#2154=ADVANCED_FACE('',(#1949),#2096,.T.);
#2155=ADVANCED_FACE('',(#1950),#2097,.F.);
#2156=ADVANCED_FACE('',(#1951),#2098,.T.);
#2157=ADVANCED_FACE('',(#1952,#1953,#1954,#1955),#2099,.F.);
#2158=ADVANCED_FACE('',(#1956,#1957),#125,.F.);
#2159=ADVANCED_FACE('',(#1958,#1959),#2100,.T.);
#2160=ADVANCED_FACE('',(#1960,#1961),#126,.F.);
#2161=ADVANCED_FACE('',(#1962,#1963),#127,.F.);
#2162=ADVANCED_FACE('',(#1964,#1965),#2101,.T.);
#2163=ADVANCED_FACE('',(#1966,#1967),#128,.F.);
#2164=ADVANCED_FACE('',(#1968),#2102,.F.);
#2165=ADVANCED_FACE('',(#1969),#2103,.F.);
#2166=ADVANCED_FACE('',(#1970),#2104,.F.);
#2167=ADVANCED_FACE('',(#1971),#2105,.F.);
#2168=ADVANCED_FACE('',(#1972),#2106,.F.);
#2169=ADVANCED_FACE('',(#1973),#2107,.F.);
#2170=ADVANCED_FACE('',(#1974,#1975),#2108,.T.);
#2171=ADVANCED_FACE('',(#1976),#129,.T.);
#2172=ADVANCED_FACE('',(#1977),#130,.T.);
#2173=ADVANCED_FACE('',(#1978),#131,.F.);
#2174=ADVANCED_FACE('',(#1979),#132,.F.);
#2175=ADVANCED_FACE('',(#1980),#2109,.T.);
#2176=ADVANCED_FACE('',(#1981),#2110,.T.);
#2177=ADVANCED_FACE('',(#1982),#2111,.T.);
#2178=ADVANCED_FACE('',(#1983),#2112,.F.);
#2179=ADVANCED_FACE('',(#1984),#2113,.T.);
#2180=ADVANCED_FACE('',(#1985),#2114,.T.);
#2181=ADVANCED_FACE('',(#1986),#2115,.F.);
#2182=ADVANCED_FACE('',(#1987),#2116,.T.);
#2183=ADVANCED_FACE('',(#1988),#133,.F.);
#2184=ADVANCED_FACE('',(#1989),#134,.T.);
#2185=ADVANCED_FACE('',(#1990),#135,.F.);
#2186=ADVANCED_FACE('',(#1991),#136,.F.);
#2187=ADVANCED_FACE('',(#1992),#137,.F.);
#2188=ADVANCED_FACE('',(#1993),#138,.T.);
#2189=ADVANCED_FACE('',(#1994),#139,.T.);
#2190=ADVANCED_FACE('',(#1995),#140,.F.);
#2191=ADVANCED_FACE('',(#1996),#141,.F.);
#2192=ADVANCED_FACE('',(#1997),#142,.F.);
#2193=ADVANCED_FACE('',(#1998),#143,.F.);
#2194=ADVANCED_FACE('',(#1999),#48,.T.);
#2195=ADVANCED_FACE('',(#2000),#32,.T.);
#2196=ADVANCED_FACE('',(#2001),#33,.T.);
#2197=ADVANCED_FACE('',(#2002),#49,.T.);
#2198=ADVANCED_FACE('',(#2003),#144,.T.);
#2199=ADVANCED_FACE('',(#2004),#34,.T.);
#2200=ADVANCED_FACE('',(#2005),#35,.T.);
#2201=ADVANCED_FACE('',(#2006),#50,.T.);
#2202=ADVANCED_FACE('',(#2007),#36,.T.);
#2203=ADVANCED_FACE('',(#2008),#37,.T.);
#2204=ADVANCED_FACE('',(#2009),#145,.T.);
#2205=ADVANCED_FACE('',(#2010),#38,.T.);
#2206=ADVANCED_FACE('',(#2011),#39,.T.);
#2207=ADVANCED_FACE('',(#2012),#51,.T.);
#2208=ADVANCED_FACE('',(#2013),#52,.T.);
#2209=ADVANCED_FACE('',(#2014),#40,.T.);
#2210=ADVANCED_FACE('',(#2015),#41,.T.);
#2211=ADVANCED_FACE('',(#2016),#53,.T.);
#2212=ADVANCED_FACE('',(#2017),#146,.T.);
#2213=ADVANCED_FACE('',(#2018),#42,.T.);
#2214=ADVANCED_FACE('',(#2019),#43,.T.);
#2215=ADVANCED_FACE('',(#2020),#54,.T.);
#2216=ADVANCED_FACE('',(#2021),#44,.T.);
#2217=ADVANCED_FACE('',(#2022),#45,.T.);
#2218=ADVANCED_FACE('',(#2023),#147,.T.);
#2219=ADVANCED_FACE('',(#2024),#46,.T.);
#2220=ADVANCED_FACE('',(#2025),#47,.T.);
#2221=ADVANCED_FACE('',(#2026),#55,.T.);
#2222=ADVANCED_FACE('',(#2027,#2028),#148,.F.);
#2223=ADVANCED_FACE('',(#2029,#2030),#2117,.T.);
#2224=ADVANCED_FACE('',(#2031,#2032),#149,.F.);
#2225=ADVANCED_FACE('',(#2033,#2034),#14,.F.);
#2226=ADVANCED_FACE('',(#2035,#2036),#15,.F.);
#2227=ADVANCED_FACE('',(#2037,#2038),#16,.F.);
#2228=ADVANCED_FACE('',(#2039,#2040),#17,.F.);
#2229=ADVANCED_FACE('',(#2041,#2042),#18,.F.);
#2230=ADVANCED_FACE('',(#2043),#19,.F.);
#2231=ADVANCED_FACE('',(#2044),#12,.T.);
#2232=ADVANCED_FACE('',(#2045),#20,.F.);
#2233=ADVANCED_FACE('',(#2046),#13,.T.);
#2234=ADVANCED_FACE('',(#2047,#2048),#21,.F.);
#2235=ADVANCED_FACE('',(#2049,#2050),#22,.F.);
#2236=ADVANCED_FACE('',(#2051),#150,.T.);
#2237=ADVANCED_FACE('',(#2052),#151,.T.);
#2238=ADVANCED_FACE('',(#2053),#152,.T.);
#2239=ADVANCED_FACE('',(#2054),#153,.T.);
#2240=ADVANCED_FACE('',(#2055),#154,.T.);
#2241=ADVANCED_FACE('',(#2056),#155,.T.);
#2242=ADVANCED_FACE('',(#2057,#2058),#23,.F.);
#2243=ADVANCED_FACE('',(#2059),#2118,.F.);
#2244=ADVANCED_FACE('',(#2060),#24,.T.);
#2245=ADVANCED_FACE('',(#2061),#25,.T.);
#2246=ADVANCED_FACE('',(#2062),#2119,.F.);
#2247=ADVANCED_FACE('',(#2063),#2120,.T.);
#2248=ADVANCED_FACE('',(#2064),#26,.F.);
#2249=ADVANCED_FACE('',(#2065),#27,.F.);
#2250=ADVANCED_FACE('',(#2066),#2121,.F.);
#2251=ADVANCED_FACE('',(#2067),#2122,.F.);
#2252=ADVANCED_FACE('',(#2068),#28,.T.);
#2253=ADVANCED_FACE('',(#2069),#29,.T.);
#2254=ADVANCED_FACE('',(#2070),#2123,.F.);
#2255=ADVANCED_FACE('',(#2071),#2124,.T.);
#2256=ADVANCED_FACE('',(#2072),#30,.T.);
#2257=ADVANCED_FACE('',(#2073),#31,.T.);
#2258=ADVANCED_FACE('',(#2074),#2125,.T.);
#2259=CLOSED_SHELL('',(#2126,#2127,#2128,#2129,#2130,#2131,#2132,#2133,
#2134,#2135,#2136,#2137,#2138,#2139,#2140,#2141,#2142,#2143,#2144,#2145,
#2146,#2147,#2148,#2149,#2150,#2151,#2152,#2153,#2154,#2155,#2156,#2157,
#2158,#2159,#2160,#2161,#2162,#2163,#2164,#2165,#2166,#2167,#2168,#2169,
#2170,#2171,#2172,#2173,#2174,#2175,#2176,#2177,#2178,#2179,#2180,#2181,
#2182,#2183,#2184,#2185,#2186,#2187,#2188,#2189,#2190,#2191,#2192,#2193,
#2194,#2195,#2196,#2197,#2198,#2199,#2200,#2201,#2202,#2203,#2204,#2205,
#2206,#2207,#2208,#2209,#2210,#2211,#2212,#2213,#2214,#2215,#2216,#2217,
#2218,#2219,#2220,#2221,#2222,#2223,#2224,#2225,#2226,#2227,#2228,#2229,
#2230,#2231,#2232,#2233,#2234,#2235,#2236,#2237,#2238,#2239,#2240,#2241,
#2242,#2243,#2244,#2245,#2246,#2247,#2248,#2249,#2250,#2251,#2252,#2253,
#2254,#2255,#2256,#2257,#2258));
#2260=STYLED_ITEM('',(#2261),#2268);
#2261=PRESENTATION_STYLE_ASSIGNMENT((#2262));
#2262=SURFACE_STYLE_USAGE(.BOTH.,#2263);
#2263=SURFACE_SIDE_STYLE('',(#2264));
#2264=SURFACE_STYLE_FILL_AREA(#2265);
#2265=FILL_AREA_STYLE('',(#2266));
#2266=FILL_AREA_STYLE_COLOUR('',#2267);
#2267=COLOUR_RGB('',0.647058823529412,0.647058823529412,0.647058823529412);
#2268=MANIFOLD_SOLID_BREP('Holder-W50-H75-LR-M6',#2259);
#2269=SHAPE_DEFINITION_REPRESENTATION(#4319,#2270);
#2270=SHAPE_REPRESENTATION('Holder-W50-H75-LR-M6',(#2271),#4314);
#2271=AXIS2_PLACEMENT_3D('',#3146,#2511,#2512);
#2272=AXIS2_PLACEMENT_3D('',#3147,#2513,#2514);
#2273=AXIS2_PLACEMENT_3D('',#3155,#2518,#2519);
#2274=AXIS2_PLACEMENT_3D('',#3156,#2520,#2521);
#2275=AXIS2_PLACEMENT_3D('',#3162,#2524,#2525);
#2276=AXIS2_PLACEMENT_3D('',#3165,#2527,#2528);
#2277=AXIS2_PLACEMENT_3D('',#3180,#2531,#2532);
#2278=AXIS2_PLACEMENT_3D('',#3191,#2535,#2536);
#2279=AXIS2_PLACEMENT_3D('',#3192,#2537,#2538);
#2280=AXIS2_PLACEMENT_3D('',#3196,#2540,#2541);
#2281=AXIS2_PLACEMENT_3D('',#3197,#2542,#2543);
#2282=AXIS2_PLACEMENT_3D('',#3198,#2544,#2545);
#2283=AXIS2_PLACEMENT_3D('',#3202,#2547,#2548);
#2284=AXIS2_PLACEMENT_3D('',#3204,#2550,#2551);
#2285=AXIS2_PLACEMENT_3D('',#3208,#2553,#2554);
#2286=AXIS2_PLACEMENT_3D('',#3212,#2556,#2557);
#2287=AXIS2_PLACEMENT_3D('',#3213,#2558,#2559);
#2288=AXIS2_PLACEMENT_3D('',#3217,#2561,#2562);
#2289=AXIS2_PLACEMENT_3D('',#3222,#2565,#2566);
#2290=AXIS2_PLACEMENT_3D('',#3234,#2568,#2569);
#2291=AXIS2_PLACEMENT_3D('',#3242,#2571,#2572);
#2292=AXIS2_PLACEMENT_3D('',#3243,#2573,#2574);
#2293=AXIS2_PLACEMENT_3D('',#3266,#2577,#2578);
#2294=AXIS2_PLACEMENT_3D('',#3285,#2583,#2584);
#2295=AXIS2_PLACEMENT_3D('',#3293,#2588,#2589);
#2296=AXIS2_PLACEMENT_3D('',#3297,#2591,#2592);
#2297=AXIS2_PLACEMENT_3D('',#3301,#2594,#2595);
#2298=AXIS2_PLACEMENT_3D('',#3305,#2597,#2598);
#2299=AXIS2_PLACEMENT_3D('',#3309,#2600,#2601);
#2300=AXIS2_PLACEMENT_3D('',#3313,#2603,#2604);
#2301=AXIS2_PLACEMENT_3D('',#3314,#2605,#2606);
#2302=AXIS2_PLACEMENT_3D('',#3322,#2610,#2611);
#2303=AXIS2_PLACEMENT_3D('',#3326,#2613,#2614);
#2304=AXIS2_PLACEMENT_3D('',#3330,#2616,#2617);
#2305=AXIS2_PLACEMENT_3D('',#3334,#2619,#2620);
#2306=AXIS2_PLACEMENT_3D('',#3338,#2622,#2623);
#2307=AXIS2_PLACEMENT_3D('',#3342,#2625,#2626);
#2308=AXIS2_PLACEMENT_3D('',#3343,#2627,#2628);
#2309=AXIS2_PLACEMENT_3D('',#3344,#2629,#2630);
#2310=AXIS2_PLACEMENT_3D('',#3346,#2631,#2632);
#2311=AXIS2_PLACEMENT_3D('',#3348,#2633,#2634);
#2312=AXIS2_PLACEMENT_3D('',#3349,#2635,#2636);
#2313=AXIS2_PLACEMENT_3D('',#3376,#2638,#2639);
#2314=AXIS2_PLACEMENT_3D('',#3385,#2641,#2642);
#2315=AXIS2_PLACEMENT_3D('',#3389,#2644,#2645);
#2316=AXIS2_PLACEMENT_3D('',#3398,#2647,#2648);
#2317=AXIS2_PLACEMENT_3D('',#3422,#2649,#2650);
#2318=AXIS2_PLACEMENT_3D('',#3426,#2652,#2653);
#2319=AXIS2_PLACEMENT_3D('',#3430,#2655,#2656);
#2320=AXIS2_PLACEMENT_3D('',#3434,#2658,#2659);
#2321=AXIS2_PLACEMENT_3D('',#3438,#2662,#2663);
#2322=AXIS2_PLACEMENT_3D('',#3439,#2664,#2665);
#2323=AXIS2_PLACEMENT_3D('',#3440,#2666,#2667);
#2324=AXIS2_PLACEMENT_3D('',#3444,#2669,#2670);
#2325=AXIS2_PLACEMENT_3D('',#3453,#2675,#2676);
#2326=AXIS2_PLACEMENT_3D('',#3457,#2678,#2679);
#2327=AXIS2_PLACEMENT_3D('',#3458,#2680,#2681);
#2328=AXIS2_PLACEMENT_3D('',#3479,#2692,#2693);
#2329=AXIS2_PLACEMENT_3D('',#3483,#2695,#2696);
#2330=AXIS2_PLACEMENT_3D('',#3484,#2697,#2698);
#2331=AXIS2_PLACEMENT_3D('',#3488,#2700,#2701);
#2332=AXIS2_PLACEMENT_3D('',#3497,#2706,#2707);
#2333=AXIS2_PLACEMENT_3D('',#3498,#2708,#2709);
#2334=AXIS2_PLACEMENT_3D('',#3499,#2710,#2711);
#2335=AXIS2_PLACEMENT_3D('',#3504,#2714,#2715);
#2336=AXIS2_PLACEMENT_3D('',#3517,#2718,#2719);
#2337=AXIS2_PLACEMENT_3D('',#3518,#2720,#2721);
#2338=AXIS2_PLACEMENT_3D('',#3520,#2722,#2723);
#2339=AXIS2_PLACEMENT_3D('',#3525,#2725,#2726);
#2340=AXIS2_PLACEMENT_3D('',#3529,#2728,#2729);
#2341=AXIS2_PLACEMENT_3D('',#3533,#2731,#2732);
#2342=AXIS2_PLACEMENT_3D('',#3537,#2734,#2735);
#2343=AXIS2_PLACEMENT_3D('',#3541,#2737,#2738);
#2344=AXIS2_PLACEMENT_3D('',#3545,#2740,#2741);
#2345=AXIS2_PLACEMENT_3D('',#3549,#2743,#2744);
#2346=AXIS2_PLACEMENT_3D('',#3552,#2746,#2747);
#2347=AXIS2_PLACEMENT_3D('',#3556,#2749,#2750);
#2348=AXIS2_PLACEMENT_3D('',#3558,#2752,#2753);
#2349=AXIS2_PLACEMENT_3D('',#3567,#2758,#2759);
#2350=AXIS2_PLACEMENT_3D('',#3568,#2760,#2761);
#2351=AXIS2_PLACEMENT_3D('',#3569,#2762,#2763);
#2352=AXIS2_PLACEMENT_3D('',#3570,#2764,#2765);
#2353=AXIS2_PLACEMENT_3D('',#3572,#2766,#2767);
#2354=AXIS2_PLACEMENT_3D('',#3573,#2768,#2769);
#2355=AXIS2_PLACEMENT_3D('',#3574,#2770,#2771);
#2356=AXIS2_PLACEMENT_3D('',#3575,#2772,#2773);
#2357=AXIS2_PLACEMENT_3D('',#3576,#2774,#2775);
#2358=AXIS2_PLACEMENT_3D('',#3581,#2778,#2779);
#2359=AXIS2_PLACEMENT_3D('',#3582,#2780,#2781);
#2360=AXIS2_PLACEMENT_3D('',#3583,#2782,#2783);
#2361=AXIS2_PLACEMENT_3D('',#3586,#2785,#2786);
#2362=AXIS2_PLACEMENT_3D('',#3592,#2790,#2791);
#2363=AXIS2_PLACEMENT_3D('',#3598,#2795,#2796);
#2364=AXIS2_PLACEMENT_3D('',#3599,#2797,#2798);
#2365=AXIS2_PLACEMENT_3D('',#3601,#2799,#2800);
#2366=AXIS2_PLACEMENT_3D('',#3603,#2801,#2802);
#2367=AXIS2_PLACEMENT_3D('',#3610,#2806,#2807);
#2368=AXIS2_PLACEMENT_3D('',#3611,#2808,#2809);
#2369=AXIS2_PLACEMENT_3D('',#3613,#2810,#2811);
#2370=AXIS2_PLACEMENT_3D('',#3615,#2812,#2813);
#2371=AXIS2_PLACEMENT_3D('',#3616,#2814,#2815);
#2372=AXIS2_PLACEMENT_3D('',#3618,#2816,#2817);
#2373=AXIS2_PLACEMENT_3D('',#3620,#2818,#2819);
#2374=AXIS2_PLACEMENT_3D('',#3621,#2820,#2821);
#2375=AXIS2_PLACEMENT_3D('',#3663,#2822,#2823);
#2376=AXIS2_PLACEMENT_3D('',#3664,#2824,#2825);
#2377=AXIS2_PLACEMENT_3D('',#3666,#2826,#2827);
#2378=AXIS2_PLACEMENT_3D('',#3668,#2828,#2829);
#2379=AXIS2_PLACEMENT_3D('',#3669,#2830,#2831);
#2380=AXIS2_PLACEMENT_3D('',#3671,#2832,#2833);
#2381=AXIS2_PLACEMENT_3D('',#3673,#2834,#2835);
#2382=AXIS2_PLACEMENT_3D('',#3674,#2836,#2837);
#2383=AXIS2_PLACEMENT_3D('',#3716,#2838,#2839);
#2384=AXIS2_PLACEMENT_3D('',#3722,#2843,#2844);
#2385=AXIS2_PLACEMENT_3D('',#3726,#2847,#2848);
#2386=AXIS2_PLACEMENT_3D('',#3730,#2851,#2852);
#2387=AXIS2_PLACEMENT_3D('',#3734,#2855,#2856);
#2388=AXIS2_PLACEMENT_3D('',#3738,#2859,#2860);
#2389=AXIS2_PLACEMENT_3D('',#3740,#2862,#2863);
#2390=AXIS2_PLACEMENT_3D('',#3741,#2864,#2865);
#2391=AXIS2_PLACEMENT_3D('',#3746,#2866,#2867);
#2392=AXIS2_PLACEMENT_3D('',#3751,#2868,#2869);
#2393=AXIS2_PLACEMENT_3D('',#3752,#2870,#2871);
#2394=AXIS2_PLACEMENT_3D('',#3753,#2872,#2873);
#2395=AXIS2_PLACEMENT_3D('',#3759,#2877,#2878);
#2396=AXIS2_PLACEMENT_3D('',#3765,#2882,#2883);
#2397=AXIS2_PLACEMENT_3D('',#3779,#2887,#2888);
#2398=AXIS2_PLACEMENT_3D('',#3793,#2892,#2893);
#2399=AXIS2_PLACEMENT_3D('',#3799,#2897,#2898);
#2400=AXIS2_PLACEMENT_3D('',#3805,#2902,#2903);
#2401=AXIS2_PLACEMENT_3D('',#3819,#2907,#2908);
#2402=AXIS2_PLACEMENT_3D('',#3833,#2912,#2913);
#2403=AXIS2_PLACEMENT_3D('',#3834,#2914,#2915);
#2404=AXIS2_PLACEMENT_3D('',#3841,#2916,#2917);
#2405=AXIS2_PLACEMENT_3D('',#3842,#2918,#2919);
#2406=AXIS2_PLACEMENT_3D('',#3843,#2920,#2921);
#2407=AXIS2_PLACEMENT_3D('',#3844,#2922,#2923);
#2408=AXIS2_PLACEMENT_3D('',#3851,#2924,#2925);
#2409=AXIS2_PLACEMENT_3D('',#3852,#2926,#2927);
#2410=AXIS2_PLACEMENT_3D('',#3853,#2928,#2929);
#2411=AXIS2_PLACEMENT_3D('',#3860,#2930,#2931);
#2412=AXIS2_PLACEMENT_3D('',#3861,#2932,#2933);
#2413=AXIS2_PLACEMENT_3D('',#3862,#2934,#2935);
#2414=AXIS2_PLACEMENT_3D('',#3869,#2936,#2937);
#2415=AXIS2_PLACEMENT_3D('',#3870,#2938,#2939);
#2416=AXIS2_PLACEMENT_3D('',#3871,#2940,#2941);
#2417=AXIS2_PLACEMENT_3D('',#3886,#2942,#2943);
#2418=AXIS2_PLACEMENT_3D('',#3887,#2944,#2945);
#2419=AXIS2_PLACEMENT_3D('',#3894,#2946,#2947);
#2420=AXIS2_PLACEMENT_3D('',#3895,#2948,#2949);
#2421=AXIS2_PLACEMENT_3D('',#3896,#2950,#2951);
#2422=AXIS2_PLACEMENT_3D('',#3903,#2952,#2953);
#2423=AXIS2_PLACEMENT_3D('',#3904,#2954,#2955);
#2424=AXIS2_PLACEMENT_3D('',#3905,#2956,#2957);
#2425=AXIS2_PLACEMENT_3D('',#3912,#2958,#2959);
#2426=AXIS2_PLACEMENT_3D('',#3913,#2960,#2961);
#2427=AXIS2_PLACEMENT_3D('',#3914,#2962,#2963);
#2428=AXIS2_PLACEMENT_3D('',#3921,#2964,#2965);
#2429=AXIS2_PLACEMENT_3D('',#3922,#2966,#2967);
#2430=AXIS2_PLACEMENT_3D('',#3923,#2968,#2969);
#2431=AXIS2_PLACEMENT_3D('',#3936,#2970,#2971);
#2432=AXIS2_PLACEMENT_3D('',#3949,#2972,#2973);
#2433=AXIS2_PLACEMENT_3D('',#3950,#2974,#2975);
#2434=AXIS2_PLACEMENT_3D('',#3951,#2976,#2977);
#2435=AXIS2_PLACEMENT_3D('',#3952,#2978,#2979);
#2436=AXIS2_PLACEMENT_3D('',#3953,#2980,#2981);
#2437=AXIS2_PLACEMENT_3D('',#3966,#2982,#2983);
#2438=AXIS2_PLACEMENT_3D('',#3979,#2984,#2985);
#2439=AXIS2_PLACEMENT_3D('',#3980,#2986,#2987);
#2440=AXIS2_PLACEMENT_3D('',#3993,#2988,#2989);
#2441=AXIS2_PLACEMENT_3D('',#4006,#2990,#2991);
#2442=AXIS2_PLACEMENT_3D('',#4007,#2992,#2993);
#2443=AXIS2_PLACEMENT_3D('',#4008,#2994,#2995);
#2444=AXIS2_PLACEMENT_3D('',#4021,#2996,#2997);
#2445=AXIS2_PLACEMENT_3D('',#4034,#2998,#2999);
#2446=AXIS2_PLACEMENT_3D('',#4035,#3000,#3001);
#2447=AXIS2_PLACEMENT_3D('',#4036,#3002,#3003);
#2448=AXIS2_PLACEMENT_3D('',#4037,#3004,#3005);
#2449=AXIS2_PLACEMENT_3D('',#4050,#3006,#3007);
#2450=AXIS2_PLACEMENT_3D('',#4063,#3008,#3009);
#2451=AXIS2_PLACEMENT_3D('',#4064,#3010,#3011);
#2452=AXIS2_PLACEMENT_3D('',#4065,#3012,#3013);
#2453=AXIS2_PLACEMENT_3D('',#4066,#3014,#3015);
#2454=AXIS2_PLACEMENT_3D('',#4067,#3016,#3017);
#2455=AXIS2_PLACEMENT_3D('',#4080,#3018,#3019);
#2456=AXIS2_PLACEMENT_3D('',#4093,#3020,#3021);
#2457=AXIS2_PLACEMENT_3D('',#4094,#3022,#3023);
#2458=AXIS2_PLACEMENT_3D('',#4107,#3024,#3025);
#2459=AXIS2_PLACEMENT_3D('',#4120,#3026,#3027);
#2460=AXIS2_PLACEMENT_3D('',#4121,#3028,#3029);
#2461=AXIS2_PLACEMENT_3D('',#4122,#3030,#3031);
#2462=AXIS2_PLACEMENT_3D('',#4135,#3032,#3033);
#2463=AXIS2_PLACEMENT_3D('',#4148,#3034,#3035);
#2464=AXIS2_PLACEMENT_3D('',#4149,#3036,#3037);
#2465=AXIS2_PLACEMENT_3D('',#4150,#3038,#3039);
#2466=AXIS2_PLACEMENT_3D('',#4151,#3040,#3041);
#2467=AXIS2_PLACEMENT_3D('',#4153,#3042,#3043);
#2468=AXIS2_PLACEMENT_3D('',#4155,#3044,#3045);
#2469=AXIS2_PLACEMENT_3D('',#4156,#3046,#3047);
#2470=AXIS2_PLACEMENT_3D('',#4158,#3048,#3049);
#2471=AXIS2_PLACEMENT_3D('',#4160,#3050,#3051);
#2472=AXIS2_PLACEMENT_3D('',#4161,#3052,#3053);
#2473=AXIS2_PLACEMENT_3D('',#4163,#3054,#3055);
#2474=AXIS2_PLACEMENT_3D('',#4164,#3056,#3057);
#2475=AXIS2_PLACEMENT_3D('',#4165,#3058,#3059);
#2476=AXIS2_PLACEMENT_3D('',#4166,#3060,#3061);
#2477=AXIS2_PLACEMENT_3D('',#4167,#3062,#3063);
#2478=AXIS2_PLACEMENT_3D('',#4168,#3064,#3065);
#2479=AXIS2_PLACEMENT_3D('',#4217,#3066,#3067);
#2480=AXIS2_PLACEMENT_3D('',#4266,#3068,#3069);
#2481=AXIS2_PLACEMENT_3D('',#4267,#3070,#3071);
#2482=AXIS2_PLACEMENT_3D('',#4268,#3072,#3073);
#2483=AXIS2_PLACEMENT_3D('',#4269,#3074,#3075);
#2484=AXIS2_PLACEMENT_3D('',#4270,#3076,#3077);
#2485=AXIS2_PLACEMENT_3D('',#4271,#3078,#3079);
#2486=AXIS2_PLACEMENT_3D('',#4272,#3080,#3081);
#2487=AXIS2_PLACEMENT_3D('',#4273,#3082,#3083);
#2488=AXIS2_PLACEMENT_3D('',#4274,#3084,#3085);
#2489=AXIS2_PLACEMENT_3D('',#4275,#3086,#3087);
#2490=AXIS2_PLACEMENT_3D('',#4276,#3088,#3089);
#2491=AXIS2_PLACEMENT_3D('',#4277,#3090,#3091);
#2492=AXIS2_PLACEMENT_3D('',#4278,#3092,#3093);
#2493=AXIS2_PLACEMENT_3D('',#4279,#3094,#3095);
#2494=AXIS2_PLACEMENT_3D('',#4280,#3096,#3097);
#2495=AXIS2_PLACEMENT_3D('',#4281,#3098,#3099);
#2496=AXIS2_PLACEMENT_3D('',#4284,#3102,#3103);
#2497=AXIS2_PLACEMENT_3D('',#4286,#3105,#3106);
#2498=AXIS2_PLACEMENT_3D('',#4288,#3108,#3109);
#2499=AXIS2_PLACEMENT_3D('',#4290,#3111,#3112);
#2500=AXIS2_PLACEMENT_3D('',#4292,#3114,#3115);
#2501=AXIS2_PLACEMENT_3D('',#4294,#3117,#3118);
#2502=AXIS2_PLACEMENT_3D('',#4296,#3120,#3121);
#2503=AXIS2_PLACEMENT_3D('',#4298,#3123,#3124);
#2504=AXIS2_PLACEMENT_3D('',#4300,#3126,#3127);
#2505=AXIS2_PLACEMENT_3D('',#4302,#3129,#3130);
#2506=AXIS2_PLACEMENT_3D('',#4304,#3132,#3133);
#2507=AXIS2_PLACEMENT_3D('',#4306,#3135,#3136);
#2508=AXIS2_PLACEMENT_3D('',#4308,#3138,#3139);
#2509=AXIS2_PLACEMENT_3D('',#4310,#3141,#3142);
#2510=AXIS2_PLACEMENT_3D('',#4312,#3144,#3145);
#2511=DIRECTION('',(0.,0.,1.));
#2512=DIRECTION('',(1.,0.,0.));
#2513=DIRECTION('',(0.,0.,1.));
#2514=DIRECTION('',(1.,0.,0.));
#2515=DIRECTION('',(0.,1.,0.));
#2516=DIRECTION('',(-1.,0.,0.));
#2517=DIRECTION('',(0.,-1.,0.));
#2518=DIRECTION('',(0.,0.,1.));
#2519=DIRECTION('',(1.,0.,0.));
#2520=DIRECTION('',(0.,0.,1.));
#2521=DIRECTION('',(1.,0.,0.));
#2522=DIRECTION('',(-1.,0.,0.));
#2523=DIRECTION('',(0.,-1.,0.));
#2524=DIRECTION('',(0.,0.,1.));
#2525=DIRECTION('',(1.,0.,0.));
#2526=DIRECTION('',(0.,1.,0.));
#2527=DIRECTION('',(0.,0.,1.));
#2528=DIRECTION('',(1.,0.,0.));
#2529=DIRECTION('',(0.,0.,-1.));
#2530=DIRECTION('',(0.,0.,-1.));
#2531=DIRECTION('',(0.,0.,1.));
#2532=DIRECTION('',(1.,0.,0.));
#2533=DIRECTION('',(0.,0.,-1.));
#2534=DIRECTION('',(0.,0.,-1.));
#2535=DIRECTION('',(0.,0.,1.));
#2536=DIRECTION('',(1.,0.,0.));
#2537=DIRECTION('',(-1.,0.,0.));
#2538=DIRECTION('',(0.,0.,1.));
#2539=DIRECTION('',(0.,0.,-1.));
#2540=DIRECTION('',(-1.,0.,0.));
#2541=DIRECTION('',(0.,0.,1.));
#2542=DIRECTION('',(-1.,0.,0.));
#2543=DIRECTION('',(0.,0.,1.));
#2544=DIRECTION('',(-1.,0.,0.));
#2545=DIRECTION('',(0.,0.,1.));
#2546=DIRECTION('',(0.,0.,-1.));
#2547=DIRECTION('',(-1.,0.,0.));
#2548=DIRECTION('',(0.,0.,1.));
#2549=DIRECTION('',(0.,1.,0.));
#2550=DIRECTION('',(1.,0.,0.));
#2551=DIRECTION('',(0.,0.,-1.));
#2552=DIRECTION('',(0.,0.,-1.));
#2553=DIRECTION('',(1.,0.,0.));
#2554=DIRECTION('',(0.,0.,-1.));
#2555=DIRECTION('',(0.,0.,-1.));
#2556=DIRECTION('',(1.,0.,0.));
#2557=DIRECTION('',(0.,0.,-1.));
#2558=DIRECTION('',(1.,0.,0.));
#2559=DIRECTION('',(0.,0.,-1.));
#2560=DIRECTION('',(0.,0.,-1.));
#2561=DIRECTION('',(1.,0.,0.));
#2562=DIRECTION('',(0.,0.,-1.));
#2563=DIRECTION('',(0.,0.,-1.));
#2564=DIRECTION('',(0.,-1.,0.));
#2565=DIRECTION('',(0.,0.,-1.));
#2566=DIRECTION('',(-1.,0.,0.));
#2567=DIRECTION('',(0.,0.,-1.));
#2568=DIRECTION('',(0.,0.,-1.));
#2569=DIRECTION('',(-1.,0.,0.));
#2570=DIRECTION('',(0.,0.,-1.));
#2571=DIRECTION('',(0.,0.,1.));
#2572=DIRECTION('',(1.,0.,0.));
#2573=DIRECTION('',(0.,-1.,0.));
#2574=DIRECTION('',(0.,0.,-1.));
#2575=DIRECTION('',(-1.,0.,0.));
#2576=DIRECTION('',(-1.,0.,0.));
#2577=DIRECTION('',(0.,-1.,0.));
#2578=DIRECTION('',(0.,0.,-1.));
#2579=DIRECTION('',(-1.,0.,0.));
#2580=DIRECTION('',(0.,0.,-1.));
#2581=DIRECTION('',(-1.,0.,0.));
#2582=DIRECTION('',(0.,0.,-1.));
#2583=DIRECTION('',(-1.,0.,0.));
#2584=DIRECTION('',(0.,0.,1.));
#2585=DIRECTION('',(0.,1.,0.));
#2586=DIRECTION('',(0.,0.,1.));
#2587=DIRECTION('',(0.,1.,0.));
#2588=DIRECTION('',(-1.,0.,0.));
#2589=DIRECTION('',(0.,0.,1.));
#2590=DIRECTION('',(0.,-1.,0.));
#2591=DIRECTION('',(-1.,0.,0.));
#2592=DIRECTION('',(0.,0.,1.));
#2593=DIRECTION('',(0.,0.,1.));
#2594=DIRECTION('',(-1.,0.,0.));
#2595=DIRECTION('',(0.,0.,1.));
#2596=DIRECTION('',(0.,-1.,0.));
#2597=DIRECTION('',(-1.,0.,0.));
#2598=DIRECTION('',(0.,0.,1.));
#2599=DIRECTION('',(0.,-1.,0.));
#2600=DIRECTION('',(-1.,0.,0.));
#2601=DIRECTION('',(0.,0.,1.));
#2602=DIRECTION('',(0.,0.,1.));
#2603=DIRECTION('',(-1.,0.,0.));
#2604=DIRECTION('',(0.,0.,1.));
#2605=DIRECTION('',(-1.,0.,0.));
#2606=DIRECTION('',(0.,0.,1.));
#2607=DIRECTION('',(0.,1.,0.));
#2608=DIRECTION('',(0.,0.,-1.));
#2609=DIRECTION('',(0.,1.,0.));
#2610=DIRECTION('',(-1.,0.,0.));
#2611=DIRECTION('',(0.,0.,1.));
#2612=DIRECTION('',(0.,0.,1.));
#2613=DIRECTION('',(-1.,0.,0.));
#2614=DIRECTION('',(0.,0.,1.));
#2615=DIRECTION('',(0.,-1.,0.));
#2616=DIRECTION('',(-1.,0.,0.));
#2617=DIRECTION('',(0.,0.,1.));
#2618=DIRECTION('',(0.,-1.,0.));
#2619=DIRECTION('',(-1.,0.,0.));
#2620=DIRECTION('',(0.,0.,1.));
#2621=DIRECTION('',(0.,0.,1.));
#2622=DIRECTION('',(-1.,0.,0.));
#2623=DIRECTION('',(0.,0.,1.));
#2624=DIRECTION('',(0.,-1.,0.));
#2625=DIRECTION('',(-1.,0.,0.));
#2626=DIRECTION('',(0.,0.,1.));
#2627=DIRECTION('',(0.,1.,0.));
#2628=DIRECTION('',(0.,0.,1.));
#2629=DIRECTION('',(0.,1.,0.));
#2630=DIRECTION('',(0.,0.,1.));
#2631=DIRECTION('',(0.,-1.,0.));
#2632=DIRECTION('',(0.,0.,-1.));
#2633=DIRECTION('',(0.,-1.,0.));
#2634=DIRECTION('',(0.,0.,-1.));
#2635=DIRECTION('',(0.,1.,0.));
#2636=DIRECTION('',(0.,0.,1.));
#2637=DIRECTION('',(0.,1.,0.));
#2638=DIRECTION('',(-1.82602471155453E-16,1.,0.));
#2639=DIRECTION('',(-1.,-1.82602471155453E-16,0.));
#2640=DIRECTION('',(0.,-1.,0.));
#2641=DIRECTION('',(0.,1.,0.));
#2642=DIRECTION('',(0.,0.,1.));
#2643=DIRECTION('',(0.,1.,0.));
#2644=DIRECTION('',(0.,1.,0.));
#2645=DIRECTION('',(0.,0.,1.));
#2646=DIRECTION('',(0.,1.,0.));
#2647=DIRECTION('',(-1.82602471155453E-16,1.,0.));
#2648=DIRECTION('',(-1.,-1.82602471155453E-16,0.));
#2649=DIRECTION('',(0.,1.,0.));
#2650=DIRECTION('',(0.,0.,1.));
#2651=DIRECTION('',(0.,0.,1.));
#2652=DIRECTION('',(0.,1.,0.));
#2653=DIRECTION('',(0.,0.,1.));
#2654=DIRECTION('',(-1.,0.,0.));
#2655=DIRECTION('',(0.,1.,0.));
#2656=DIRECTION('',(0.,0.,1.));
#2657=DIRECTION('',(0.,0.,1.));
#2658=DIRECTION('',(0.,1.,0.));
#2659=DIRECTION('',(0.,0.,1.));
#2660=DIRECTION('',(1.,0.,0.));
#2661=DIRECTION('',(-1.,0.,0.));
#2662=DIRECTION('',(0.,1.,0.));
#2663=DIRECTION('',(0.,0.,1.));
#2664=DIRECTION('',(0.965925826289068,0.258819045102521,0.));
#2665=DIRECTION('',(-0.258819045102521,0.965925826289068,0.));
#2666=DIRECTION('',(0.965925826289068,0.258819045102521,0.));
#2667=DIRECTION('',(0.258819045102521,-0.965925826289068,0.));
#2668=DIRECTION('',(0.,0.,-1.));
#2669=DIRECTION('',(0.965925826289068,0.258819045102521,0.));
#2670=DIRECTION('',(-0.258819045102521,0.965925826289068,0.));
#2671=DIRECTION('',(0.,0.,-1.));
#2672=DIRECTION('',(0.258819045102521,-0.965925826289068,0.));
#2673=DIRECTION('',(0.,0.,-1.));
#2674=DIRECTION('',(0.258819045102521,-0.965925826289068,0.));
#2675=DIRECTION('',(0.965925826289068,0.258819045102521,0.));
#2676=DIRECTION('',(0.258819045102521,-0.965925826289068,0.));
#2677=DIRECTION('',(0.,0.,-1.));
#2678=DIRECTION('',(0.965925826289068,0.258819045102521,0.));
#2679=DIRECTION('',(-0.258819045102521,0.965925826289068,0.));
#2680=DIRECTION('',(0.,-1.,0.));
#2681=DIRECTION('',(0.,0.,-1.));
#2682=DIRECTION('',(0.,0.,1.));
#2683=DIRECTION('',(0.866025403784439,0.,0.5));
#2684=DIRECTION('',(0.866025403784439,0.,-0.5));
#2685=DIRECTION('',(-1.51902386121047E-16,0.,-1.));
#2686=DIRECTION('',(-0.866025403784439,0.,-0.5));
#2687=DIRECTION('',(-0.866025403784438,0.,0.5));
#2688=DIRECTION('',(-1.,0.,0.));
#2689=DIRECTION('',(0.,0.,-1.));
#2690=DIRECTION('',(-1.,0.,0.));
#2691=DIRECTION('',(0.,0.,-1.));
#2692=DIRECTION('',(0.965925826289068,-0.25881904510252,0.));
#2693=DIRECTION('',(0.25881904510252,0.965925826289068,0.));
#2694=DIRECTION('',(0.,0.,1.));
#2695=DIRECTION('',(0.965925826289068,-0.25881904510252,0.));
#2696=DIRECTION('',(0.25881904510252,0.965925826289068,0.));
#2697=DIRECTION('',(0.965925826289068,-0.25881904510252,0.));
#2698=DIRECTION('',(-0.25881904510252,-0.965925826289068,0.));
#2699=DIRECTION('',(0.,0.,1.));
#2700=DIRECTION('',(0.965925826289068,-0.25881904510252,0.));
#2701=DIRECTION('',(0.25881904510252,0.965925826289068,0.));
#2702=DIRECTION('',(-0.25881904510252,-0.965925826289068,0.));
#2703=DIRECTION('',(0.,0.,-1.));
#2704=DIRECTION('',(-0.25881904510252,-0.965925826289068,0.));
#2705=DIRECTION('',(0.,0.,-1.));
#2706=DIRECTION('',(0.965925826289068,-0.25881904510252,0.));
#2707=DIRECTION('',(-0.25881904510252,-0.965925826289068,0.));
#2708=DIRECTION('',(1.,0.,0.));
#2709=DIRECTION('',(0.,0.,-1.));
#2710=DIRECTION('',(1.,0.,0.));
#2711=DIRECTION('',(0.,0.,-1.));
#2712=DIRECTION('',(0.,0.,-1.));
#2713=DIRECTION('',(0.,-1.,0.));
#2714=DIRECTION('',(0.,-1.,0.));
#2715=DIRECTION('',(0.,0.,-1.));
#2716=DIRECTION('',(-1.,0.,0.));
#2717=DIRECTION('',(-1.,0.,0.));
#2718=DIRECTION('',(0.,1.,0.));
#2719=DIRECTION('',(0.,0.,1.));
#2720=DIRECTION('',(0.,1.,0.));
#2721=DIRECTION('',(0.,0.,1.));
#2722=DIRECTION('',(0.,1.,0.));
#2723=DIRECTION('',(0.,0.,1.));
#2724=DIRECTION('',(-1.,0.,0.));
#2725=DIRECTION('',(0.,1.,0.));
#2726=DIRECTION('',(0.,0.,1.));
#2727=DIRECTION('',(0.,0.,1.));
#2728=DIRECTION('',(0.,1.,0.));
#2729=DIRECTION('',(0.,0.,1.));
#2730=DIRECTION('',(1.,0.,0.));
#2731=DIRECTION('',(0.,1.,0.));
#2732=DIRECTION('',(0.,0.,1.));
#2733=DIRECTION('',(0.,0.,1.));
#2734=DIRECTION('',(0.,1.,0.));
#2735=DIRECTION('',(0.,0.,1.));
#2736=DIRECTION('',(1.,0.,0.));
#2737=DIRECTION('',(0.,1.,0.));
#2738=DIRECTION('',(0.,0.,1.));
#2739=DIRECTION('',(0.,0.,-1.));
#2740=DIRECTION('',(0.,1.,0.));
#2741=DIRECTION('',(0.,0.,1.));
#2742=DIRECTION('',(1.,0.,0.));
#2743=DIRECTION('',(0.,1.,0.));
#2744=DIRECTION('',(0.,0.,1.));
#2745=DIRECTION('',(0.,0.,-1.));
#2746=DIRECTION('',(-1.,0.,0.));
#2747=DIRECTION('',(0.,0.,1.));
#2748=DIRECTION('',(0.,0.,-1.));
#2749=DIRECTION('',(-1.,0.,0.));
#2750=DIRECTION('',(0.,0.,1.));
#2751=DIRECTION('',(0.,1.,0.));
#2752=DIRECTION('',(0.,0.,1.));
#2753=DIRECTION('',(1.,0.,0.));
#2754=DIRECTION('',(0.,1.,0.));
#2755=DIRECTION('',(-1.,0.,0.));
#2756=DIRECTION('',(0.,1.,0.));
#2757=DIRECTION('',(1.,0.,0.));
#2758=DIRECTION('',(0.,0.,1.));
#2759=DIRECTION('',(1.,0.,0.));
#2760=DIRECTION('',(0.,0.,1.));
#2761=DIRECTION('',(1.,0.,0.));
#2762=DIRECTION('',(0.,0.,1.));
#2763=DIRECTION('',(1.,0.,0.));
#2764=DIRECTION('',(0.,0.,1.));
#2765=DIRECTION('',(1.,0.,0.));
#2766=DIRECTION('',(0.,0.,1.));
#2767=DIRECTION('',(1.,0.,0.));
#2768=DIRECTION('',(0.,0.,1.));
#2769=DIRECTION('',(1.,0.,0.));
#2770=DIRECTION('',(0.,0.,1.));
#2771=DIRECTION('',(1.,0.,0.));
#2772=DIRECTION('',(0.,0.,1.));
#2773=DIRECTION('',(1.,0.,0.));
#2774=DIRECTION('',(0.,0.,1.));
#2775=DIRECTION('',(1.,0.,0.));
#2776=DIRECTION('',(0.,-1.,0.));
#2777=DIRECTION('',(-1.,0.,0.));
#2778=DIRECTION('',(0.,0.,1.));
#2779=DIRECTION('',(1.,0.,0.));
#2780=DIRECTION('',(0.,0.,1.));
#2781=DIRECTION('',(1.,0.,0.));
#2782=DIRECTION('',(0.,0.,1.));
#2783=DIRECTION('',(1.,0.,0.));
#2784=DIRECTION('',(0.,-1.,0.));
#2785=DIRECTION('',(-1.,0.,0.));
#2786=DIRECTION('',(0.,0.,1.));
#2787=DIRECTION('',(0.,-1.,0.));
#2788=DIRECTION('',(0.,0.,1.));
#2789=DIRECTION('',(0.,-1.,0.));
#2790=DIRECTION('',(-1.,0.,0.));
#2791=DIRECTION('',(0.,0.,1.));
#2792=DIRECTION('',(0.,-1.,0.));
#2793=DIRECTION('',(0.,0.,-1.));
#2794=DIRECTION('',(0.,-1.,0.));
#2795=DIRECTION('',(0.,0.,1.));
#2796=DIRECTION('',(1.,0.,0.));
#2797=DIRECTION('',(0.,0.,1.));
#2798=DIRECTION('',(1.,0.,0.));
#2799=DIRECTION('',(0.,0.,1.));
#2800=DIRECTION('',(1.,0.,0.));
#2801=DIRECTION('',(0.,0.,1.));
#2802=DIRECTION('',(1.,0.,0.));
#2803=DIRECTION('',(0.,-1.,0.));
#2804=DIRECTION('',(1.,0.,0.));
#2805=DIRECTION('',(0.,-1.,0.));
#2806=DIRECTION('',(0.,0.,-1.));
#2807=DIRECTION('',(-1.,0.,0.));
#2808=DIRECTION('',(0.,0.,1.));
#2809=DIRECTION('',(1.,0.,0.));
#2810=DIRECTION('',(0.,0.,1.));
#2811=DIRECTION('',(1.,0.,0.));
#2812=DIRECTION('',(0.,0.,1.));
#2813=DIRECTION('',(1.,0.,0.));
#2814=DIRECTION('',(0.,0.,1.));
#2815=DIRECTION('',(1.,0.,0.));
#2816=DIRECTION('',(0.,0.,-1.));
#2817=DIRECTION('',(-1.,0.,0.));
#2818=DIRECTION('',(0.,0.,-1.));
#2819=DIRECTION('',(-1.,0.,0.));
#2820=DIRECTION('',(0.,0.,1.));
#2821=DIRECTION('',(1.,0.,0.));
#2822=DIRECTION('',(0.,0.,-1.));
#2823=DIRECTION('',(-1.,0.,0.));
#2824=DIRECTION('',(0.,0.,1.));
#2825=DIRECTION('',(1.,0.,0.));
#2826=DIRECTION('',(0.,0.,1.));
#2827=DIRECTION('',(1.,0.,0.));
#2828=DIRECTION('',(0.,0.,1.));
#2829=DIRECTION('',(1.,0.,0.));
#2830=DIRECTION('',(0.,0.,1.));
#2831=DIRECTION('',(1.,0.,0.));
#2832=DIRECTION('',(0.,0.,-1.));
#2833=DIRECTION('',(-1.,0.,0.));
#2834=DIRECTION('',(0.,0.,-1.));
#2835=DIRECTION('',(-1.,0.,0.));
#2836=DIRECTION('',(0.,0.,1.));
#2837=DIRECTION('',(1.,0.,0.));
#2838=DIRECTION('',(1.,0.,0.));
#2839=DIRECTION('',(0.,0.,-1.));
#2840=DIRECTION('',(0.,-1.,0.));
#2841=DIRECTION('',(0.,0.,1.));
#2842=DIRECTION('',(0.,-1.,0.));
#2843=DIRECTION('',(0.5,0.,0.866025403784438));
#2844=DIRECTION('',(0.866025403784438,0.,-0.5));
#2845=DIRECTION('',(0.,-1.,0.));
#2846=DIRECTION('',(-0.866025403784438,0.,0.5));
#2847=DIRECTION('',(-0.5,0.,0.866025403784439));
#2848=DIRECTION('',(0.866025403784439,0.,0.5));
#2849=DIRECTION('',(0.,-1.,0.));
#2850=DIRECTION('',(-0.866025403784439,0.,-0.5));
#2851=DIRECTION('',(-1.,0.,1.51902386121047E-16));
#2852=DIRECTION('',(1.51902386121047E-16,0.,1.));
#2853=DIRECTION('',(0.,-1.,0.));
#2854=DIRECTION('',(-1.51902386121047E-16,0.,-1.));
#2855=DIRECTION('',(-0.5,0.,-0.866025403784439));
#2856=DIRECTION('',(-0.866025403784439,0.,0.5));
#2857=DIRECTION('',(0.,-1.,0.));
#2858=DIRECTION('',(0.866025403784439,0.,-0.5));
#2859=DIRECTION('',(0.5,0.,-0.866025403784439));
#2860=DIRECTION('',(-0.866025403784439,0.,-0.5));
#2861=DIRECTION('',(0.866025403784439,0.,0.5));
#2862=DIRECTION('',(0.,-1.,0.));
#2863=DIRECTION('',(1.,0.,0.));
#2864=DIRECTION('',(0.,0.,-1.));
#2865=DIRECTION('',(-1.,0.,0.));
#2866=DIRECTION('',(0.,0.,1.));
#2867=DIRECTION('',(1.,0.,0.));
#2868=DIRECTION('',(0.,0.,-1.));
#2869=DIRECTION('',(-1.,0.,0.));
#2870=DIRECTION('',(0.,0.,1.));
#2871=DIRECTION('',(1.,0.,0.));
#2872=DIRECTION('',(0.,-1.,0.));
#2873=DIRECTION('',(0.,0.,-1.));
#2874=DIRECTION('',(-1.,0.,0.));
#2875=DIRECTION('',(0.,0.,1.));
#2876=DIRECTION('',(-1.,0.,0.));
#2877=DIRECTION('',(0.,-1.,0.));
#2878=DIRECTION('',(0.,0.,-1.));
#2879=DIRECTION('',(-1.,0.,0.));
#2880=DIRECTION('',(0.,0.,-1.));
#2881=DIRECTION('',(-1.,0.,0.));
#2882=DIRECTION('',(0.,0.,-1.));
#2883=DIRECTION('',(-1.,0.,0.));
#2884=DIRECTION('',(1.,0.,0.));
#2885=DIRECTION('',(-1.,0.,0.));
#2886=DIRECTION('',(-1.,0.,0.));
#2887=DIRECTION('',(0.,0.,-1.));
#2888=DIRECTION('',(-1.,0.,0.));
#2889=DIRECTION('',(1.,0.,0.));
#2890=DIRECTION('',(-1.,0.,0.));
#2891=DIRECTION('',(-1.,0.,0.));
#2892=DIRECTION('',(0.,-1.,0.));
#2893=DIRECTION('',(0.,0.,-1.));
#2894=DIRECTION('',(-1.,0.,0.));
#2895=DIRECTION('',(0.,0.,1.));
#2896=DIRECTION('',(-1.,0.,0.));
#2897=DIRECTION('',(0.,-1.,0.));
#2898=DIRECTION('',(0.,0.,-1.));
#2899=DIRECTION('',(-1.,0.,0.));
#2900=DIRECTION('',(0.,0.,-1.));
#2901=DIRECTION('',(-1.,0.,0.));
#2902=DIRECTION('',(0.,0.,-1.));
#2903=DIRECTION('',(-1.,0.,0.));
#2904=DIRECTION('',(-1.,0.,0.));
#2905=DIRECTION('',(1.,0.,0.));
#2906=DIRECTION('',(-1.,0.,0.));
#2907=DIRECTION('',(0.,0.,-1.));
#2908=DIRECTION('',(-1.,0.,0.));
#2909=DIRECTION('',(-1.,0.,0.));
#2910=DIRECTION('',(1.,0.,0.));
#2911=DIRECTION('',(-1.,0.,0.));
#2912=DIRECTION('',(-1.,0.,0.));
#2913=DIRECTION('',(0.,0.,1.));
#2914=DIRECTION('',(-1.,0.,0.));
#2915=DIRECTION('',(0.,0.,1.));
#2916=DIRECTION('',(-0.913085730673263,-0.407767640257137,0.));
#2917=DIRECTION('',(-0.407767640257137,0.913085730673263,0.));
#2918=DIRECTION('',(1.,0.,0.));
#2919=DIRECTION('',(0.,0.,-1.));
#2920=DIRECTION('',(-1.,0.,0.));
#2921=DIRECTION('',(0.,0.,1.));
#2922=DIRECTION('',(-0.913085730673263,0.407767640257136,0.));
#2923=DIRECTION('',(-0.407767640257136,-0.913085730673263,0.));
#2924=DIRECTION('',(1.,0.,0.));
#2925=DIRECTION('',(0.,0.,-1.));
#2926=DIRECTION('',(1.,0.,0.));
#2927=DIRECTION('',(0.,0.,-1.));
#2928=DIRECTION('',(1.,0.,0.));
#2929=DIRECTION('',(0.,0.,-1.));
#2930=DIRECTION('',(-0.913085730673263,0.407767640257136,0.));
#2931=DIRECTION('',(0.407767640257136,0.913085730673263,0.));
#2932=DIRECTION('',(1.,0.,0.));
#2933=DIRECTION('',(0.,0.,-1.));
#2934=DIRECTION('',(-0.913085730673263,-0.407767640257137,0.));
#2935=DIRECTION('',(0.407767640257137,-0.913085730673263,0.));
#2936=DIRECTION('',(-1.,0.,0.));
#2937=DIRECTION('',(0.,0.,1.));
#2938=DIRECTION('',(1.,0.,0.));
#2939=DIRECTION('',(0.,0.,-1.));
#2940=DIRECTION('',(-1.,0.,0.));
#2941=DIRECTION('',(0.,0.,1.));
#2942=DIRECTION('',(-1.,0.,0.));
#2943=DIRECTION('',(0.,0.,1.));
#2944=DIRECTION('',(-1.,0.,0.));
#2945=DIRECTION('',(0.,0.,1.));
#2946=DIRECTION('',(-0.913085730673263,-0.407767640257137,0.));
#2947=DIRECTION('',(-0.407767640257137,0.913085730673263,0.));
#2948=DIRECTION('',(-1.,0.,0.));
#2949=DIRECTION('',(0.,0.,1.));
#2950=DIRECTION('',(-0.913085730673263,0.407767640257136,0.));
#2951=DIRECTION('',(-0.407767640257136,-0.913085730673263,0.));
#2952=DIRECTION('',(1.,0.,0.));
#2953=DIRECTION('',(0.,0.,-1.));
#2954=DIRECTION('',(1.,0.,0.));
#2955=DIRECTION('',(0.,0.,-1.));
#2956=DIRECTION('',(1.,0.,0.));
#2957=DIRECTION('',(0.,0.,-1.));
#2958=DIRECTION('',(-0.913085730673263,0.407767640257136,0.));
#2959=DIRECTION('',(0.407767640257136,0.913085730673263,0.));
#2960=DIRECTION('',(1.,0.,0.));
#2961=DIRECTION('',(0.,0.,-1.));
#2962=DIRECTION('',(-0.913085730673263,-0.407767640257137,0.));
#2963=DIRECTION('',(0.407767640257137,-0.913085730673263,0.));
#2964=DIRECTION('',(-1.,0.,0.));
#2965=DIRECTION('',(0.,0.,1.));
#2966=DIRECTION('',(1.,0.,0.));
#2967=DIRECTION('',(0.,0.,-1.));
#2968=DIRECTION('',(0.,0.607031196272829,0.794678001930076));
#2969=DIRECTION('',(0.,-0.794678001930076,0.60703119627283));
#2970=DIRECTION('',(0.116975306311475,0.43655778638536,0.892039279886066));
#2971=DIRECTION('',(0.,-0.898205619971084,0.439575550107556));
#2972=DIRECTION('',(-2.32408877239648E-16,-8.67361737988403E-16,1.));
#2973=DIRECTION('',(0.,-1.,-8.67361737988403E-16));
#2974=DIRECTION('',(1.,0.,0.));
#2975=DIRECTION('',(0.,0.,-1.));
#2976=DIRECTION('',(1.05303126682476E-15,0.607031196272829,-0.794678001930076));
#2977=DIRECTION('',(0.,0.794678001930076,0.607031196272829));
#2978=DIRECTION('',(0.,0.,-1.));
#2979=DIRECTION('',(-1.,0.,0.));
#2980=DIRECTION('',(0.,0.,1.));
#2981=DIRECTION('',(1.,0.,0.));
#2982=DIRECTION('',(0.11697530631148,0.436557786385361,-0.892039279886065));
#2983=DIRECTION('',(0.,0.898205619971083,0.439575550107558));
#2984=DIRECTION('',(-1.,0.,0.));
#2985=DIRECTION('',(0.,0.,1.));
#2986=DIRECTION('',(5.26515633412374E-16,0.607031196272822,0.794678001930082));
#2987=DIRECTION('',(0.,-0.794678001930082,0.607031196272822));
#2988=DIRECTION('',(-0.116975306311473,0.436557786385347,0.892039279886073));
#2989=DIRECTION('',(0.,-0.89820561997109,0.439575550107544));
#2990=DIRECTION('',(2.32408877239648E-16,-8.67361737988404E-16,1.));
#2991=DIRECTION('',(0.,-1.,-8.67361737988404E-16));
#2992=DIRECTION('',(0.,0.,-1.));
#2993=DIRECTION('',(-1.,0.,0.));
#2994=DIRECTION('',(0.,0.,1.));
#2995=DIRECTION('',(1.,0.,0.));
#2996=DIRECTION('',(0.116975306311472,-0.436557786385347,0.892039279886073));
#2997=DIRECTION('',(0.,-0.89820561997109,-0.439575550107544));
#2998=DIRECTION('',(5.26515633412374E-16,-0.607031196272822,0.794678001930081));
#2999=DIRECTION('',(0.,-0.794678001930082,-0.607031196272822));
#3000=DIRECTION('',(-1.,0.,0.));
#3001=DIRECTION('',(0.,0.,1.));
#3002=DIRECTION('',(1.,0.,0.));
#3003=DIRECTION('',(0.,0.,-1.));
#3004=DIRECTION('',(0.,0.607031196272829,0.794678001930077));
#3005=DIRECTION('',(0.,-0.794678001930077,0.607031196272829));
#3006=DIRECTION('',(0.116975306311475,0.436557786385358,0.892039279886067));
#3007=DIRECTION('',(0.,-0.898205619971085,0.439575550107555));
#3008=DIRECTION('',(0.,0.,1.));
#3009=DIRECTION('',(1.,0.,0.));
#3010=DIRECTION('',(1.,0.,0.));
#3011=DIRECTION('',(0.,0.,-1.));
#3012=DIRECTION('',(6.56721760998653E-15,0.607031196272832,-0.794678001930074));
#3013=DIRECTION('',(0.,0.794678001930074,0.607031196272832));
#3014=DIRECTION('',(0.,0.,-1.));
#3015=DIRECTION('',(-1.,0.,0.));
#3016=DIRECTION('',(0.,0.,1.));
#3017=DIRECTION('',(1.,0.,0.));
#3018=DIRECTION('',(0.116975306311485,0.436557786385364,-0.892039279886063));
#3019=DIRECTION('',(0.,0.898205619971082,0.43957555010756));
#3020=DIRECTION('',(-1.,0.,0.));
#3021=DIRECTION('',(0.,0.,1.));
#3022=DIRECTION('',(-5.26515633412374E-16,0.607031196272822,0.794678001930081));
#3023=DIRECTION('',(0.,-0.794678001930082,0.607031196272822));
#3024=DIRECTION('',(-0.116975306311473,0.436557786385347,0.892039279886072));
#3025=DIRECTION('',(0.,-0.89820561997109,0.439575550107544));
#3026=DIRECTION('',(0.,0.,1.));
#3027=DIRECTION('',(1.,0.,0.));
#3028=DIRECTION('',(0.,0.,-1.));
#3029=DIRECTION('',(-1.,0.,0.));
#3030=DIRECTION('',(0.,0.,1.));
#3031=DIRECTION('',(1.,0.,0.));
#3032=DIRECTION('',(0.11697530631148,-0.43655778638535,0.89203927988607));
#3033=DIRECTION('',(0.,-0.898205619971089,-0.439575550107547));
#3034=DIRECTION('',(-7.09373324339895E-15,-0.607031196272819,0.794678001930084));
#3035=DIRECTION('',(0.,-0.794678001930084,-0.607031196272819));
#3036=DIRECTION('',(-1.,0.,0.));
#3037=DIRECTION('',(0.,0.,1.));
#3038=DIRECTION('',(0.,0.,-1.));
#3039=DIRECTION('',(-1.,0.,0.));
#3040=DIRECTION('',(0.,0.,1.));
#3041=DIRECTION('',(1.,0.,0.));
#3042=DIRECTION('',(0.,0.,1.));
#3043=DIRECTION('',(1.,0.,0.));
#3044=DIRECTION('',(0.,0.,1.));
#3045=DIRECTION('',(1.,0.,0.));
#3046=DIRECTION('',(0.,0.,1.));
#3047=DIRECTION('',(1.,0.,0.));
#3048=DIRECTION('',(0.,0.,-1.));
#3049=DIRECTION('',(-1.,0.,0.));
#3050=DIRECTION('',(0.,0.,-1.));
#3051=DIRECTION('',(-1.,0.,0.));
#3052=DIRECTION('',(0.,0.,1.));
#3053=DIRECTION('',(1.,0.,0.));
#3054=DIRECTION('',(0.,0.,1.));
#3055=DIRECTION('',(1.,0.,0.));
#3056=DIRECTION('',(0.,0.,1.));
#3057=DIRECTION('',(1.,0.,0.));
#3058=DIRECTION('',(0.,0.,-1.));
#3059=DIRECTION('',(-1.,0.,0.));
#3060=DIRECTION('',(0.,0.,1.));
#3061=DIRECTION('',(1.,0.,0.));
#3062=DIRECTION('',(0.,0.,1.));
#3063=DIRECTION('',(1.,0.,0.));
#3064=DIRECTION('',(0.,0.,1.));
#3065=DIRECTION('',(1.,0.,0.));
#3066=DIRECTION('',(0.,0.,1.));
#3067=DIRECTION('',(1.,0.,0.));
#3068=DIRECTION('',(0.,0.,-1.));
#3069=DIRECTION('',(-1.,0.,0.));
#3070=DIRECTION('',(0.,0.,-1.));
#3071=DIRECTION('',(-1.,0.,0.));
#3072=DIRECTION('',(0.,-1.,0.));
#3073=DIRECTION('',(0.,0.,-1.));
#3074=DIRECTION('',(0.,1.,0.));
#3075=DIRECTION('',(0.,0.,1.));
#3076=DIRECTION('',(0.,1.,0.));
#3077=DIRECTION('',(0.,0.,1.));
#3078=DIRECTION('',(0.,1.,0.));
#3079=DIRECTION('',(0.,0.,1.));
#3080=DIRECTION('',(0.,-1.,0.));
#3081=DIRECTION('',(0.,0.,-1.));
#3082=DIRECTION('',(0.,1.,0.));
#3083=DIRECTION('',(0.,0.,1.));
#3084=DIRECTION('',(0.,1.,0.));
#3085=DIRECTION('',(0.,0.,1.));
#3086=DIRECTION('',(0.,1.,0.));
#3087=DIRECTION('',(0.,0.,1.));
#3088=DIRECTION('',(0.,-1.,0.));
#3089=DIRECTION('',(0.,0.,-1.));
#3090=DIRECTION('',(0.,1.,0.));
#3091=DIRECTION('',(0.,0.,1.));
#3092=DIRECTION('',(0.,1.,0.));
#3093=DIRECTION('',(0.,0.,1.));
#3094=DIRECTION('',(0.,1.,0.));
#3095=DIRECTION('',(0.,0.,1.));
#3096=DIRECTION('',(0.,1.,0.));
#3097=DIRECTION('',(0.,0.,1.));
#3098=DIRECTION('',(0.,-0.70710678118656,-0.707106781186535));
#3099=DIRECTION('',(1.,0.,0.));
#3100=DIRECTION('',(0.,-0.707106781186535,0.70710678118656));
#3101=DIRECTION('',(0.,0.707106781186535,-0.70710678118656));
#3102=DIRECTION('',(0.,-1.,0.));
#3103=DIRECTION('',(0.,0.,-1.));
#3104=DIRECTION('',(0.707106781186554,0.707106781186541,0.));
#3105=DIRECTION('',(0.,-1.,0.));
#3106=DIRECTION('',(0.,0.,-1.));
#3107=DIRECTION('',(0.707106781186554,-0.707106781186541,0.));
#3108=DIRECTION('',(0.707106781186548,-0.707106781186548,0.));
#3109=DIRECTION('',(0.,0.,-1.));
#3110=DIRECTION('',(0.707106781186548,0.707106781186548,0.));
#3111=DIRECTION('',(0.707106781186548,0.707106781186548,0.));
#3112=DIRECTION('',(0.,0.,1.));
#3113=DIRECTION('',(0.707106781186548,-0.707106781186548,0.));
#3114=DIRECTION('',(0.,1.,0.));
#3115=DIRECTION('',(0.,0.,1.));
#3116=DIRECTION('',(0.,0.707106781186546,-0.707106781186549));
#3117=DIRECTION('',(0.,1.,0.));
#3118=DIRECTION('',(0.,0.,1.));
#3119=DIRECTION('',(0.,-0.707106781186545,0.707106781186551));
#3120=DIRECTION('',(0.,-0.70710678118656,-0.707106781186535));
#3121=DIRECTION('',(1.,0.,0.));
#3122=DIRECTION('',(0.,0.707106781186535,-0.70710678118656));
#3123=DIRECTION('',(0.,-0.70710678118656,-0.707106781186535));
#3124=DIRECTION('',(1.,0.,0.));
#3125=DIRECTION('',(0.,-0.707106781186535,0.70710678118656));
#3126=DIRECTION('',(0.,-1.,0.));
#3127=DIRECTION('',(0.,0.,-1.));
#3128=DIRECTION('',(0.707106781186548,0.707106781186548,0.));
#3129=DIRECTION('',(0.,-1.,0.));
#3130=DIRECTION('',(0.,0.,-1.));
#3131=DIRECTION('',(0.707106781186548,-0.707106781186548,0.));
#3132=DIRECTION('',(0.707106781186548,-0.707106781186548,0.));
#3133=DIRECTION('',(0.,0.,1.));
#3134=DIRECTION('',(0.707106781186548,0.707106781186548,0.));
#3135=DIRECTION('',(0.707106781186548,0.707106781186548,0.));
#3136=DIRECTION('',(0.,0.,-1.));
#3137=DIRECTION('',(0.707106781186548,-0.707106781186548,0.));
#3138=DIRECTION('',(0.,-1.,0.));
#3139=DIRECTION('',(0.,0.,-1.));
#3140=DIRECTION('',(0.,0.707106781186548,0.707106781186548));
#3141=DIRECTION('',(0.,-1.,0.));
#3142=DIRECTION('',(0.,0.,-1.));
#3143=DIRECTION('',(0.,-0.707106781186548,-0.707106781186548));
#3144=DIRECTION('',(0.,0.707106781186545,-0.707106781186551));
#3145=DIRECTION('',(-1.,0.,0.));
#3146=CARTESIAN_POINT('',(0.,0.,0.));
#3147=CARTESIAN_POINT('',(0.,0.,0.));
#3148=CARTESIAN_POINT('',(-0.026,0.016,0.));
#3149=CARTESIAN_POINT('',(-0.026,0.00604281598263591,0.));
#3150=CARTESIAN_POINT('',(-0.026,0.0158,0.));
#3151=CARTESIAN_POINT('',(0.,0.0158,0.));
#3152=CARTESIAN_POINT('',(-0.031,0.0158,0.));
#3153=CARTESIAN_POINT('',(-0.031,0.,0.));
#3154=CARTESIAN_POINT('',(-0.031,0.0012311072252245,0.));
#3155=CARTESIAN_POINT('',(-0.025,0.,0.));
#3156=CARTESIAN_POINT('',(0.,0.,0.));
#3157=CARTESIAN_POINT('',(0.,-0.016,0.));
#3158=CARTESIAN_POINT('',(0.031,-0.016,0.));
#3159=CARTESIAN_POINT('',(0.026,-0.016,-4.33680868994202E-18));
#3160=CARTESIAN_POINT('',(0.031,0.016,0.));
#3161=CARTESIAN_POINT('',(0.031,-0.0012311072252245,0.));
#3162=CARTESIAN_POINT('',(0.025,0.,0.));
#3163=CARTESIAN_POINT('',(0.026,-0.00604281598263591,0.));
#3164=CARTESIAN_POINT('',(0.026,0.,0.));
#3165=CARTESIAN_POINT('',(-0.0107931976788314,-0.00822660999034959,0.075));
#3166=CARTESIAN_POINT('',(-0.00679319767883138,-0.00822660999034959,0.075));
#3167=CARTESIAN_POINT('',(-0.00679319767883138,-0.00822660999034959,0.0510351559813641));
#3168=CARTESIAN_POINT('',(-0.00679319767883138,-0.00822660999034959,0.0569648440186359));
#3169=CARTESIAN_POINT('',(-0.00679319767883138,-0.00822660999034959,0.0510351559813641));
#3170=CARTESIAN_POINT('',(-0.00679319767883138,-0.00784946961779569,0.0507882945683523));
#3171=CARTESIAN_POINT('',(-0.0068464722070042,-0.00750117675410975,0.0505144361597736));
#3172=CARTESIAN_POINT('',(-0.0069294943736751,-0.00719133380993951,0.0501978777505377));
#3173=CARTESIAN_POINT('',(-0.0069294943736751,-0.00719133380993951,0.0501978777505377));
#3174=CARTESIAN_POINT('',(-0.0069294943736751,-0.00719133380993951,0.));
#3175=CARTESIAN_POINT('',(-0.0069294943736751,-0.00719133380993951,0.0578021222494623));
#3176=CARTESIAN_POINT('',(-0.00692949437367509,-0.0071913338099395,0.0578021222494623));
#3177=CARTESIAN_POINT('',(-0.00684742463842912,-0.00749762223164119,0.0574891954026015));
#3178=CARTESIAN_POINT('',(-0.00679319767883093,-0.00784868400478257,0.0572122196633564));
#3179=CARTESIAN_POINT('',(-0.00679319767883089,-0.00822660999034919,0.0569648440186354));
#3180=CARTESIAN_POINT('',(-0.0107931976788314,-0.00822660999034959,0.075));
#3181=CARTESIAN_POINT('',(-0.00679319767883138,-0.00822660999034959,0.075));
#3182=CARTESIAN_POINT('',(-0.00679319767883138,-0.00822660999034959,0.0690351559813641));
#3183=CARTESIAN_POINT('',(-0.00679319767883138,-0.00822660999034959,0.075));
#3184=CARTESIAN_POINT('',(-0.00679319767883138,-0.00822660999034959,0.0690351559813641));
#3185=CARTESIAN_POINT('',(-0.00679319767883138,-0.00784946961779569,0.0687882945683523));
#3186=CARTESIAN_POINT('',(-0.0068464722070042,-0.00750117675410974,0.0685144361597736));
#3187=CARTESIAN_POINT('',(-0.0069294943736751,-0.0071913338099395,0.0681978777505377));
#3188=CARTESIAN_POINT('',(-0.0069294943736751,-0.00719133380993951,0.0681978777505377));
#3189=CARTESIAN_POINT('',(-0.0069294943736751,-0.00719133380993951,0.));
#3190=CARTESIAN_POINT('',(-0.0069294943736751,-0.00719133380993951,0.075));
#3191=CARTESIAN_POINT('',(-0.0107931976788314,-0.00822660999034959,0.075));
#3192=CARTESIAN_POINT('',(-0.00679319767883138,-0.00845,0.075));
#3193=CARTESIAN_POINT('',(-0.00679319767883138,-0.0092,0.075));
#3194=CARTESIAN_POINT('',(-0.00679319767883138,-0.0092,0.056));
#3195=CARTESIAN_POINT('',(-0.00679319767883138,-0.0092,0.052));
#3196=CARTESIAN_POINT('',(-0.00679319767883138,-0.0122,0.048));
#3197=CARTESIAN_POINT('',(-0.00679319767883138,-0.0122,0.06));
#3198=CARTESIAN_POINT('',(-0.00679319767883138,-0.00845,0.075));
#3199=CARTESIAN_POINT('',(-0.00679319767883138,-0.0092,0.075));
#3200=CARTESIAN_POINT('',(-0.00679319767883138,-0.0092,0.075));
#3201=CARTESIAN_POINT('',(-0.00679319767883138,-0.0092,0.07));
#3202=CARTESIAN_POINT('',(-0.00679319767883138,-0.0122,0.066));
#3203=CARTESIAN_POINT('',(-0.00679319767883138,-0.00845,0.075));
#3204=CARTESIAN_POINT('',(0.00679319767883138,-0.00845,0.075));
#3205=CARTESIAN_POINT('',(0.00679319767883138,-0.00822660999034962,0.075));
#3206=CARTESIAN_POINT('',(0.00679319767883138,-0.00822660999034962,0.0569648440186359));
#3207=CARTESIAN_POINT('',(0.00679319767883138,-0.00822660999034962,0.0510351559813642));
#3208=CARTESIAN_POINT('',(0.00679319767883138,-0.0122,0.048));
#3209=CARTESIAN_POINT('',(0.00679319767883138,-0.0092,0.052));
#3210=CARTESIAN_POINT('',(0.00679319767883138,-0.0092,0.075));
#3211=CARTESIAN_POINT('',(0.00679319767883138,-0.0092,0.056));
#3212=CARTESIAN_POINT('',(0.00679319767883138,-0.0122,0.06));
#3213=CARTESIAN_POINT('',(0.00679319767883138,-0.00845,0.075));
#3214=CARTESIAN_POINT('',(0.00679319767883138,-0.00822660999034962,0.075));
#3215=CARTESIAN_POINT('',(0.00679319767883138,-0.00822660999034962,0.075));
#3216=CARTESIAN_POINT('',(0.00679319767883138,-0.00822660999034962,0.0690351559813641));
#3217=CARTESIAN_POINT('',(0.00679319767883138,-0.0122,0.066));
#3218=CARTESIAN_POINT('',(0.00679319767883138,-0.0092,0.07));
#3219=CARTESIAN_POINT('',(0.00679319767883138,-0.0092,0.075));
#3220=CARTESIAN_POINT('',(0.00679319767883138,-0.0092,0.075));
#3221=CARTESIAN_POINT('',(0.00679319767883138,-0.00845,0.075));
#3222=CARTESIAN_POINT('',(0.0107931976788314,-0.00822660999034962,0.075));
#3223=CARTESIAN_POINT('',(0.0069294943736751,-0.00719133380993954,0.075));
#3224=CARTESIAN_POINT('',(0.0069294943736751,-0.00719133380993954,0.0501978777505378));
#3225=CARTESIAN_POINT('',(0.0069294943736751,-0.00719133380993954,0.0578021222494622));
#3226=CARTESIAN_POINT('',(0.00692949437367509,-0.00719133380993955,0.0501978777505378));
#3227=CARTESIAN_POINT('',(0.00684742463842911,-0.00749762223164125,0.0505108045973986));
#3228=CARTESIAN_POINT('',(0.00679319767883093,-0.0078486840047826,0.0507877803366437));
#3229=CARTESIAN_POINT('',(0.00679319767883089,-0.00822660999034922,0.0510351559813647));
#3230=CARTESIAN_POINT('',(0.00679319767883138,-0.00822660999034962,0.0569648440186359));
#3231=CARTESIAN_POINT('',(0.00679319767883138,-0.00784946961779574,0.0572117054316477));
#3232=CARTESIAN_POINT('',(0.0068464722070042,-0.00750117675410977,0.0574855638402263));
#3233=CARTESIAN_POINT('',(0.0069294943736751,-0.00719133380993953,0.0578021222494622));
#3234=CARTESIAN_POINT('',(0.0107931976788314,-0.00822660999034962,0.075));
#3235=CARTESIAN_POINT('',(0.0069294943736751,-0.00719133380993954,0.075));
#3236=CARTESIAN_POINT('',(0.0069294943736751,-0.00719133380993954,0.0681978777505378));
#3237=CARTESIAN_POINT('',(0.0069294943736751,-0.00719133380993954,0.075));
#3238=CARTESIAN_POINT('',(0.00692949437367509,-0.00719133380993954,0.0681978777505378));
#3239=CARTESIAN_POINT('',(0.00684742463842912,-0.00749762223164123,0.0685108045973986));
#3240=CARTESIAN_POINT('',(0.00679319767883093,-0.0078486840047826,0.0687877803366437));
#3241=CARTESIAN_POINT('',(0.00679319767883089,-0.00822660999034921,0.0690351559813647));
#3242=CARTESIAN_POINT('',(0.0107931976788314,-0.00822660999034962,0.075));
#3243=CARTESIAN_POINT('',(0.,-0.0092,0.075));
#3244=CARTESIAN_POINT('',(-6.93889390390723E-18,-0.0092,0.057));
#3245=CARTESIAN_POINT('',(0.00694214206886303,-0.0092,0.057));
#3246=CARTESIAN_POINT('',(-0.00694214206886303,-0.0092,0.057));
#3247=CARTESIAN_POINT('',(0.00694214206886303,-0.0092,0.057));
#3248=CARTESIAN_POINT('',(0.00684763743471953,-0.0092,0.0566733477913137));
#3249=CARTESIAN_POINT('',(0.00679319767883138,-0.0092,0.056340728143774));
#3250=CARTESIAN_POINT('',(0.00679319767883138,-0.0092,0.056));
#3251=CARTESIAN_POINT('',(0.00679319767883138,-0.0092,0.052));
#3252=CARTESIAN_POINT('',(0.00679319767883138,-0.0092,0.051659271856226));
#3253=CARTESIAN_POINT('',(0.00684763743472017,-0.0092,0.0513266522086863));
#3254=CARTESIAN_POINT('',(0.00694214206886369,-0.0092,0.051));
#3255=CARTESIAN_POINT('',(0.00694214206886303,-0.0092,0.051));
#3256=CARTESIAN_POINT('',(0.,-0.0092,0.051));
#3257=CARTESIAN_POINT('',(-0.00694214206886303,-0.0092,0.051));
#3258=CARTESIAN_POINT('',(-0.00694214206886303,-0.0092,0.051));
#3259=CARTESIAN_POINT('',(-0.00684763743471953,-0.0092,0.0513266522086863));
#3260=CARTESIAN_POINT('',(-0.00679319767883138,-0.0092,0.051659271856226));
#3261=CARTESIAN_POINT('',(-0.00679319767883138,-0.0092,0.052));
#3262=CARTESIAN_POINT('',(-0.00679319767883138,-0.0092,0.056));
#3263=CARTESIAN_POINT('',(-0.00679319767883138,-0.0092,0.056340728143774));
#3264=CARTESIAN_POINT('',(-0.00684763743472017,-0.0092,0.0566733477913137));
#3265=CARTESIAN_POINT('',(-0.00694214206886369,-0.0092,0.057));
#3266=CARTESIAN_POINT('',(0.,-0.0092,0.075));
#3267=CARTESIAN_POINT('',(0.,-0.0092,0.01));
#3268=CARTESIAN_POINT('',(0.00694214206886304,-0.0092,0.01));
#3269=CARTESIAN_POINT('',(-0.00694214206886304,-0.0092,0.01));
#3270=CARTESIAN_POINT('',(0.00694214206886304,-0.0092,0.01));
#3271=CARTESIAN_POINT('',(0.00684763743471954,-0.0092,0.0096733477913137));
#3272=CARTESIAN_POINT('',(0.00679319767883138,-0.0092,0.00934072814377397));
#3273=CARTESIAN_POINT('',(0.00679319767883138,-0.0092,0.009));
#3274=CARTESIAN_POINT('',(0.00679319767883138,-0.0092,0.009));
#3275=CARTESIAN_POINT('',(0.00679319767883138,-0.0092,0.075));
#3276=CARTESIAN_POINT('',(0.00679319767883138,-0.0092,0.));
#3277=CARTESIAN_POINT('',(0.,-0.0092,0.));
#3278=CARTESIAN_POINT('',(-0.00679319767883138,-0.0092,0.));
#3279=CARTESIAN_POINT('',(-0.00679319767883138,-0.0092,0.075));
#3280=CARTESIAN_POINT('',(-0.00679319767883138,-0.0092,0.009));
#3281=CARTESIAN_POINT('',(-0.00679319767883138,-0.0092,0.009));
#3282=CARTESIAN_POINT('',(-0.00679319767883138,-0.0092,0.009340728143774));
#3283=CARTESIAN_POINT('',(-0.00684763743472017,-0.0092,0.00967334779131373));
#3284=CARTESIAN_POINT('',(-0.00694214206886369,-0.0092,0.01));
#3285=CARTESIAN_POINT('',(0.016,0.00415,0.075));
#3286=CARTESIAN_POINT('',(0.016,0.00415,0.01));
#3287=CARTESIAN_POINT('',(0.016,-0.0122,0.01));
#3288=CARTESIAN_POINT('',(0.016,0.0158,0.01));
#3289=CARTESIAN_POINT('',(0.016,0.0158,0.071));
#3290=CARTESIAN_POINT('',(0.016,0.0158,0.071));
#3291=CARTESIAN_POINT('',(0.016,-0.013,0.071));
#3292=CARTESIAN_POINT('',(0.016,-0.0158284271247462,0.071));
#3293=CARTESIAN_POINT('',(0.016,-0.013,0.072));
#3294=CARTESIAN_POINT('',(0.016,-0.013,0.069));
#3295=CARTESIAN_POINT('',(0.016,-0.009198,0.069));
#3296=CARTESIAN_POINT('',(0.016,-0.0122,0.069));
#3297=CARTESIAN_POINT('',(0.016,-0.0122,0.066));
#3298=CARTESIAN_POINT('',(0.016,-0.0092,0.066));
#3299=CARTESIAN_POINT('',(0.016,-0.0092,0.075));
#3300=CARTESIAN_POINT('',(0.016,-0.0092,0.06));
#3301=CARTESIAN_POINT('',(0.016,-0.0122,0.06));
#3302=CARTESIAN_POINT('',(0.016,-0.0122,0.057));
#3303=CARTESIAN_POINT('',(0.016,-0.009198,0.057));
#3304=CARTESIAN_POINT('',(0.016,-0.013,0.057));
#3305=CARTESIAN_POINT('',(0.016,-0.013,0.054));
#3306=CARTESIAN_POINT('',(0.016,-0.013,0.051));
#3307=CARTESIAN_POINT('',(0.016,-0.009198,0.051));
#3308=CARTESIAN_POINT('',(0.016,-0.0122,0.051));
#3309=CARTESIAN_POINT('',(0.016,-0.0122,0.048));
#3310=CARTESIAN_POINT('',(0.016,-0.0092,0.048));
#3311=CARTESIAN_POINT('',(0.016,-0.0092,0.075));
#3312=CARTESIAN_POINT('',(0.016,-0.0092,0.013));
#3313=CARTESIAN_POINT('',(0.016,-0.0122,0.013));
#3314=CARTESIAN_POINT('',(-0.016,0.00415,0.075));
#3315=CARTESIAN_POINT('',(-0.016,0.00415,0.071));
#3316=CARTESIAN_POINT('',(-0.016,-0.0158284271247462,0.071));
#3317=CARTESIAN_POINT('',(-0.016,0.0158,0.071));
#3318=CARTESIAN_POINT('',(-0.016,0.0158,0.075));
#3319=CARTESIAN_POINT('',(-0.016,0.0158,0.01));
#3320=CARTESIAN_POINT('',(-0.016,-0.016,0.01));
#3321=CARTESIAN_POINT('',(-0.016,-0.0122,0.01));
#3322=CARTESIAN_POINT('',(-0.016,-0.0122,0.013));
#3323=CARTESIAN_POINT('',(-0.016,-0.0092,0.013));
#3324=CARTESIAN_POINT('',(-0.016,-0.0092,0.075));
#3325=CARTESIAN_POINT('',(-0.016,-0.0092,0.048));
#3326=CARTESIAN_POINT('',(-0.016,-0.0122,0.048));
#3327=CARTESIAN_POINT('',(-0.016,-0.0122,0.051));
#3328=CARTESIAN_POINT('',(-0.016,-0.009198,0.051));
#3329=CARTESIAN_POINT('',(-0.016,-0.013,0.051));
#3330=CARTESIAN_POINT('',(-0.016,-0.013,0.054));
#3331=CARTESIAN_POINT('',(-0.016,-0.013,0.057));
#3332=CARTESIAN_POINT('',(-0.016,-0.009198,0.057));
#3333=CARTESIAN_POINT('',(-0.016,-0.0122,0.057));
#3334=CARTESIAN_POINT('',(-0.016,-0.0122,0.06));
#3335=CARTESIAN_POINT('',(-0.016,-0.0092,0.06));
#3336=CARTESIAN_POINT('',(-0.016,-0.0092,0.075));
#3337=CARTESIAN_POINT('',(-0.016,-0.0092,0.066));
#3338=CARTESIAN_POINT('',(-0.016,-0.0122,0.066));
#3339=CARTESIAN_POINT('',(-0.016,-0.0122,0.069));
#3340=CARTESIAN_POINT('',(-0.016,-0.009198,0.069));
#3341=CARTESIAN_POINT('',(-0.016,-0.013,0.069));
#3342=CARTESIAN_POINT('',(-0.016,-0.013,0.072));
#3343=CARTESIAN_POINT('',(0.,0.0083,0.063));
#3344=CARTESIAN_POINT('',(0.,0.0158,0.063));
#3345=CARTESIAN_POINT('',(0.,0.0158,0.0663));
#3346=CARTESIAN_POINT('',(0.,0.01341,0.063));
#3347=CARTESIAN_POINT('',(0.,0.01341,0.0597));
#3348=CARTESIAN_POINT('',(-0.026,0.,0.01));
#3349=CARTESIAN_POINT('',(-0.026,0.0158,0.01));
#3350=CARTESIAN_POINT('',(-0.026,0.00604281598263591,0.));
#3351=CARTESIAN_POINT('',(-0.0255688953416166,0.00611864110634988,0.));
#3352=CARTESIAN_POINT('',(-0.0247099060145262,0.00617068950267158,5.35503693385483E-5));
#3353=CARTESIAN_POINT('',(-0.0233902392764116,0.00592251130488601,0.000318036530799669));
#3354=CARTESIAN_POINT('',(-0.0222513420151002,0.00543041803168066,0.000705019691588196));
#3355=CARTESIAN_POINT('',(-0.0212194297261185,0.00468243432024339,0.00119399957770526));
#3356=CARTESIAN_POINT('',(-0.0205037271652154,0.00388539028357338,0.00163685295971803));
#3357=CARTESIAN_POINT('',(-0.0200518617219105,0.00318116979136969,0.00195842626443049));
#3358=CARTESIAN_POINT('',(-0.0197711026009032,0.00263920918318002,0.00217427314163913));
#3359=CARTESIAN_POINT('',(-0.0195094664403029,0.00197386509995626,0.00239068310424082));
#3360=CARTESIAN_POINT('',(-0.0192827420055368,0.00111466353242635,0.00259035123051567));
#3361=CARTESIAN_POINT('',(-0.019191045762082,0.000223974556012358,0.0026763894697881));
#3362=CARTESIAN_POINT('',(-0.0192378423725809,-0.000676228425081955,0.00263269722341885));
#3363=CARTESIAN_POINT('',(-0.0193543447563246,-0.00137963638814907,0.00252694354320857));
#3364=CARTESIAN_POINT('',(-0.0195244311040724,-0.0020075561095444,0.00237813017260761));
#3365=CARTESIAN_POINT('',(-0.0198533540732334,-0.00284756775709223,0.00210665051576329));
#3366=CARTESIAN_POINT('',(-0.0203631643927621,-0.00372717272136995,0.0017243168857711));
#3367=CARTESIAN_POINT('',(-0.0212239436295911,-0.00468808648579145,0.0011911489197815));
#3368=CARTESIAN_POINT('',(-0.0222600527415272,-0.00543303523967692,0.000701692783030086));
#3369=CARTESIAN_POINT('',(-0.0233891344163339,-0.00592213246649718,0.000318828354640555));
#3370=CARTESIAN_POINT('',(-0.0247025768886757,-0.00616866091057406,5.45211708106418E-5));
#3371=CARTESIAN_POINT('',(-0.025565396170411,-0.00611767480950774,0.));
#3372=CARTESIAN_POINT('',(-0.026,-0.00604281598263591,0.));
#3373=CARTESIAN_POINT('',(-0.026,-0.00604281598263591,0.));
#3374=CARTESIAN_POINT('',(-0.026,0.016,0.));
#3375=CARTESIAN_POINT('',(-0.026,-0.016,0.));
#3376=CARTESIAN_POINT('',(-0.026,-0.016,0.01));
#3377=CARTESIAN_POINT('',(-0.016127550862577,-0.016,0.00840791079741238));
#3378=CARTESIAN_POINT('',(-0.016127550862577,-0.016,0.00840791079741238));
#3379=CARTESIAN_POINT('',(-0.0160511325520315,-0.0157481569429239,0.00888177613284849));
#3380=CARTESIAN_POINT('',(-0.0159928710645795,-0.0149715352045733,0.00970053538586227));
#3381=CARTESIAN_POINT('',(-0.016,-0.0138980442345567,0.01));
#3382=CARTESIAN_POINT('',(-0.016,-0.0133508893593265,0.01));
#3383=CARTESIAN_POINT('',(-0.016,-0.0133508893593265,0.01));
#3384=CARTESIAN_POINT('',(-0.016,-0.009198,0.01));
#3385=CARTESIAN_POINT('',(0.026,0.00415,0.01));
#3386=CARTESIAN_POINT('',(0.026,0.,0.));
#3387=CARTESIAN_POINT('',(0.026,0.0158,0.));
#3388=CARTESIAN_POINT('',(0.026,0.00604281598263591,0.));
#3389=CARTESIAN_POINT('',(0.026,0.0158,0.01));
#3390=CARTESIAN_POINT('',(0.016,0.00415,0.01));
#3391=CARTESIAN_POINT('',(0.016,-0.0133508893593265,0.01));
#3392=CARTESIAN_POINT('',(0.016,-0.0133508893593265,0.01));
#3393=CARTESIAN_POINT('',(0.016,-0.0138979931469935,0.01));
#3394=CARTESIAN_POINT('',(0.0159928675694795,-0.0149722800387741,0.00970020450121375));
#3395=CARTESIAN_POINT('',(0.0160511808605601,-0.0157483161477982,0.00888147657457572));
#3396=CARTESIAN_POINT('',(0.016127550862577,-0.0159999999999999,0.00840791079741257));
#3397=CARTESIAN_POINT('',(0.0161275508625768,-0.0160000000000005,0.00840791079741278));
#3398=CARTESIAN_POINT('',(0.026,-0.016,0.01));
#3399=CARTESIAN_POINT('',(0.026,-0.0060428159826359,0.));
#3400=CARTESIAN_POINT('',(0.0255688953416144,-0.00611864110635025,9.04449541526696E-19));
#3401=CARTESIAN_POINT('',(0.024709906014522,-0.00617068950267261,5.35503693389858E-5));
#3402=CARTESIAN_POINT('',(0.02339023927641,-0.00592251130488523,0.000318036530800686));
#3403=CARTESIAN_POINT('',(0.0222513420151107,-0.00543041803168273,0.000705019691583647));
#3404=CARTESIAN_POINT('',(0.0212194297261124,-0.00468243432023803,0.00119399957770857));
#3405=CARTESIAN_POINT('',(0.020503727165226,-0.00388539028358862,0.00163685295971127));
#3406=CARTESIAN_POINT('',(0.0200518617219176,-0.00318116979138122,0.00195842626442505));
#3407=CARTESIAN_POINT('',(0.0197711026009016,-0.00263920918317643,0.00217427314164037));
#3408=CARTESIAN_POINT('',(0.0195094664403024,-0.0019738650999591,0.00239068310424133));
#3409=CARTESIAN_POINT('',(0.0192827420055351,-0.00111466353243054,0.00259035123051713));
#3410=CARTESIAN_POINT('',(0.0191910457620821,-0.000223974556002668,0.00267638946978807));
#3411=CARTESIAN_POINT('',(0.0192378423725812,0.000676228425066042,0.00263269722341854));
#3412=CARTESIAN_POINT('',(0.0193543447563267,0.00137963638815894,0.00252694354320677));
#3413=CARTESIAN_POINT('',(0.0195244311040635,0.00200755610952083,0.00237813017261515));
#3414=CARTESIAN_POINT('',(0.0198533540732385,0.00284756775710534,0.00210665051575897));
#3415=CARTESIAN_POINT('',(0.0203631643927606,0.00372717272136985,0.0017243168857725));
#3416=CARTESIAN_POINT('',(0.0212239436295902,0.00468808648579143,0.00119114891978165));
#3417=CARTESIAN_POINT('',(0.0222600527415323,0.0054330352396771,0.000701692783028039));
#3418=CARTESIAN_POINT('',(0.0233891344163333,0.00592213246649699,0.000318828354640984));
#3419=CARTESIAN_POINT('',(0.0247025768886729,0.00616866091057462,5.45211708109827E-5));
#3420=CARTESIAN_POINT('',(0.0255653961704096,0.00611767480950798,9.11790737522515E-19));
#3421=CARTESIAN_POINT('',(0.026,0.00604281598263592,0.));
#3422=CARTESIAN_POINT('',(0.,-0.016,0.075));
#3423=CARTESIAN_POINT('',(-0.035,-0.016,-0.01));
#3424=CARTESIAN_POINT('',(-0.035,-0.016,-0.006));
#3425=CARTESIAN_POINT('',(-0.035,-0.016,-0.004));
#3426=CARTESIAN_POINT('',(-0.031,-0.016,-0.006));
#3427=CARTESIAN_POINT('',(-0.031,-0.016,-0.01));
#3428=CARTESIAN_POINT('',(0.,-0.016,-0.01));
#3429=CARTESIAN_POINT('',(0.031,-0.016,-0.01));
#3430=CARTESIAN_POINT('',(0.031,-0.016,-0.006));
#3431=CARTESIAN_POINT('',(0.035,-0.016,-0.006));
#3432=CARTESIAN_POINT('',(0.035,-0.016,-0.01));
#3433=CARTESIAN_POINT('',(0.035,-0.016,-0.004));
#3434=CARTESIAN_POINT('',(0.031,-0.016,-0.004));
#3435=CARTESIAN_POINT('',(4.8373414935119E-19,-0.016,0.00840791079741238));
#3436=CARTESIAN_POINT('',(0.,-0.016,0.));
#3437=CARTESIAN_POINT('',(-0.031,-0.016,0.));
#3438=CARTESIAN_POINT('',(-0.031,-0.016,-0.004));
#3439=CARTESIAN_POINT('',(-0.00889659883941568,0.000149999999999982,0.075));
#3440=CARTESIAN_POINT('',(-0.00572612702113336,-0.011682361909795,0.048));
#3441=CARTESIAN_POINT('',(-0.00706587298328897,-0.00668236190979496,0.048));
#3442=CARTESIAN_POINT('',(-0.00706587298328897,-0.00668236190979496,0.075));
#3443=CARTESIAN_POINT('',(-0.00706587298328897,-0.00668236190979496,0.013));
#3444=CARTESIAN_POINT('',(-0.00572612702113336,-0.011682361909795,0.013));
#3445=CARTESIAN_POINT('',(-0.0069294943736751,-0.00719133380993951,0.0108021222494623));
#3446=CARTESIAN_POINT('',(-0.0069294943736751,-0.00719133380993951,0.));
#3447=CARTESIAN_POINT('',(-0.0069294943736751,-0.00719133380993951,0.));
#3448=CARTESIAN_POINT('',(-0.00889659883941568,0.000149999999999982,0.));
#3449=CARTESIAN_POINT('',(-0.00973118657152079,0.00326472381958992,0.));
#3450=CARTESIAN_POINT('',(-0.00973118657152079,0.00326472381958992,0.075));
#3451=CARTESIAN_POINT('',(-0.00973118657152079,0.00326472381958992,0.075));
#3452=CARTESIAN_POINT('',(-0.00889659883941568,0.000149999999999982,0.075));
#3453=CARTESIAN_POINT('',(-0.00572612702113336,-0.011682361909795,0.066));
#3454=CARTESIAN_POINT('',(-0.00706587298328897,-0.00668236190979496,0.066));
#3455=CARTESIAN_POINT('',(-0.00706587298328897,-0.00668236190979496,0.075));
#3456=CARTESIAN_POINT('',(-0.00706587298328897,-0.00668236190979496,0.06));
#3457=CARTESIAN_POINT('',(-0.00572612702113336,-0.011682361909795,0.06));
#3458=CARTESIAN_POINT('',(-0.00554019237886467,0.0083,0.075));
#3459=CARTESIAN_POINT('',(0.004945,0.0083,0.063));
#3460=CARTESIAN_POINT('',(0.004945,0.0083,0.0601450029188573));
#3461=CARTESIAN_POINT('',(0.004945,0.0083,0.0658549970811427));
#3462=CARTESIAN_POINT('',(0.0024725,0.0083,0.058717504378286));
#3463=CARTESIAN_POINT('',(-1.7347234759768E-17,0.0083,0.0572900058377146));
#3464=CARTESIAN_POINT('',(-0.0024725,0.0083,0.058717504378286));
#3465=CARTESIAN_POINT('',(-0.004945,0.0083,0.0601450029188573));
#3466=CARTESIAN_POINT('',(-0.004945,0.0083,0.063));
#3467=CARTESIAN_POINT('',(-0.004945,0.0083,0.0658549970811427));
#3468=CARTESIAN_POINT('',(-0.0024725,0.0083,0.067282495621714));
#3469=CARTESIAN_POINT('',(4.07931067397671E-18,0.0083,0.0687099941622854));
#3470=CARTESIAN_POINT('',(0.0024725,0.0083,0.067282495621714));
#3471=CARTESIAN_POINT('',(-0.00554019237886467,0.0083,0.));
#3472=CARTESIAN_POINT('',(0.00586748326636452,0.0083,0.));
#3473=CARTESIAN_POINT('',(-0.00586748326636451,0.0083,0.));
#3474=CARTESIAN_POINT('',(0.00586748326636452,0.0083,0.075));
#3475=CARTESIAN_POINT('',(0.00586748326636452,0.0083,0.075));
#3476=CARTESIAN_POINT('',(-0.00554019237886467,0.0083,0.075));
#3477=CARTESIAN_POINT('',(-0.00586748326636451,0.0083,0.075));
#3478=CARTESIAN_POINT('',(-0.00586748326636451,0.0083,0.));
#3479=CARTESIAN_POINT('',(0.0110401923788647,0.00815,0.075));
#3480=CARTESIAN_POINT('',(0.00706587298328897,-0.00668236190979496,0.013));
#3481=CARTESIAN_POINT('',(0.00706587298328897,-0.00668236190979496,0.013));
#3482=CARTESIAN_POINT('',(0.00706587298328897,-0.00668236190979496,0.048));
#3483=CARTESIAN_POINT('',(0.00572612702113336,-0.011682361909795,0.048));
#3484=CARTESIAN_POINT('',(0.00572612702113336,-0.011682361909795,0.06));
#3485=CARTESIAN_POINT('',(0.00706587298328897,-0.00668236190979496,0.06));
#3486=CARTESIAN_POINT('',(0.00706587298328897,-0.00668236190979496,0.06));
#3487=CARTESIAN_POINT('',(0.00706587298328897,-0.00668236190979496,0.066));
#3488=CARTESIAN_POINT('',(0.00572612702113336,-0.011682361909795,0.066));
#3489=CARTESIAN_POINT('',(0.0110401923788647,0.00815,0.075));
#3490=CARTESIAN_POINT('',(0.00973118657152079,0.00326472381958992,0.075));
#3491=CARTESIAN_POINT('',(0.00973118657152079,0.00326472381958992,0.075));
#3492=CARTESIAN_POINT('',(0.00973118657152079,0.00326472381958992,0.));
#3493=CARTESIAN_POINT('',(0.0110401923788647,0.00815,0.));
#3494=CARTESIAN_POINT('',(0.0069294943736751,-0.00719133380993954,0.));
#3495=CARTESIAN_POINT('',(0.0069294943736751,-0.00719133380993954,0.075));
#3496=CARTESIAN_POINT('',(0.0069294943736751,-0.00719133380993954,0.0108021222494622));
#3497=CARTESIAN_POINT('',(0.00572612702113336,-0.011682361909795,0.013));
#3498=CARTESIAN_POINT('',(0.00679319767883138,-0.00845,0.075));
#3499=CARTESIAN_POINT('',(0.00679319767883138,-0.0122,0.013));
#3500=CARTESIAN_POINT('',(0.00679319767883138,-0.00822660999034962,0.00996484401863584));
#3501=CARTESIAN_POINT('',(0.00679319767883138,-0.00822660999034962,0.075));
#3502=CARTESIAN_POINT('',(0.00679319767883138,-0.00822660999034962,0.));
#3503=CARTESIAN_POINT('',(0.00679319767883138,-0.00845,0.));
#3504=CARTESIAN_POINT('',(0.,-0.0092,0.075));
#3505=CARTESIAN_POINT('',(0.00679319767883138,-0.0092,0.07));
#3506=CARTESIAN_POINT('',(0.00679319767883138,-0.0092,0.069659271856226));
#3507=CARTESIAN_POINT('',(0.00684763743472017,-0.0092,0.0693266522086863));
#3508=CARTESIAN_POINT('',(0.00694214206886369,-0.0092,0.069));
#3509=CARTESIAN_POINT('',(0.00694214206886303,-0.0092,0.069));
#3510=CARTESIAN_POINT('',(-6.93889390390723E-18,-0.0092,0.069));
#3511=CARTESIAN_POINT('',(-0.00694214206886303,-0.0092,0.069));
#3512=CARTESIAN_POINT('',(-0.00694214206886303,-0.0092,0.069));
#3513=CARTESIAN_POINT('',(-0.00684763743471953,-0.0092,0.0693266522086863));
#3514=CARTESIAN_POINT('',(-0.00679319767883138,-0.0092,0.069659271856226));
#3515=CARTESIAN_POINT('',(-0.00679319767883138,-0.0092,0.07));
#3516=CARTESIAN_POINT('',(0.,-0.0092,0.075));
#3517=CARTESIAN_POINT('',(0.,0.016,0.075));
#3518=CARTESIAN_POINT('',(0.,0.016,0.063));
#3519=CARTESIAN_POINT('',(0.,0.016,0.0665));
#3520=CARTESIAN_POINT('',(0.031,0.016,-0.006));
#3521=CARTESIAN_POINT('',(0.0348,0.016,-0.006));
#3522=CARTESIAN_POINT('',(0.031,0.016,-0.0098));
#3523=CARTESIAN_POINT('',(-0.031,0.016,-0.0098));
#3524=CARTESIAN_POINT('',(-0.031,0.016,-0.0098));
#3525=CARTESIAN_POINT('',(-0.031,0.016,-0.006));
#3526=CARTESIAN_POINT('',(-0.0348,0.016,-0.006));
#3527=CARTESIAN_POINT('',(-0.0348,0.016,0.075));
#3528=CARTESIAN_POINT('',(-0.0348,0.016,-0.004));
#3529=CARTESIAN_POINT('',(-0.031,0.016,-0.004));
#3530=CARTESIAN_POINT('',(-0.031,0.016,-0.0002));
#3531=CARTESIAN_POINT('',(0.,0.016,-0.000200000000000006));
#3532=CARTESIAN_POINT('',(-0.026,0.016,-0.000200000000000006));
#3533=CARTESIAN_POINT('',(-0.026,0.016,0.01));
#3534=CARTESIAN_POINT('',(-0.0158,0.016,0.01));
#3535=CARTESIAN_POINT('',(-0.0158,0.016,0.075));
#3536=CARTESIAN_POINT('',(-0.0158,0.016,0.071));
#3537=CARTESIAN_POINT('',(-0.012,0.016,0.071));
#3538=CARTESIAN_POINT('',(-0.012,0.016,0.0748));
#3539=CARTESIAN_POINT('',(0.,0.016,0.0748));
#3540=CARTESIAN_POINT('',(0.012,0.016,0.0748));
#3541=CARTESIAN_POINT('',(0.012,0.016,0.071));
#3542=CARTESIAN_POINT('',(0.0158,0.016,0.071));
#3543=CARTESIAN_POINT('',(0.0158,0.016,0.01));
#3544=CARTESIAN_POINT('',(0.0158,0.016,0.01));
#3545=CARTESIAN_POINT('',(0.026,0.016,0.01));
#3546=CARTESIAN_POINT('',(0.026,0.016,-0.000200000000000006));
#3547=CARTESIAN_POINT('',(0.,0.016,-0.000200000000000006));
#3548=CARTESIAN_POINT('',(0.031,0.016,-0.000200000000000006));
#3549=CARTESIAN_POINT('',(0.031,0.016,-0.004));
#3550=CARTESIAN_POINT('',(0.0348,0.016,-0.004));
#3551=CARTESIAN_POINT('',(0.0348,0.016,-0.006));
#3552=CARTESIAN_POINT('',(-0.00679319767883138,-0.00845,0.075));
#3553=CARTESIAN_POINT('',(-0.00679319767883138,-0.00822660999034959,0.075));
#3554=CARTESIAN_POINT('',(-0.00679319767883138,-0.00822660999034959,0.));
#3555=CARTESIAN_POINT('',(-0.00679319767883138,-0.00822660999034959,0.00996484401863588));
#3556=CARTESIAN_POINT('',(-0.00679319767883138,-0.0122,0.013));
#3557=CARTESIAN_POINT('',(-0.00679319767883138,-0.00845,0.));
#3558=CARTESIAN_POINT('',(0.,0.,0.075));
#3559=CARTESIAN_POINT('',(0.012,0.016,0.075));
#3560=CARTESIAN_POINT('',(0.012,-0.013,0.075));
#3561=CARTESIAN_POINT('',(0.012,0.0158,0.075));
#3562=CARTESIAN_POINT('',(0.,0.0158,0.075));
#3563=CARTESIAN_POINT('',(-0.012,0.0158,0.075));
#3564=CARTESIAN_POINT('',(-0.012,0.,0.075));
#3565=CARTESIAN_POINT('',(-0.012,-0.013,0.075));
#3566=CARTESIAN_POINT('',(0.016,-0.013,0.075));
#3567=CARTESIAN_POINT('',(-0.00586748326636451,0.0043,0.075));
#3568=CARTESIAN_POINT('',(0.00586748326636452,0.0043,0.075));
#3569=CARTESIAN_POINT('',(0.,0.,0.));
#3570=CARTESIAN_POINT('',(0.,0.,0.));
#3571=CARTESIAN_POINT('',(0.006125,0.,0.));
#3572=CARTESIAN_POINT('',(0.00586748326636452,0.0043,0.));
#3573=CARTESIAN_POINT('',(-0.00586748326636451,0.0043,0.));
#3574=CARTESIAN_POINT('',(-0.0107931976788314,-0.00822660999034959,0.));
#3575=CARTESIAN_POINT('',(0.0107931976788314,-0.00822660999034962,0.));
#3576=CARTESIAN_POINT('',(0.,0.,0.));
#3577=CARTESIAN_POINT('',(0.031,0.016,0.));
#3578=CARTESIAN_POINT('',(0.031,0.0012311072252245,0.));
#3579=CARTESIAN_POINT('',(0.031,0.0158,0.));
#3580=CARTESIAN_POINT('',(0.,0.0158,0.));
#3581=CARTESIAN_POINT('',(0.025,0.,0.));
#3582=CARTESIAN_POINT('',(0.,0.,0.));
#3583=CARTESIAN_POINT('',(-0.025,0.,0.));
#3584=CARTESIAN_POINT('',(-0.031,-0.0012311072252245,0.));
#3585=CARTESIAN_POINT('',(-0.031,0.,0.));
#3586=CARTESIAN_POINT('',(0.035,0.,-0.01));
#3587=CARTESIAN_POINT('',(0.035,0.,-0.006));
#3588=CARTESIAN_POINT('',(0.035,0.0158,-0.006));
#3589=CARTESIAN_POINT('',(0.035,0.0158,-0.004));
#3590=CARTESIAN_POINT('',(0.035,0.0158,-0.004));
#3591=CARTESIAN_POINT('',(0.035,-0.016,-0.004));
#3592=CARTESIAN_POINT('',(-0.035,0.,-0.01));
#3593=CARTESIAN_POINT('',(-0.035,0.,-0.004));
#3594=CARTESIAN_POINT('',(-0.035,0.0158,-0.004));
#3595=CARTESIAN_POINT('',(-0.035,0.0158,-0.01));
#3596=CARTESIAN_POINT('',(-0.035,0.0158,-0.006));
#3597=CARTESIAN_POINT('',(-0.035,-0.016,-0.006));
#3598=CARTESIAN_POINT('',(0.,0.,-0.01));
#3599=CARTESIAN_POINT('',(0.025,0.,-0.01));
#3600=CARTESIAN_POINT('',(0.0288,0.,-0.01));
#3601=CARTESIAN_POINT('',(-0.025,0.,-0.01));
#3602=CARTESIAN_POINT('',(-0.0212,0.,-0.01));
#3603=CARTESIAN_POINT('',(0.,0.,-0.01));
#3604=CARTESIAN_POINT('',(0.0038,0.,-0.01));
#3605=CARTESIAN_POINT('',(-0.031,0.016,-0.01));
#3606=CARTESIAN_POINT('',(-0.031,0.0158,-0.01));
#3607=CARTESIAN_POINT('',(0.031,0.0158,-0.01));
#3608=CARTESIAN_POINT('',(0.031,0.0158,-0.01));
#3609=CARTESIAN_POINT('',(0.031,0.,-0.01));
#3610=CARTESIAN_POINT('',(0.025,0.,0.));
#3611=CARTESIAN_POINT('',(0.025,0.,-0.0095));
#3612=CARTESIAN_POINT('',(0.0283,0.,-0.0095));
#3613=CARTESIAN_POINT('',(0.025,0.,-0.0065));
#3614=CARTESIAN_POINT('',(0.0283,0.,-0.0065));
#3615=CARTESIAN_POINT('',(0.030625,0.,-0.006));
#3616=CARTESIAN_POINT('',(0.025,0.,-0.006));
#3617=CARTESIAN_POINT('',(0.0288,0.,-0.006));
#3618=CARTESIAN_POINT('',(0.025,0.,-0.006));
#3619=CARTESIAN_POINT('',(0.019375,0.,-0.006));
#3620=CARTESIAN_POINT('',(0.025,0.,0.));
#3621=CARTESIAN_POINT('',(0.025,0.,-0.0005));
#3622=CARTESIAN_POINT('',(0.0259183673469388,-0.00554952488201257,-0.0005));
#3623=CARTESIAN_POINT('',(0.0259183673469388,0.00554952488201257,-0.0005));
#3624=CARTESIAN_POINT('',(0.0259183673469388,0.00554952488201257,-0.000500000000000006));
#3625=CARTESIAN_POINT('',(0.0255102578502274,0.00561706119254794,-0.000500049642371618));
#3626=CARTESIAN_POINT('',(0.0248850237478993,0.00565184891262515,-0.000456295697962074));
#3627=CARTESIAN_POINT('',(0.0241484122722211,0.00556668010089043,-0.000325145168856018));
#3628=CARTESIAN_POINT('',(0.0237420543896042,0.00548605460266962,-0.000231205988257139));
#3629=CARTESIAN_POINT('',(0.0234110203722402,0.00539843456244231,-0.000140553588382613));
#3630=CARTESIAN_POINT('',(0.0231961223809083,0.00532959838696488,-7.34759171893698E-5));
#3631=CARTESIAN_POINT('',(0.0228539837867402,0.00520546122292496,4.27801955183309E-5));
#3632=CARTESIAN_POINT('',(0.0224236149056883,0.00501220379965866,0.000210874321237471));
#3633=CARTESIAN_POINT('',(0.021969212074785,0.00474696170143615,0.000419329781895965));
#3634=CARTESIAN_POINT('',(0.0216132604740869,0.00449596372435372,0.000602992795906007));
#3635=CARTESIAN_POINT('',(0.0213271508906662,0.00426451282800356,0.000764816096904168));
#3636=CARTESIAN_POINT('',(0.0211245105670825,0.0040799630389294,0.000887878431800839));
#3637=CARTESIAN_POINT('',(0.0208426498309767,0.00379838275828296,0.00106660798601134));
#3638=CARTESIAN_POINT('',(0.0205277482139139,0.00342884336056094,0.00129014605817639));
#3639=CARTESIAN_POINT('',(0.0201913851629368,0.00293675245100179,0.00155150308823505));
#3640=CARTESIAN_POINT('',(0.0199164512576733,0.00243617216570116,0.00177858284221739));
#3641=CARTESIAN_POINT('',(0.0196525664230039,0.00178948001869552,0.00201559094698046));
#3642=CARTESIAN_POINT('',(0.0194342991076275,0.000975509473985226,0.00222180329563463));
#3643=CARTESIAN_POINT('',(0.019336618934459,-3.34330964517234E-7,0.00232982742242719));
#3644=CARTESIAN_POINT('',(0.0194308453984175,-0.000965924232693094,0.00222565599264342));
#3645=CARTESIAN_POINT('',(0.0196279826765133,-0.0016907543894023,0.00203939786295168));
#3646=CARTESIAN_POINT('',(0.0197745719605991,-0.00209247732665175,0.00190656736874216));
#3647=CARTESIAN_POINT('',(0.019922208008391,-0.00242624670530216,0.00177634370568479));
#3648=CARTESIAN_POINT('',(0.0200261965234991,-0.00263091148587458,0.00168693855307961));
#3649=CARTESIAN_POINT('',(0.0201703881038992,-0.00288887222229458,0.00156757417119758));
#3650=CARTESIAN_POINT('',(0.0203308359989612,-0.00314273513742657,0.00144069920503878));
#3651=CARTESIAN_POINT('',(0.0205362344995011,-0.00342774216665282,0.00128644133249617));
#3652=CARTESIAN_POINT('',(0.0207115381429948,-0.00364366845974471,0.00116184119699776));
#3653=CARTESIAN_POINT('',(0.0209779587686132,-0.00394081512436434,0.000982821734695836));
#3654=CARTESIAN_POINT('',(0.0213144873210775,-0.004264633672892,0.000768055595196544));
#3655=CARTESIAN_POINT('',(0.0218494897564574,-0.00467514300259092,0.000468819966828131));
#3656=CARTESIAN_POINT('',(0.0223693933756082,-0.00498413620014821,0.000228780020194877));
#3657=CARTESIAN_POINT('',(0.0229136492701294,-0.00523303297632758,1.73577043824426E-5));
#3658=CARTESIAN_POINT('',(0.0234036452594526,-0.0054046219888507,-0.000143564146113035));
#3659=CARTESIAN_POINT('',(0.0240572655445455,-0.0055588109341489,-0.000310938818361763));
#3660=CARTESIAN_POINT('',(0.0248845144042978,-0.00564986408024513,-0.000455874341450738));
#3661=CARTESIAN_POINT('',(0.0255133068034879,-0.0056165566341981,-0.000500943530272491));
#3662=CARTESIAN_POINT('',(0.0259183673469388,-0.00554952488201257,-0.0005));
#3663=CARTESIAN_POINT('',(-0.025,0.,0.));
#3664=CARTESIAN_POINT('',(-0.025,0.,-0.0095));
#3665=CARTESIAN_POINT('',(-0.0217,0.,-0.0095));
#3666=CARTESIAN_POINT('',(-0.025,0.,-0.0065));
#3667=CARTESIAN_POINT('',(-0.0217,0.,-0.0065));
#3668=CARTESIAN_POINT('',(-0.019375,0.,-0.006));
#3669=CARTESIAN_POINT('',(-0.025,0.,-0.006));
#3670=CARTESIAN_POINT('',(-0.0212,0.,-0.006));
#3671=CARTESIAN_POINT('',(-0.025,0.,-0.006));
#3672=CARTESIAN_POINT('',(-0.030625,0.,-0.006));
#3673=CARTESIAN_POINT('',(-0.025,0.,0.));
#3674=CARTESIAN_POINT('',(-0.025,0.,-0.0005));
#3675=CARTESIAN_POINT('',(-0.0259183673469388,0.00554952488201257,-0.0005));
#3676=CARTESIAN_POINT('',(-0.0259183673469388,-0.00554952488201257,-0.0005));
#3677=CARTESIAN_POINT('',(-0.0259183673469388,-0.00554952488201257,-0.0005));
#3678=CARTESIAN_POINT('',(-0.0255102578502285,-0.00561706119254775,-0.000500049642371612));
#3679=CARTESIAN_POINT('',(-0.0248850237479008,-0.00565184891262504,-0.000456295697961915));
#3680=CARTESIAN_POINT('',(-0.0241484122722233,-0.0055666801008909,-0.000325145168856216));
#3681=CARTESIAN_POINT('',(-0.0237420543896038,-0.00548605460266942,-0.000231205988256776));
#3682=CARTESIAN_POINT('',(-0.0234110203722447,-0.0053984345624438,-0.000140553588383972));
#3683=CARTESIAN_POINT('',(-0.0231961223808904,-0.00532959838695908,-7.34759171842656E-5));
#3684=CARTESIAN_POINT('',(-0.0228539837867104,-0.00520546122291332,4.27801955268686E-5));
#3685=CARTESIAN_POINT('',(-0.0224236149056513,-0.00501220379963697,0.000210874321249643));
#3686=CARTESIAN_POINT('',(-0.021969212074758,-0.00474696170142631,0.000419329781901808));
#3687=CARTESIAN_POINT('',(-0.0216132604740722,-0.00449596372432871,0.000602992795915963));
#3688=CARTESIAN_POINT('',(-0.0213271508906702,-0.00426451282805752,0.000764816096884208));
#3689=CARTESIAN_POINT('',(-0.0211245105670814,-0.00407996303873852,0.000887878431870753));
#3690=CARTESIAN_POINT('',(-0.0208426498309774,-0.00379838275929267,0.00106660798565843));
#3691=CARTESIAN_POINT('',(-0.0205277482139133,-0.00342884335242805,0.00129014606104458));
#3692=CARTESIAN_POINT('',(-0.0201913851629383,-0.00293675248069517,0.00155150307775944));
#3693=CARTESIAN_POINT('',(-0.0199164512575934,-0.0024361720549391,0.00177858288130024));
#3694=CARTESIAN_POINT('',(-0.019652566423322,-0.00178948043205042,0.00201559080112467));
#3695=CARTESIAN_POINT('',(-0.0194342991059401,-0.000975507279349724,0.00222180407004028));
#3696=CARTESIAN_POINT('',(-0.0193366189480692,3.16645952016606E-7,0.00232982118205526));
#3697=CARTESIAN_POINT('',(-0.0194308453592743,0.000965975093095125,0.00222567393935357));
#3698=CARTESIAN_POINT('',(-0.0196280259159815,0.00169088542558483,0.00203937473349625));
#3699=CARTESIAN_POINT('',(-0.019774613717171,0.00209259026897891,0.00190654016643198));
#3700=CARTESIAN_POINT('',(-0.0199223290365251,0.00242649166494019,0.00177623649095297));
#3701=CARTESIAN_POINT('',(-0.0200260935496938,0.00263071293007808,0.00168702590174535));
#3702=CARTESIAN_POINT('',(-0.020170413513487,0.00288892198424381,0.0015675528215434));
#3703=CARTESIAN_POINT('',(-0.0203308752117494,0.00314279794797604,0.00144067006711055));
#3704=CARTESIAN_POINT('',(-0.0205363959600092,0.00342795015936759,0.00128632194865881));
#3705=CARTESIAN_POINT('',(-0.0207114941898449,0.00364361227860336,0.00116187840857673));
#3706=CARTESIAN_POINT('',(-0.0209779852586375,0.00394084758297537,0.000982808577491669));
#3707=CARTESIAN_POINT('',(-0.0213144487717524,0.00426460138668423,0.000768059032740512));
#3708=CARTESIAN_POINT('',(-0.0218495908836245,0.00467521509021714,0.000468769103052277));
#3709=CARTESIAN_POINT('',(-0.0223694274909798,0.00498415093152556,0.000228768945399581));
#3710=CARTESIAN_POINT('',(-0.022913669375985,0.00523303803547825,1.73544411421667E-5));
#3711=CARTESIAN_POINT('',(-0.0234035524204336,0.00540459573126182,-0.000143538183181318));
#3712=CARTESIAN_POINT('',(-0.024057308547212,0.00555882136448122,-0.00031094971508521));
#3713=CARTESIAN_POINT('',(-0.0248845052368872,0.00564985892279092,-0.000455870077669142));
#3714=CARTESIAN_POINT('',(-0.0255133101453689,0.00561655608116439,-0.000500943522488058));
#3715=CARTESIAN_POINT('',(-0.0259183673469388,0.00554952488201257,-0.0005));
#3716=CARTESIAN_POINT('',(0.004945,0.01341,0.063));
#3717=CARTESIAN_POINT('',(0.004945,0.01341,0.0658549970811427));
#3718=CARTESIAN_POINT('',(0.004945,0.01341,0.0658549970811427));
#3719=CARTESIAN_POINT('',(0.004945,0.01341,0.063));
#3720=CARTESIAN_POINT('',(0.004945,0.01341,0.0601450029188573));
#3721=CARTESIAN_POINT('',(0.004945,0.01341,0.0601450029188573));
#3722=CARTESIAN_POINT('',(0.0024725,0.01341,0.067282495621714));
#3723=CARTESIAN_POINT('',(4.07931067397671E-18,0.01341,0.0687099941622854));
#3724=CARTESIAN_POINT('',(4.07931067397671E-18,0.01341,0.0687099941622854));
#3725=CARTESIAN_POINT('',(0.0024725,0.01341,0.067282495621714));
#3726=CARTESIAN_POINT('',(-0.0024725,0.01341,0.067282495621714));
#3727=CARTESIAN_POINT('',(-0.004945,0.01341,0.0658549970811427));
#3728=CARTESIAN_POINT('',(-0.004945,0.01341,0.0658549970811427));
#3729=CARTESIAN_POINT('',(-0.0024725,0.01341,0.067282495621714));
#3730=CARTESIAN_POINT('',(-0.004945,0.01341,0.063));
#3731=CARTESIAN_POINT('',(-0.004945,0.01341,0.0601450029188573));
#3732=CARTESIAN_POINT('',(-0.004945,0.01341,0.0601450029188573));
#3733=CARTESIAN_POINT('',(-0.004945,0.01341,0.063));
#3734=CARTESIAN_POINT('',(-0.0024725,0.01341,0.058717504378286));
#3735=CARTESIAN_POINT('',(-1.7347234759768E-17,0.01341,0.0572900058377146));
#3736=CARTESIAN_POINT('',(-1.7347234759768E-17,0.01341,0.0572900058377146));
#3737=CARTESIAN_POINT('',(-0.0024725,0.01341,0.058717504378286));
#3738=CARTESIAN_POINT('',(0.0024725,0.01341,0.058717504378286));
#3739=CARTESIAN_POINT('',(0.0024725,0.01341,0.058717504378286));
#3740=CARTESIAN_POINT('',(-3.46944695195361E-18,0.01341,0.0375));
#3741=CARTESIAN_POINT('',(0.0107931976788314,-0.00822660999034962,0.075));
#3742=CARTESIAN_POINT('',(0.00679319767883138,-0.00822660999034962,0.00996484401863585));
#3743=CARTESIAN_POINT('',(0.00679319767883138,-0.00784946961779572,0.0102117054316476));
#3744=CARTESIAN_POINT('',(0.0068464722070042,-0.00750117675410978,0.0104855638402263));
#3745=CARTESIAN_POINT('',(0.0069294943736751,-0.00719133380993954,0.0108021222494622));
#3746=CARTESIAN_POINT('',(-0.0107931976788314,-0.00822660999034959,0.075));
#3747=CARTESIAN_POINT('',(-0.00692949437367509,-0.00719133380993951,0.0108021222494623));
#3748=CARTESIAN_POINT('',(-0.00684742463842911,-0.0074976222316412,0.0104891954026015));
#3749=CARTESIAN_POINT('',(-0.00679319767883093,-0.00784868400478257,0.0102122196633564));
#3750=CARTESIAN_POINT('',(-0.00679319767883089,-0.00822660999034919,0.00996484401863535));
#3751=CARTESIAN_POINT('',(0.00586748326636452,0.0043,0.075));
#3752=CARTESIAN_POINT('',(-0.00586748326636451,0.0043,0.075));
#3753=CARTESIAN_POINT('',(0.,-0.0092,0.075));
#3754=CARTESIAN_POINT('',(0.00679319767883138,-0.0092,0.066));
#3755=CARTESIAN_POINT('',(0.00899772463586711,-0.0092,0.066));
#3756=CARTESIAN_POINT('',(0.00899772463586711,-0.0092,0.057));
#3757=CARTESIAN_POINT('',(0.00899772463586711,-0.0092,0.06));
#3758=CARTESIAN_POINT('',(0.,-0.0092,0.06));
#3759=CARTESIAN_POINT('',(0.,-0.0092,0.075));
#3760=CARTESIAN_POINT('',(0.,-0.0092,0.06));
#3761=CARTESIAN_POINT('',(-0.0089977246358671,-0.0092,0.06));
#3762=CARTESIAN_POINT('',(-0.0089977246358671,-0.0092,0.075));
#3763=CARTESIAN_POINT('',(-0.0089977246358671,-0.0092,0.066));
#3764=CARTESIAN_POINT('',(-0.016,-0.0092,0.066));
#3765=CARTESIAN_POINT('',(-6.93889390390723E-18,-0.009198,0.069));
#3766=CARTESIAN_POINT('',(-0.016,-0.013,0.069));
#3767=CARTESIAN_POINT('',(-0.00679319767883138,-0.0122,0.069));
#3768=CARTESIAN_POINT('',(-0.00879319767883138,-0.0122,0.069));
#3769=CARTESIAN_POINT('',(-0.00694214206886303,-0.0092,0.069));
#3770=CARTESIAN_POINT('',(-0.00727384696578265,-0.0103465272385091,0.069));
#3771=CARTESIAN_POINT('',(-0.00804856713006444,-0.0112880152744561,0.069));
#3772=CARTESIAN_POINT('',(-0.00879319767883138,-0.0122,0.069));
#3773=CARTESIAN_POINT('',(0.00694214206886303,-0.0092,0.069));
#3774=CARTESIAN_POINT('',(0.00727384696578265,-0.0103465272385091,0.069));
#3775=CARTESIAN_POINT('',(0.00804856713006444,-0.0112880152744561,0.069));
#3776=CARTESIAN_POINT('',(0.00879319767883138,-0.0122,0.069));
#3777=CARTESIAN_POINT('',(0.00879319767883138,-0.0122,0.069));
#3778=CARTESIAN_POINT('',(0.016,-0.0122,0.069));
#3779=CARTESIAN_POINT('',(-6.93889390390723E-18,-0.009198,0.057));
#3780=CARTESIAN_POINT('',(-6.93889390390723E-18,-0.013,0.057));
#3781=CARTESIAN_POINT('',(-6.93889390390723E-18,-0.0122,0.057));
#3782=CARTESIAN_POINT('',(0.00879319767883138,-0.0122,0.057));
#3783=CARTESIAN_POINT('',(0.00694214206886303,-0.0092,0.057));
#3784=CARTESIAN_POINT('',(0.00727384696578265,-0.0103465272385091,0.057));
#3785=CARTESIAN_POINT('',(0.00804856713006444,-0.0112880152744561,0.057));
#3786=CARTESIAN_POINT('',(0.00879319767883138,-0.0122,0.057));
#3787=CARTESIAN_POINT('',(-0.00694214206886303,-0.0092,0.057));
#3788=CARTESIAN_POINT('',(-0.00727384696578265,-0.0103465272385091,0.057));
#3789=CARTESIAN_POINT('',(-0.00804856713006444,-0.0112880152744561,0.057));
#3790=CARTESIAN_POINT('',(-0.00879319767883138,-0.0122,0.057));
#3791=CARTESIAN_POINT('',(-0.00879319767883138,-0.0122,0.057));
#3792=CARTESIAN_POINT('',(-6.93889390390723E-18,-0.0122,0.057));
#3793=CARTESIAN_POINT('',(0.,-0.0092,0.075));
#3794=CARTESIAN_POINT('',(0.00679319767883138,-0.0092,0.048));
#3795=CARTESIAN_POINT('',(0.00899772463586711,-0.0092,0.048));
#3796=CARTESIAN_POINT('',(0.00899772463586711,-0.0092,0.01));
#3797=CARTESIAN_POINT('',(0.00899772463586711,-0.0092,0.013));
#3798=CARTESIAN_POINT('',(0.,-0.0092,0.013));
#3799=CARTESIAN_POINT('',(0.,-0.0092,0.075));
#3800=CARTESIAN_POINT('',(0.,-0.0092,0.013));
#3801=CARTESIAN_POINT('',(-0.0089977246358671,-0.0092,0.013));
#3802=CARTESIAN_POINT('',(-0.0089977246358671,-0.0092,0.075));
#3803=CARTESIAN_POINT('',(-0.0089977246358671,-0.0092,0.048));
#3804=CARTESIAN_POINT('',(-0.016,-0.0092,0.048));
#3805=CARTESIAN_POINT('',(0.,-0.009198,0.01));
#3806=CARTESIAN_POINT('',(-0.00694214206886304,-0.0092,0.01));
#3807=CARTESIAN_POINT('',(-0.00727384696578266,-0.0103465272385091,0.01));
#3808=CARTESIAN_POINT('',(-0.00804856713011719,-0.011288015274413,0.01));
#3809=CARTESIAN_POINT('',(-0.00879319767883138,-0.0122,0.01));
#3810=CARTESIAN_POINT('',(-0.00879319767883138,-0.0122,0.01));
#3811=CARTESIAN_POINT('',(0.,-0.0122,0.01));
#3812=CARTESIAN_POINT('',(0.,-0.0133508893593265,0.01));
#3813=CARTESIAN_POINT('',(0.,-0.0122,0.01));
#3814=CARTESIAN_POINT('',(0.00879319767883138,-0.0122,0.01));
#3815=CARTESIAN_POINT('',(0.00694214206886304,-0.0092,0.01));
#3816=CARTESIAN_POINT('',(0.00727384696578266,-0.0103465272385091,0.01));
#3817=CARTESIAN_POINT('',(0.00804856713011719,-0.011288015274413,0.01));
#3818=CARTESIAN_POINT('',(0.00879319767883138,-0.0122,0.01));
#3819=CARTESIAN_POINT('',(0.,-0.009198,0.051));
#3820=CARTESIAN_POINT('',(0.00694214206886303,-0.0092,0.051));
#3821=CARTESIAN_POINT('',(0.00727384696578265,-0.0103465272385091,0.051));
#3822=CARTESIAN_POINT('',(0.00804856713006444,-0.0112880152744561,0.051));
#3823=CARTESIAN_POINT('',(0.00879319767883138,-0.0122,0.051));
#3824=CARTESIAN_POINT('',(0.00879319767883138,-0.0122,0.051));
#3825=CARTESIAN_POINT('',(0.016,-0.0122,0.051));
#3826=CARTESIAN_POINT('',(-0.016,-0.013,0.051));
#3827=CARTESIAN_POINT('',(-0.00679319767883138,-0.0122,0.051));
#3828=CARTESIAN_POINT('',(-0.00879319767883138,-0.0122,0.051));
#3829=CARTESIAN_POINT('',(-0.00694214206886303,-0.0092,0.051));
#3830=CARTESIAN_POINT('',(-0.00727384696578265,-0.0103465272385091,0.051));
#3831=CARTESIAN_POINT('',(-0.00804856713006444,-0.0112880152744561,0.051));
#3832=CARTESIAN_POINT('',(-0.00879319767883138,-0.0122,0.051));
#3833=CARTESIAN_POINT('',(0.,-0.0122,0.013));
#3834=CARTESIAN_POINT('',(-0.00879319767883138,-0.0122,0.013));
#3835=CARTESIAN_POINT('',(-0.00879319767883138,-0.00981596599420975,0.0111789064111815));
#3836=CARTESIAN_POINT('',(-0.00879319767883138,-0.00981596599420975,0.0111789064111815));
#3837=CARTESIAN_POINT('',(-0.00879319767883138,-0.00969327763550074,0.0113395204625805));
#3838=CARTESIAN_POINT('',(-0.00882313358677422,-0.00959094959945681,0.0115064313352195));
#3839=CARTESIAN_POINT('',(-0.00886134602625322,-0.00950538314008673,0.0116812733496774));
#3840=CARTESIAN_POINT('',(-0.00886134602625324,-0.00950538314008673,0.0116812733496774));
#3841=CARTESIAN_POINT('',(-0.00765797867371149,-0.0122,0.013));
#3842=CARTESIAN_POINT('',(0.,-0.0133508893593265,0.007));
#3843=CARTESIAN_POINT('',(0.,-0.0122,0.013));
#3844=CARTESIAN_POINT('',(0.0076579786737115,-0.0122,0.013));
#3845=CARTESIAN_POINT('',(0.00886134602625324,-0.00950538314008675,0.0116812733496773));
#3846=CARTESIAN_POINT('',(0.00886134602625324,-0.00950538314008675,0.0116812733496773));
#3847=CARTESIAN_POINT('',(0.00882286851273214,-0.00959154316133255,0.0115052184820195));
#3848=CARTESIAN_POINT('',(0.00879319767883137,-0.00969427525820345,0.0113382144525749));
#3849=CARTESIAN_POINT('',(0.00879319767883137,-0.00981596599420977,0.0111789064111815));
#3850=CARTESIAN_POINT('',(0.00879319767883138,-0.00981596599420977,0.0111789064111815));
#3851=CARTESIAN_POINT('',(0.00879319767883138,-0.0122,0.013));
#3852=CARTESIAN_POINT('',(0.,-0.0122,0.048));
#3853=CARTESIAN_POINT('',(0.00879319767883138,-0.0122,0.048));
#3854=CARTESIAN_POINT('',(0.00879319767883138,-0.00981596599420977,0.0498210935888185));
#3855=CARTESIAN_POINT('',(0.00879319767883138,-0.00981596599420977,0.0498210935888185));
#3856=CARTESIAN_POINT('',(0.00879319767883138,-0.00969327763550077,0.0496604795374195));
#3857=CARTESIAN_POINT('',(0.00882313358677422,-0.00959094959945683,0.0494935686647805));
#3858=CARTESIAN_POINT('',(0.00886134602625322,-0.00950538314008676,0.0493187266503227));
#3859=CARTESIAN_POINT('',(0.00886134602625324,-0.00950538314008675,0.0493187266503227));
#3860=CARTESIAN_POINT('',(0.0076579786737115,-0.0122,0.048));
#3861=CARTESIAN_POINT('',(0.,-0.0122,0.048));
#3862=CARTESIAN_POINT('',(-0.00765797867371149,-0.0122,0.048));
#3863=CARTESIAN_POINT('',(-0.00886134602625324,-0.00950538314008673,0.0493187266503226));
#3864=CARTESIAN_POINT('',(-0.00886134602625324,-0.00950538314008673,0.0493187266503226));
#3865=CARTESIAN_POINT('',(-0.00882286851273214,-0.00959154316133253,0.0494947815179805));
#3866=CARTESIAN_POINT('',(-0.00879319767883137,-0.00969427525820341,0.0496617855474251));
#3867=CARTESIAN_POINT('',(-0.00879319767883137,-0.00981596599420975,0.0498210935888185));
#3868=CARTESIAN_POINT('',(-0.00879319767883138,-0.00981596599420976,0.0498210935888185));
#3869=CARTESIAN_POINT('',(-0.00879319767883138,-0.0122,0.048));
#3870=CARTESIAN_POINT('',(-6.93889390390723E-18,-0.013,0.054));
#3871=CARTESIAN_POINT('',(0.,-0.013,0.072));
#3872=CARTESIAN_POINT('',(-0.016,-0.0158284271247462,0.071));
#3873=CARTESIAN_POINT('',(-0.016,-0.0160314596926738,0.0715742628223334));
#3874=CARTESIAN_POINT('',(-0.0157163410529735,-0.0160469027392156,0.0728178446025313));
#3875=CARTESIAN_POINT('',(-0.0146441202156091,-0.0152539379849355,0.0741308880106709));
#3876=CARTESIAN_POINT('',(-0.0133682622465026,-0.0141850434836052,0.0748445991447738));
#3877=CARTESIAN_POINT('',(-0.0124536094646692,-0.0133928372262902,0.075));
#3878=CARTESIAN_POINT('',(-0.012,-0.013,0.075));
#3879=CARTESIAN_POINT('',(0.016,-0.0158284271247462,0.071));
#3880=CARTESIAN_POINT('',(0.016,-0.0160314596926738,0.0715742628223334));
#3881=CARTESIAN_POINT('',(0.0157163410529735,-0.0160469027392156,0.0728178446025313));
#3882=CARTESIAN_POINT('',(0.0146441202156091,-0.0152539379849355,0.0741308880106709));
#3883=CARTESIAN_POINT('',(0.0133682622465026,-0.0141850434836052,0.0748445991447738));
#3884=CARTESIAN_POINT('',(0.0124536094646692,-0.0133928372262902,0.075));
#3885=CARTESIAN_POINT('',(0.012,-0.013,0.075));
#3886=CARTESIAN_POINT('',(-6.93889390390723E-18,-0.0122,0.06));
#3887=CARTESIAN_POINT('',(-0.00879319767883138,-0.0122,0.06));
#3888=CARTESIAN_POINT('',(-0.00879319767883138,-0.00981596599420976,0.0581789064111815));
#3889=CARTESIAN_POINT('',(-0.00879319767883138,-0.00981596599420976,0.0581789064111815));
#3890=CARTESIAN_POINT('',(-0.00879319767883138,-0.00969327763550074,0.0583395204625805));
#3891=CARTESIAN_POINT('',(-0.00882313358677422,-0.00959094959945679,0.0585064313352195));
#3892=CARTESIAN_POINT('',(-0.00886134602625323,-0.00950538314008671,0.0586812733496774));
#3893=CARTESIAN_POINT('',(-0.00886134602625324,-0.00950538314008673,0.0586812733496774));
#3894=CARTESIAN_POINT('',(-0.00765797867371149,-0.0122,0.06));
#3895=CARTESIAN_POINT('',(-6.93889390390723E-18,-0.0122,0.06));
#3896=CARTESIAN_POINT('',(0.0076579786737115,-0.0122,0.06));
#3897=CARTESIAN_POINT('',(0.00886134602625324,-0.00950538314008675,0.0586812733496773));
#3898=CARTESIAN_POINT('',(0.00886134602625324,-0.00950538314008675,0.0586812733496773));
#3899=CARTESIAN_POINT('',(0.00882286851273214,-0.00959154316133255,0.0585052184820195));
#3900=CARTESIAN_POINT('',(0.00879319767883137,-0.00969427525820345,0.0583382144525749));
#3901=CARTESIAN_POINT('',(0.00879319767883137,-0.00981596599420977,0.0581789064111815));
#3902=CARTESIAN_POINT('',(0.00879319767883138,-0.00981596599420977,0.0581789064111815));
#3903=CARTESIAN_POINT('',(0.00879319767883138,-0.0122,0.06));
#3904=CARTESIAN_POINT('',(0.,-0.0122,0.066));
#3905=CARTESIAN_POINT('',(0.00879319767883138,-0.0122,0.066));
#3906=CARTESIAN_POINT('',(0.00879319767883138,-0.00981596599420977,0.0678210935888185));
#3907=CARTESIAN_POINT('',(0.00879319767883138,-0.00981596599420977,0.0678210935888185));
#3908=CARTESIAN_POINT('',(0.00879319767883138,-0.00969327763550077,0.0676604795374195));
#3909=CARTESIAN_POINT('',(0.00882313358677422,-0.00959094959945683,0.0674935686647805));
#3910=CARTESIAN_POINT('',(0.00886134602625322,-0.00950538314008676,0.0673187266503227));
#3911=CARTESIAN_POINT('',(0.00886134602625324,-0.00950538314008675,0.0673187266503227));
#3912=CARTESIAN_POINT('',(0.0076579786737115,-0.0122,0.066));
#3913=CARTESIAN_POINT('',(0.,-0.0122,0.066));
#3914=CARTESIAN_POINT('',(-0.00765797867371149,-0.0122,0.066));
#3915=CARTESIAN_POINT('',(-0.00886134602625324,-0.00950538314008673,0.0673187266503226));
#3916=CARTESIAN_POINT('',(-0.00886134602625324,-0.00950538314008673,0.0673187266503226));
#3917=CARTESIAN_POINT('',(-0.00882286851273214,-0.00959154316133253,0.0674947815179804));
#3918=CARTESIAN_POINT('',(-0.00879319767883137,-0.00969427525820342,0.0676617855474251));
#3919=CARTESIAN_POINT('',(-0.00879319767883137,-0.00981596599420976,0.0678210935888185));
#3920=CARTESIAN_POINT('',(-0.00879319767883138,-0.00981596599420975,0.0678210935888185));
#3921=CARTESIAN_POINT('',(-0.00879319767883138,-0.0122,0.066));
#3922=CARTESIAN_POINT('',(0.00879319767883138,-0.0122,0.013));
#3923=CARTESIAN_POINT('',(0.00879319767883138,-0.00822660999034962,0.00996484401863585));
#3924=CARTESIAN_POINT('',(0.00879319767883137,-0.00981596599420977,0.0111789064111815));
#3925=CARTESIAN_POINT('',(0.00679319767883137,-0.00981596599420977,0.0111789064111815));
#3926=CARTESIAN_POINT('',(0.00679319767883137,-0.00822660999034962,0.00996484401863585));
#3927=CARTESIAN_POINT('',(0.00879319769768809,-0.00969458592086346,0.0113378077571967));
#3928=CARTESIAN_POINT('',(0.006625702475961,-0.00961183686903944,0.0114461364143527));
#3929=CARTESIAN_POINT('',(0.00679319767883137,-0.00782200975068599,0.0102296795971705));
#3930=CARTESIAN_POINT('',(0.00882285052752915,-0.00959158340766166,0.0115051362447818));
#3931=CARTESIAN_POINT('',(0.00648509220109493,-0.00947037357366906,0.0117106994758427));
#3932=CARTESIAN_POINT('',(0.0068525033983148,-0.0074786680417084,0.0105085604081161));
#3933=CARTESIAN_POINT('',(0.00886134602625322,-0.00950538314008675,0.0116812733496773));
#3934=CARTESIAN_POINT('',(0.00634436492981658,-0.00937506662342402,0.0119475552837223));
#3935=CARTESIAN_POINT('',(0.00692949437367509,-0.00719133380993954,0.0108021222494622));
#3936=CARTESIAN_POINT('',(0.00886134602625324,-0.00770897190014458,0.0108021222494622));
#3937=CARTESIAN_POINT('',(0.00886134602625323,-0.00950538314008675,0.0116812733496773));
#3938=CARTESIAN_POINT('',(0.00634436492981659,-0.00937506662342402,0.0119475552837223));
#3939=CARTESIAN_POINT('',(0.0069294943736751,-0.00719133380993955,0.0108021222494622));
#3940=CARTESIAN_POINT('',(0.00895069024278346,-0.0093053208468117,0.0120900701449494));
#3941=CARTESIAN_POINT('',(0.00637748019588875,-0.00925147876791686,0.0123035675814762));
#3942=CARTESIAN_POINT('',(0.00701883859020653,-0.0068578966544818,0.0114834502415823));
#3943=CARTESIAN_POINT('',(0.00899772463586711,-0.0092,0.0125448739283557));
#3944=CARTESIAN_POINT('',(0.00639127389018711,-0.00919999999999923,0.0126508267356541));
#3945=CARTESIAN_POINT('',(0.00706587298328865,-0.00668236190979618,0.0122414565472598));
#3946=CARTESIAN_POINT('',(0.00899772463586711,-0.0092,0.013));
#3947=CARTESIAN_POINT('',(0.0063912738901847,-0.0092,0.013));
#3948=CARTESIAN_POINT('',(0.00706587298328898,-0.00668236190979496,0.013));
#3949=CARTESIAN_POINT('',(0.00899772463586711,-0.0072,0.013));
#3950=CARTESIAN_POINT('',(0.00879319767883138,-0.0122,0.048));
#3951=CARTESIAN_POINT('',(0.00879319767883138,-0.00822660999034962,0.0510351559813642));
#3952=CARTESIAN_POINT('',(0.00899772463586711,-0.0072,0.075));
#3953=CARTESIAN_POINT('',(0.00899772463586711,-0.0072,0.048));
#3954=CARTESIAN_POINT('',(0.00679319767883137,-0.00822660999034962,0.0510351559813642));
#3955=CARTESIAN_POINT('',(0.00679319767883137,-0.00981596599420977,0.0498210935888185));
#3956=CARTESIAN_POINT('',(0.00879319767883137,-0.00981596599420976,0.0498210935888185));
#3957=CARTESIAN_POINT('',(0.00679319767883137,-0.00782200975071257,0.0507703204028255));
#3958=CARTESIAN_POINT('',(0.00662570247597377,-0.00961183686905736,0.0495538635856447));
#3959=CARTESIAN_POINT('',(0.00879319769768809,-0.00969458592086597,0.0496621922428066));
#3960=CARTESIAN_POINT('',(0.00685250339831542,-0.0074786680417061,0.0504914395918805));
#3961=CARTESIAN_POINT('',(0.00648509220109987,-0.00947037357366246,0.0492893005241529));
#3962=CARTESIAN_POINT('',(0.0088228505275283,-0.00959158340766111,0.049494863755217));
#3963=CARTESIAN_POINT('',(0.00692949437367508,-0.00719133380993955,0.0501978777505378));
#3964=CARTESIAN_POINT('',(0.00634436492981658,-0.00937506662342403,0.0490524447162777));
#3965=CARTESIAN_POINT('',(0.00886134602625322,-0.00950538314008675,0.0493187266503227));
#3966=CARTESIAN_POINT('',(0.00886134602625324,-0.00770897190014458,0.0501978777505378));
#3967=CARTESIAN_POINT('',(0.00899772463586711,-0.0092,0.048));
#3968=CARTESIAN_POINT('',(0.0063912738901847,-0.0092,0.048));
#3969=CARTESIAN_POINT('',(0.00706587298328898,-0.00668236190979496,0.048));
#3970=CARTESIAN_POINT('',(0.00899772463586711,-0.0092,0.0484551260716423));
#3971=CARTESIAN_POINT('',(0.00639127389018711,-0.00919999999999923,0.048349173264351));
#3972=CARTESIAN_POINT('',(0.00706587298328865,-0.00668236190979618,0.0487585434527389));
#3973=CARTESIAN_POINT('',(0.00895069024278345,-0.00930532084681159,0.0489099298550503));
#3974=CARTESIAN_POINT('',(0.00637748019589407,-0.00925147876791316,0.0486964324185318));
#3975=CARTESIAN_POINT('',(0.00701883859020587,-0.00685789665448428,0.0495165497584203));
#3976=CARTESIAN_POINT('',(0.00886134602625323,-0.00950538314008676,0.0493187266503227));
#3977=CARTESIAN_POINT('',(0.00634436492981659,-0.00937506662342403,0.0490524447162777));
#3978=CARTESIAN_POINT('',(0.0069294943736751,-0.00719133380993956,0.0501978777505378));
#3979=CARTESIAN_POINT('',(-0.00879319767883138,-0.0122,0.013));
#3980=CARTESIAN_POINT('',(-0.00879319767883138,-0.00822660999034959,0.00996484401863588));
#3981=CARTESIAN_POINT('',(-0.00679319767883137,-0.00822660999034959,0.00996484401863588));
#3982=CARTESIAN_POINT('',(-0.00679319767883137,-0.00981596599420975,0.0111789064111815));
#3983=CARTESIAN_POINT('',(-0.00879319767883137,-0.00981596599420975,0.0111789064111815));
#3984=CARTESIAN_POINT('',(-0.00679319767883137,-0.00782200975069115,0.0102296795971714));
#3985=CARTESIAN_POINT('',(-0.00662570247596285,-0.00961183686904279,0.0114461364143535));
#3986=CARTESIAN_POINT('',(-0.00879319769768809,-0.00969458592086356,0.0113378077571966));
#3987=CARTESIAN_POINT('',(-0.00685250339831474,-0.0074786680417086,0.0105085604081162));
#3988=CARTESIAN_POINT('',(-0.00648509220109651,-0.00947037357366829,0.0117106994758413));
#3989=CARTESIAN_POINT('',(-0.0088228505275283,-0.0095915834076617,0.0115051362447817));
#3990=CARTESIAN_POINT('',(-0.00692949437367509,-0.00719133380993951,0.0108021222494623));
#3991=CARTESIAN_POINT('',(-0.00634436492981657,-0.00937506662342401,0.0119475552837223));
#3992=CARTESIAN_POINT('',(-0.00886134602625322,-0.00950538314008673,0.0116812733496774));
#3993=CARTESIAN_POINT('',(-0.00886134602625324,-0.00770897190014455,0.0108021222494623));
#3994=CARTESIAN_POINT('',(-0.0069294943736751,-0.00719133380993951,0.0108021222494623));
#3995=CARTESIAN_POINT('',(-0.00634436492981659,-0.00937506662342401,0.0119475552837223));
#3996=CARTESIAN_POINT('',(-0.00886134602625324,-0.00950538314008673,0.0116812733496774));
#3997=CARTESIAN_POINT('',(-0.00701883859020617,-0.00685789665448314,0.0114834502415822));
#3998=CARTESIAN_POINT('',(-0.00637748019589113,-0.00925147876792061,0.0123035675814718));
#3999=CARTESIAN_POINT('',(-0.00895069024278325,-0.00930532084681254,0.0120900701449478));
#4000=CARTESIAN_POINT('',(-0.00706587298328889,-0.00668236190979526,0.0122414565472582));
#4001=CARTESIAN_POINT('',(-0.00639127389018553,-0.00919999999999755,0.0126508267356517));
#4002=CARTESIAN_POINT('',(-0.0089977246358671,-0.0092,0.0125448739283554));
#4003=CARTESIAN_POINT('',(-0.00706587298328897,-0.00668236190979496,0.013));
#4004=CARTESIAN_POINT('',(-0.00639127389018469,-0.0092,0.013));
#4005=CARTESIAN_POINT('',(-0.0089977246358671,-0.0092,0.013));
#4006=CARTESIAN_POINT('',(-0.0089977246358671,-0.0072,0.013));
#4007=CARTESIAN_POINT('',(-0.0089977246358671,-0.0072,0.075));
#4008=CARTESIAN_POINT('',(-0.0089977246358671,-0.0072,0.048));
#4009=CARTESIAN_POINT('',(-0.00706587298328897,-0.00668236190979496,0.048));
#4010=CARTESIAN_POINT('',(-0.00639127389018469,-0.0092,0.048));
#4011=CARTESIAN_POINT('',(-0.0089977246358671,-0.0092,0.048));
#4012=CARTESIAN_POINT('',(-0.00706587298328889,-0.00668236190979526,0.0487585434527415));
#4013=CARTESIAN_POINT('',(-0.00639127389018553,-0.00919999999999755,0.0483491732643569));
#4014=CARTESIAN_POINT('',(-0.0089977246358671,-0.0092,0.0484551260716449));
#4015=CARTESIAN_POINT('',(-0.00701883859020633,-0.00685789665448253,0.0495165497584203));
#4016=CARTESIAN_POINT('',(-0.00637748019588656,-0.00925147876792228,0.0486964324185401));
#4017=CARTESIAN_POINT('',(-0.00895069024278412,-0.00930532084681249,0.0489099298550521));
#4018=CARTESIAN_POINT('',(-0.0069294943736751,-0.0071913338099395,0.0501978777505377));
#4019=CARTESIAN_POINT('',(-0.00634436492981659,-0.009375066623424,0.0490524447162777));
#4020=CARTESIAN_POINT('',(-0.00886134602625324,-0.00950538314008672,0.0493187266503226));
#4021=CARTESIAN_POINT('',(-0.00886134602625324,-0.00770897190014455,0.0501978777505377));
#4022=CARTESIAN_POINT('',(-0.00879319767883137,-0.00981596599420976,0.0498210935888185));
#4023=CARTESIAN_POINT('',(-0.00679319767883137,-0.00981596599420976,0.0498210935888185));
#4024=CARTESIAN_POINT('',(-0.00679319767883137,-0.00822660999034959,0.0510351559813641));
#4025=CARTESIAN_POINT('',(-0.00879319769768809,-0.00969458592086289,0.0496621922428025));
#4026=CARTESIAN_POINT('',(-0.00662570247595686,-0.00961183686903275,0.0495538635856448));
#4027=CARTESIAN_POINT('',(-0.00679319767883137,-0.00782200975067612,0.0507703204028312));
#4028=CARTESIAN_POINT('',(-0.00882285052752801,-0.0095915834076631,0.0494948637552211));
#4029=CARTESIAN_POINT('',(-0.00648509220109296,-0.00947037357367352,0.0492893005241672));
#4030=CARTESIAN_POINT('',(-0.0068525033983143,-0.00747866804171025,0.0504914395918849));
#4031=CARTESIAN_POINT('',(-0.00886134602625323,-0.00950538314008672,0.0493187266503226));
#4032=CARTESIAN_POINT('',(-0.00634436492981656,-0.009375066623424,0.0490524447162776));
#4033=CARTESIAN_POINT('',(-0.00692949437367509,-0.00719133380993949,0.0501978777505377));
#4034=CARTESIAN_POINT('',(-0.00879319767883138,-0.00822660999034959,0.0510351559813641));
#4035=CARTESIAN_POINT('',(-0.00879319767883138,-0.0122,0.048));
#4036=CARTESIAN_POINT('',(0.00879319767883138,-0.0122,0.06));
#4037=CARTESIAN_POINT('',(0.00879319767883138,-0.00822660999034962,0.0569648440186359));
#4038=CARTESIAN_POINT('',(0.00879319767883137,-0.00981596599420978,0.0581789064111815));
#4039=CARTESIAN_POINT('',(0.00679319767883137,-0.00981596599420978,0.0581789064111815));
#4040=CARTESIAN_POINT('',(0.00679319767883137,-0.00822660999034962,0.0569648440186359));
#4041=CARTESIAN_POINT('',(0.00879319769768809,-0.00969458592086374,0.0583378077571964));
#4042=CARTESIAN_POINT('',(0.00662570247595178,-0.0096118368690181,0.0584461364143542));
#4043=CARTESIAN_POINT('',(0.00679319767883137,-0.00782200975065827,0.0572296795971607));
#4044=CARTESIAN_POINT('',(0.0088228505275283,-0.0095915834076611,0.058505136244783));
#4045=CARTESIAN_POINT('',(0.00648509220109352,-0.00947037357366855,0.0587106994758447));
#4046=CARTESIAN_POINT('',(0.00685250339831543,-0.00747866804170607,0.0575085604081196));
#4047=CARTESIAN_POINT('',(0.00886134602625322,-0.00950538314008675,0.0586812733496773));
#4048=CARTESIAN_POINT('',(0.00634436492981658,-0.00937506662342402,0.0589475552837223));
#4049=CARTESIAN_POINT('',(0.00692949437367508,-0.00719133380993955,0.0578021222494622));
#4050=CARTESIAN_POINT('',(0.00886134602625324,-0.00770897190014458,0.0578021222494622));
#4051=CARTESIAN_POINT('',(0.00886134602625323,-0.00950538314008676,0.0586812733496773));
#4052=CARTESIAN_POINT('',(0.00634436492981659,-0.00937506662342402,0.0589475552837223));
#4053=CARTESIAN_POINT('',(0.0069294943736751,-0.00719133380993956,0.0578021222494622));
#4054=CARTESIAN_POINT('',(0.0089506902427861,-0.00930532084681197,0.0590900701449489));
#4055=CARTESIAN_POINT('',(0.00637748019589268,-0.00925147876791942,0.0593035675814663));
#4056=CARTESIAN_POINT('',(0.00701883859020671,-0.00685789665448115,0.0584834502415903));
#4057=CARTESIAN_POINT('',(0.00899772463586711,-0.0092,0.0595448739283577));
#4058=CARTESIAN_POINT('',(0.00639127389018711,-0.00919999999999923,0.0596508267356627));
#4059=CARTESIAN_POINT('',(0.00706587298328865,-0.00668236190979619,0.0592414565472611));
#4060=CARTESIAN_POINT('',(0.00899772463586711,-0.0092,0.06));
#4061=CARTESIAN_POINT('',(0.0063912738901847,-0.0092,0.06));
#4062=CARTESIAN_POINT('',(0.00706587298328898,-0.00668236190979496,0.06));
#4063=CARTESIAN_POINT('',(0.00899772463586711,-0.0072,0.06));
#4064=CARTESIAN_POINT('',(0.00879319767883138,-0.0122,0.066));
#4065=CARTESIAN_POINT('',(0.00879319767883138,-0.00822660999034962,0.0690351559813641));
#4066=CARTESIAN_POINT('',(0.00899772463586711,-0.0072,0.075));
#4067=CARTESIAN_POINT('',(0.00899772463586711,-0.0072,0.066));
#4068=CARTESIAN_POINT('',(0.00679319767883137,-0.00822660999034962,0.0690351559813641));
#4069=CARTESIAN_POINT('',(0.00679319767883137,-0.00981596599420978,0.0678210935888185));
#4070=CARTESIAN_POINT('',(0.00879319767883137,-0.00981596599420978,0.0678210935888185));
#4071=CARTESIAN_POINT('',(0.00679319767883137,-0.00782200975065248,0.0687703204028277));
#4072=CARTESIAN_POINT('',(0.0066257024759464,-0.00961183686901747,0.0675538635856375));
#4073=CARTESIAN_POINT('',(0.00879319769768809,-0.00969458592085941,0.0676621922427979));
#4074=CARTESIAN_POINT('',(0.00685250339831583,-0.00747866804170457,0.0684914395918816));
#4075=CARTESIAN_POINT('',(0.00648509220109404,-0.00947037357366677,0.0672893005241595));
#4076=CARTESIAN_POINT('',(0.00882285052752887,-0.00959158340765958,0.0674948637552139));
#4077=CARTESIAN_POINT('',(0.00692949437367508,-0.00719133380993955,0.0681978777505378));
#4078=CARTESIAN_POINT('',(0.00634436492981658,-0.00937506662342403,0.0670524447162777));
#4079=CARTESIAN_POINT('',(0.00886134602625322,-0.00950538314008675,0.0673187266503227));
#4080=CARTESIAN_POINT('',(0.00886134602625324,-0.00770897190014459,0.0681978777505378));
#4081=CARTESIAN_POINT('',(0.00899772463586711,-0.0092,0.066));
#4082=CARTESIAN_POINT('',(0.0063912738901847,-0.0092,0.066));
#4083=CARTESIAN_POINT('',(0.00706587298328898,-0.00668236190979496,0.066));
#4084=CARTESIAN_POINT('',(0.00899772463586711,-0.0092,0.0664551260716528));
#4085=CARTESIAN_POINT('',(0.00639127389018711,-0.00919999999999923,0.066349173264354));
#4086=CARTESIAN_POINT('',(0.00706587298328865,-0.00668236190979618,0.0667585434527494));
#4087=CARTESIAN_POINT('',(0.00895069024278411,-0.00930532084681524,0.0669099298550578));
#4088=CARTESIAN_POINT('',(0.00637748019589539,-0.00925147876792644,0.0666964324185585));
#4089=CARTESIAN_POINT('',(0.00701883859020591,-0.00685789665448412,0.0675165497584097));
#4090=CARTESIAN_POINT('',(0.00886134602625323,-0.00950538314008676,0.0673187266503227));
#4091=CARTESIAN_POINT('',(0.00634436492981659,-0.00937506662342402,0.0670524447162777));
#4092=CARTESIAN_POINT('',(0.0069294943736751,-0.00719133380993956,0.0681978777505378));
#4093=CARTESIAN_POINT('',(-0.00879319767883138,-0.0122,0.06));
#4094=CARTESIAN_POINT('',(-0.00879319767883138,-0.00822660999034959,0.0569648440186359));
#4095=CARTESIAN_POINT('',(-0.00679319767883137,-0.00822660999034959,0.0569648440186359));
#4096=CARTESIAN_POINT('',(-0.00679319767883137,-0.00981596599420976,0.0581789064111815));
#4097=CARTESIAN_POINT('',(-0.00879319767883137,-0.00981596599420976,0.0581789064111815));
#4098=CARTESIAN_POINT('',(-0.00679319767883137,-0.00782200975067612,0.0572296795971688));
#4099=CARTESIAN_POINT('',(-0.00662570247596207,-0.00961183686902886,0.0584461364143605));
#4100=CARTESIAN_POINT('',(-0.00879319769768809,-0.00969458592086289,0.0583378077571975));
#4101=CARTESIAN_POINT('',(-0.00685250339831518,-0.00747866804170694,0.0575085604081185));
#4102=CARTESIAN_POINT('',(-0.00648509220109488,-0.00947037357366843,0.0587106994758385));
#4103=CARTESIAN_POINT('',(-0.00882285052752801,-0.00959158340766136,0.0585051362447824));
#4104=CARTESIAN_POINT('',(-0.00692949437367509,-0.00719133380993949,0.0578021222494623));
#4105=CARTESIAN_POINT('',(-0.00634436492981656,-0.009375066623424,0.0589475552837223));
#4106=CARTESIAN_POINT('',(-0.00886134602625323,-0.00950538314008672,0.0586812733496774));
#4107=CARTESIAN_POINT('',(-0.00886134602625324,-0.00770897190014455,0.0578021222494623));
#4108=CARTESIAN_POINT('',(-0.0069294943736751,-0.0071913338099395,0.0578021222494623));
#4109=CARTESIAN_POINT('',(-0.00634436492981659,-0.009375066623424,0.0589475552837223));
#4110=CARTESIAN_POINT('',(-0.00886134602625324,-0.00950538314008672,0.0586812733496774));
#4111=CARTESIAN_POINT('',(-0.00701883859020617,-0.00685789665448313,0.0584834502415888));
#4112=CARTESIAN_POINT('',(-0.00637748019589143,-0.00925147876792139,0.0593035675814678));
#4113=CARTESIAN_POINT('',(-0.00895069024278326,-0.00930532084680939,0.0590900701449542));
#4114=CARTESIAN_POINT('',(-0.00706587298328889,-0.00668236190979526,0.0592414565472549));
#4115=CARTESIAN_POINT('',(-0.00639127389018553,-0.00919999999999755,0.0596508267356496));
#4116=CARTESIAN_POINT('',(-0.0089977246358671,-0.0092,0.0595448739283508));
#4117=CARTESIAN_POINT('',(-0.00706587298328897,-0.00668236190979496,0.06));
#4118=CARTESIAN_POINT('',(-0.00639127389018469,-0.0092,0.06));
#4119=CARTESIAN_POINT('',(-0.0089977246358671,-0.0092,0.06));
#4120=CARTESIAN_POINT('',(-0.0089977246358671,-0.0072,0.06));
#4121=CARTESIAN_POINT('',(-0.0089977246358671,-0.0072,0.075));
#4122=CARTESIAN_POINT('',(-0.0089977246358671,-0.0072,0.066));
#4123=CARTESIAN_POINT('',(-0.00706587298328897,-0.00668236190979496,0.066));
#4124=CARTESIAN_POINT('',(-0.00639127389018469,-0.0092,0.066));
#4125=CARTESIAN_POINT('',(-0.0089977246358671,-0.0092,0.066));
#4126=CARTESIAN_POINT('',(-0.00706587298328889,-0.00668236190979526,0.0667585434527284));
#4127=CARTESIAN_POINT('',(-0.00639127389018553,-0.00919999999999755,0.0663491732643208));
#4128=CARTESIAN_POINT('',(-0.0089977246358671,-0.0092,0.0664551260716318));
#4129=CARTESIAN_POINT('',(-0.00701883859020633,-0.00685789665448253,0.0675165497584097));
#4130=CARTESIAN_POINT('',(-0.00637748019589204,-0.00925147876791895,0.0666964324185155));
#4131=CARTESIAN_POINT('',(-0.00895069024278412,-0.00930532084680882,0.0669099298550446));
#4132=CARTESIAN_POINT('',(-0.0069294943736751,-0.0071913338099395,0.0681978777505377));
#4133=CARTESIAN_POINT('',(-0.00634436492981659,-0.009375066623424,0.0670524447162777));
#4134=CARTESIAN_POINT('',(-0.00886134602625324,-0.00950538314008672,0.0673187266503226));
#4135=CARTESIAN_POINT('',(-0.00886134602625324,-0.00770897190014455,0.0681978777505377));
#4136=CARTESIAN_POINT('',(-0.00879319767883137,-0.00981596599420976,0.0678210935888185));
#4137=CARTESIAN_POINT('',(-0.00679319767883137,-0.00981596599420976,0.0678210935888185));
#4138=CARTESIAN_POINT('',(-0.00679319767883137,-0.00822660999034959,0.0690351559813641));
#4139=CARTESIAN_POINT('',(-0.00879319769768809,-0.00969458592086162,0.0676621922428009));
#4140=CARTESIAN_POINT('',(-0.00662570247595922,-0.00961183686903709,0.0675538635856381));
#4141=CARTESIAN_POINT('',(-0.00679319767883137,-0.00782200975068075,0.06877032040283));
#4142=CARTESIAN_POINT('',(-0.00882285052752915,-0.00959158340765849,0.0674948637552117));
#4143=CARTESIAN_POINT('',(-0.00648509220109315,-0.00947037357366549,0.0672893005241532));
#4144=CARTESIAN_POINT('',(-0.00685250339831644,-0.00747866804170226,0.0684914395918793));
#4145=CARTESIAN_POINT('',(-0.00886134602625322,-0.00950538314008673,0.0673187266503226));
#4146=CARTESIAN_POINT('',(-0.00634436492981657,-0.00937506662342401,0.0670524447162777));
#4147=CARTESIAN_POINT('',(-0.00692949437367509,-0.0071913338099395,0.0681978777505377));
#4148=CARTESIAN_POINT('',(-0.00879319767883138,-0.00822660999034959,0.0690351559813641));
#4149=CARTESIAN_POINT('',(-0.00879319767883138,-0.0122,0.066));
#4150=CARTESIAN_POINT('',(0.,0.,0.));
#4151=CARTESIAN_POINT('',(0.,0.,-0.0071));
#4152=CARTESIAN_POINT('',(0.0033,0.,-0.0071));
#4153=CARTESIAN_POINT('',(0.,0.,-0.0095));
#4154=CARTESIAN_POINT('',(0.0033,0.,-0.0095));
#4155=CARTESIAN_POINT('',(0.005625,0.,-0.0066));
#4156=CARTESIAN_POINT('',(0.,0.,-0.0066));
#4157=CARTESIAN_POINT('',(0.0038,0.,-0.0066));
#4158=CARTESIAN_POINT('',(0.,0.,-0.0066));
#4159=CARTESIAN_POINT('',(-0.005625,0.,-0.0066));
#4160=CARTESIAN_POINT('',(0.,0.,0.));
#4161=CARTESIAN_POINT('',(0.,0.,-0.0005));
#4162=CARTESIAN_POINT('',(0.005625,0.,-0.0005));
#4163=CARTESIAN_POINT('',(0.,0.,-0.0066));
#4164=CARTESIAN_POINT('',(0.,0.,0.));
#4165=CARTESIAN_POINT('',(0.,0.,-0.0095));
#4166=CARTESIAN_POINT('',(0.025,0.,-0.006));
#4167=CARTESIAN_POINT('',(-0.025,0.,-0.006));
#4168=CARTESIAN_POINT('',(-0.025,0.,0.));
#4169=CARTESIAN_POINT('',(-0.031,0.0012311072252245,0.));
#4170=CARTESIAN_POINT('',(-0.0311670665545174,0.000416881375058044,0.));
#4171=CARTESIAN_POINT('',(-0.0311669925944861,-0.000417241831222268,-4.01534087052346E-19));
#4172=CARTESIAN_POINT('',(-0.031,-0.0012311072252245,-4.01534087052346E-19));
#4173=CARTESIAN_POINT('',(-0.026,-0.00604281598263592,8.67361737988403E-19));
#4174=CARTESIAN_POINT('',(-0.0259727891156462,-0.00587838561576147,-0.000166666666666666));
#4175=CARTESIAN_POINT('',(-0.0259455782312925,-0.00571395524888702,-0.000333333333333333));
#4176=CARTESIAN_POINT('',(-0.0259183673469387,-0.00554952488201257,-0.0005));
#4177=CARTESIAN_POINT('',(-0.0259183673469388,0.00554952488201257,-0.0005));
#4178=CARTESIAN_POINT('',(-0.0259455782312925,0.00571395524888702,-0.000333333333333333));
#4179=CARTESIAN_POINT('',(-0.0259727891156463,0.00587838561576147,-0.000166666666666667));
#4180=CARTESIAN_POINT('',(-0.026,0.00604281598263591,0.));
#4181=CARTESIAN_POINT('',(-0.0259183673469388,-0.00554952488201257,-0.0005));
#4182=CARTESIAN_POINT('',(-0.0250649922565417,-0.00568951588684538,-0.000500103780296952));
#4183=CARTESIAN_POINT('',(-0.0242231700621689,-0.0056323754761244,-0.000375333383169891));
#4184=CARTESIAN_POINT('',(-0.0226375826909888,-0.0051707549370102,8.63679635109153E-5));
#4185=CARTESIAN_POINT('',(-0.0219383611878145,-0.00478259914630104,0.000408218481615439));
#4186=CARTESIAN_POINT('',(-0.0207437636801303,-0.00376206021213141,0.00110849339015908));
#4187=CARTESIAN_POINT('',(-0.0202611280930235,-0.00313269890681018,0.0014826366387711));
#4188=CARTESIAN_POINT('',(-0.0195754574458544,-0.00169094147069047,0.00207783849592393));
#4189=CARTESIAN_POINT('',(-0.0193754422178788,-0.000852437981933853,0.00228692692797622));
#4190=CARTESIAN_POINT('',(-0.01937455830589,0.000849005082574424,0.00228784969424763));
#4191=CARTESIAN_POINT('',(-0.0195700196001973,0.00168056252850181,0.00208243206678774));
#4192=CARTESIAN_POINT('',(-0.0202599882041243,0.00312919409110413,0.001483738610542));
#4193=CARTESIAN_POINT('',(-0.0207410676250339,0.00375573635728725,0.00111167330113215));
#4194=CARTESIAN_POINT('',(-0.0219316252171822,0.00478083612910877,0.000410581272353255));
#4195=CARTESIAN_POINT('',(-0.0226426659282562,0.00517228991966332,8.49002071239413E-5));
#4196=CARTESIAN_POINT('',(-0.0242190632733876,0.00563112418867227,-0.000374149542680046));
#4197=CARTESIAN_POINT('',(-0.0250819141934315,0.00568963927046241,-0.000501949032633838));
#4198=CARTESIAN_POINT('',(-0.0259183673469388,0.00554952488201257,-0.0005));
#4199=CARTESIAN_POINT('',(-0.026,-0.00604281598263591,-1.19262238973405E-18));
#4200=CARTESIAN_POINT('',(-0.0251150184247734,-0.00619525063234274,-9.88383780498495E-8));
#4201=CARTESIAN_POINT('',(-0.024242017673193,-0.0061330310870197,0.000118730099879135));
#4202=CARTESIAN_POINT('',(-0.022597704758653,-0.00563037758506019,0.00055844569092184));
#4203=CARTESIAN_POINT('',(-0.0218725862014272,-0.00520771906689561,0.000864969984604104));
#4204=CARTESIAN_POINT('',(-0.0206337443494573,-0.00409646556784195,0.00153189846470496));
#4205=CARTESIAN_POINT('',(-0.0201332333515688,-0.00341116099931374,0.00188822538200987));
#4206=CARTESIAN_POINT('',(-0.0194221675247278,-0.00184124741174252,0.00245508427008064));
#4207=CARTESIAN_POINT('',(-0.0192147443096003,-0.000928208217518857,0.00265421612284481));
#4208=CARTESIAN_POINT('',(-0.0192138276621387,0.000924470171549698,0.00265509494593982));
#4209=CARTESIAN_POINT('',(-0.0194165282839352,0.00182994591131789,0.0024594590942556));
#4210=CARTESIAN_POINT('',(-0.0201320512380069,0.00340734463003079,0.00188927488415367));
#4211=CARTESIAN_POINT('',(-0.0206309484613031,0.00408957961143109,0.00153492694006881));
#4212=CARTESIAN_POINT('',(-0.0218656007295665,0.00520579931820012,0.000867220272774427));
#4213=CARTESIAN_POINT('',(-0.0226029763740619,0.00563204904426582,0.000557047798254186));
#4214=CARTESIAN_POINT('',(-0.024237758671029,0.00613166854036627,0.000119857596454285));
#4215=CARTESIAN_POINT('',(-0.0251325671000664,0.00619538498339241,-1.85622155603501E-6));
#4216=CARTESIAN_POINT('',(-0.026,0.00604281598263591,0.));
#4217=CARTESIAN_POINT('',(0.025,0.,0.));
#4218=CARTESIAN_POINT('',(0.031,-0.0012311072252245,0.));
#4219=CARTESIAN_POINT('',(0.0311670665545174,-0.000416881375058044,0.));
#4220=CARTESIAN_POINT('',(0.0311669925944861,0.000417241831222268,-4.01534087052346E-19));
#4221=CARTESIAN_POINT('',(0.031,0.0012311072252245,-4.01534087052346E-19));
#4222=CARTESIAN_POINT('',(0.026,0.00604281598263591,8.67361737988403E-19));
#4223=CARTESIAN_POINT('',(0.0259727891156463,0.00587838561576147,-0.000166666666666666));
#4224=CARTESIAN_POINT('',(0.0259455782312925,0.00571395524888702,-0.000333333333333333));
#4225=CARTESIAN_POINT('',(0.0259183673469388,0.00554952488201257,-0.0005));
#4226=CARTESIAN_POINT('',(0.0259183673469388,-0.00554952488201257,-0.0005));
#4227=CARTESIAN_POINT('',(0.0259455782312926,-0.00571395524888701,-0.000333333333333333));
#4228=CARTESIAN_POINT('',(0.0259727891156463,-0.00587838561576146,-0.000166666666666667));
#4229=CARTESIAN_POINT('',(0.026,-0.0060428159826359,0.));
#4230=CARTESIAN_POINT('',(0.0259183673469388,0.00554952488201257,-0.000500000000000006));
#4231=CARTESIAN_POINT('',(0.0250649922565417,0.00568951588684538,-0.000500103780296957));
#4232=CARTESIAN_POINT('',(0.0242231700621689,0.00563237547612439,-0.000375333383169896));
#4233=CARTESIAN_POINT('',(0.0226375826909888,0.0051707549370102,8.63679635109099E-5));
#4234=CARTESIAN_POINT('',(0.0219383611878145,0.00478259914630104,0.000408218481615435));
#4235=CARTESIAN_POINT('',(0.0207437636801303,0.00376206021213141,0.00110849339015907));
#4236=CARTESIAN_POINT('',(0.0202611280930235,0.00313269890681018,0.00148263663877109));
#4237=CARTESIAN_POINT('',(0.0195754574458544,0.00169094147069047,0.00207783849592393));
#4238=CARTESIAN_POINT('',(0.0193754422178788,0.000852437981933855,0.00228692692797622));
#4239=CARTESIAN_POINT('',(0.01937455830589,-0.000849005082574423,0.00228784969424763));
#4240=CARTESIAN_POINT('',(0.0195700196001973,-0.0016805625285018,0.00208243206678773));
#4241=CARTESIAN_POINT('',(0.0202599882041244,-0.00312919409110414,0.001483738610542));
#4242=CARTESIAN_POINT('',(0.0207410676250339,-0.00375573635728725,0.00111167330113215));
#4243=CARTESIAN_POINT('',(0.0219316252171822,-0.00478083612910877,0.000410581272353249));
#4244=CARTESIAN_POINT('',(0.0226426659282562,-0.00517228991966332,8.4900207123936E-5));
#4245=CARTESIAN_POINT('',(0.0242190632733876,-0.00563112418867227,-0.000374149542680052));
#4246=CARTESIAN_POINT('',(0.0250819141934315,-0.00568963927046241,-0.000501949032633843));
#4247=CARTESIAN_POINT('',(0.0259183673469388,-0.00554952488201257,-0.0005));
#4248=CARTESIAN_POINT('',(0.026,0.00604281598263591,-6.39679281766448E-18));
#4249=CARTESIAN_POINT('',(0.0251150184247734,0.00619525063234274,-9.88383780553349E-8));
#4250=CARTESIAN_POINT('',(0.024242017673193,0.0061330310870197,0.000118730099879131));
#4251=CARTESIAN_POINT('',(0.022597704758653,0.00563037758506019,0.000558445690921834));
#4252=CARTESIAN_POINT('',(0.0218725862014272,0.00520771906689561,0.000864969984604098));
#4253=CARTESIAN_POINT('',(0.0206337443494573,0.00409646556784195,0.00153189846470495));
#4254=CARTESIAN_POINT('',(0.0201332333515688,0.00341116099931374,0.00188822538200986));
#4255=CARTESIAN_POINT('',(0.0194221675247278,0.00184124741174252,0.00245508427008063));
#4256=CARTESIAN_POINT('',(0.0192147443096003,0.000928208217518857,0.0026542161228448));
#4257=CARTESIAN_POINT('',(0.0192138276621387,-0.000924470171549697,0.00265509494593981));
#4258=CARTESIAN_POINT('',(0.0194165282839352,-0.00182994591131789,0.0024594590942556));
#4259=CARTESIAN_POINT('',(0.0201320512380069,-0.00340734463003079,0.00188927488415367));
#4260=CARTESIAN_POINT('',(0.0206309484613031,-0.00408957961143109,0.00153492694006881));
#4261=CARTESIAN_POINT('',(0.0218656007295665,-0.00520579931820012,0.000867220272774422));
#4262=CARTESIAN_POINT('',(0.0226029763740619,-0.00563204904426582,0.000557047798254181));
#4263=CARTESIAN_POINT('',(0.024237758671029,-0.00613166854036627,0.000119857596454281));
#4264=CARTESIAN_POINT('',(0.0251325671000664,-0.00619538498339241,-1.85622155603982E-6));
#4265=CARTESIAN_POINT('',(0.026,-0.00604281598263591,-5.20417042793042E-18));
#4266=CARTESIAN_POINT('',(0.025,0.,-0.0095));
#4267=CARTESIAN_POINT('',(-0.025,0.,-0.0095));
#4268=CARTESIAN_POINT('',(0.031,0.,-0.006));
#4269=CARTESIAN_POINT('',(0.031,0.0158,-0.006));
#4270=CARTESIAN_POINT('',(0.031,0.,-0.004));
#4271=CARTESIAN_POINT('',(0.031,0.0158,-0.004));
#4272=CARTESIAN_POINT('',(0.012,0.,0.071));
#4273=CARTESIAN_POINT('',(0.012,0.0158,0.071));
#4274=CARTESIAN_POINT('',(-0.031,0.,-0.006));
#4275=CARTESIAN_POINT('',(-0.031,0.0158,-0.006));
#4276=CARTESIAN_POINT('',(-0.031,0.,-0.004));
#4277=CARTESIAN_POINT('',(-0.031,0.0158,-0.004));
#4278=CARTESIAN_POINT('',(-0.012,0.00415,0.071));
#4279=CARTESIAN_POINT('',(-0.012,0.0158,0.071));
#4280=CARTESIAN_POINT('',(0.,0.016,0.063));
#4281=CARTESIAN_POINT('',(0.,0.016,0.0748));
#4282=CARTESIAN_POINT('',(0.012,0.016,0.0748));
#4283=CARTESIAN_POINT('',(-0.012,0.0158,0.075));
#4284=CARTESIAN_POINT('',(-0.012,0.016,0.071));
#4285=CARTESIAN_POINT('',(-0.016,0.0158,0.071));
#4286=CARTESIAN_POINT('',(0.012,0.016,0.071));
#4287=CARTESIAN_POINT('',(0.0158,0.016,0.071));
#4288=CARTESIAN_POINT('',(-0.016,0.0158,0.075));
#4289=CARTESIAN_POINT('',(-0.016,0.0158,0.01));
#4290=CARTESIAN_POINT('',(0.0158,0.016,0.075));
#4291=CARTESIAN_POINT('',(0.0158,0.016,0.01));
#4292=CARTESIAN_POINT('',(-0.026,0.016,0.01));
#4293=CARTESIAN_POINT('',(-0.026,0.0158,0.));
#4294=CARTESIAN_POINT('',(0.026,0.016,0.01));
#4295=CARTESIAN_POINT('',(0.026,0.016,-0.000200000000000006));
#4296=CARTESIAN_POINT('',(0.,0.016,-0.000200000000000006));
#4297=CARTESIAN_POINT('',(-0.031,0.0158,0.));
#4298=CARTESIAN_POINT('',(0.,0.016,-0.000200000000000006));
#4299=CARTESIAN_POINT('',(0.031,0.016,-0.000200000000000006));
#4300=CARTESIAN_POINT('',(-0.031,0.016,-0.004));
#4301=CARTESIAN_POINT('',(-0.035,0.0158,-0.004));
#4302=CARTESIAN_POINT('',(0.031,0.016,-0.004));
#4303=CARTESIAN_POINT('',(0.0348,0.016,-0.004));
#4304=CARTESIAN_POINT('',(-0.0348,0.016,0.075));
#4305=CARTESIAN_POINT('',(-0.035,0.0158,-0.006));
#4306=CARTESIAN_POINT('',(0.035,0.0158,-0.01));
#4307=CARTESIAN_POINT('',(0.0348,0.016,-0.006));
#4308=CARTESIAN_POINT('',(-0.031,0.016,-0.006));
#4309=CARTESIAN_POINT('',(-0.031,0.0158,-0.01));
#4310=CARTESIAN_POINT('',(0.031,0.016,-0.006));
#4311=CARTESIAN_POINT('',(0.031,0.016,-0.0098));
#4312=CARTESIAN_POINT('',(0.,0.0158,-0.01));
#4313=MECHANICAL_DESIGN_GEOMETRIC_PRESENTATION_REPRESENTATION('',(#2260),
#4314);
#4314=(
GEOMETRIC_REPRESENTATION_CONTEXT(3)
GLOBAL_UNCERTAINTY_ASSIGNED_CONTEXT((#4315))
GLOBAL_UNIT_ASSIGNED_CONTEXT((#4318,#4317,#4316))
REPRESENTATION_CONTEXT('Holder-W50-H75-LR-M6','TOP_LEVEL_ASSEMBLY_PART')
);
#4315=UNCERTAINTY_MEASURE_WITH_UNIT(LENGTH_MEASURE(2.E-5),#4318,
'DISTANCE_ACCURACY_VALUE','Maximum Tolerance applied to model');
#4316=(
NAMED_UNIT(*)
SI_UNIT($,.STERADIAN.)
SOLID_ANGLE_UNIT()
);
#4317=(
NAMED_UNIT(*)
PLANE_ANGLE_UNIT()
SI_UNIT($,.RADIAN.)
);
#4318=(
LENGTH_UNIT()
NAMED_UNIT(*)
SI_UNIT($,.METRE.)
);
#4319=PRODUCT_DEFINITION_SHAPE('','',#4320);
#4320=PRODUCT_DEFINITION('','',#4322,#4321);
#4321=PRODUCT_DEFINITION_CONTEXT('',#4328,'design');
#4322=PRODUCT_DEFINITION_FORMATION_WITH_SPECIFIED_SOURCE('','',#4324,
 .NOT_KNOWN.);
#4323=PRODUCT_RELATED_PRODUCT_CATEGORY('','',(#4324));
#4324=PRODUCT('Holder-W50-H75-LR-M6','Holder-W50-H75-LR-M6',
'Holder-W50-H75-LR-M6',(#4326));
#4325=PRODUCT_CATEGORY('','');
#4326=PRODUCT_CONTEXT('',#4328,'mechanical');
#4327=APPLICATION_PROTOCOL_DEFINITION('international standard',
'ap242_managed_model_based_3d_engineering',2020,#4328);
#4328=APPLICATION_CONTEXT('managed model based 3d engineering');
ENDSEC;
END-ISO-10303-21;
