ISO-10303-21;
HEADER;
/* Generated by software containing ST-Developer
 * from STEP Tools, Inc. (www.steptools.com) 
 */
/* OPTION: using custom renumber hook */

FILE_DESCRIPTION(
/* description */ ('STEP AP242 Edition 2',
'CAx-IF Rec.Pracs.---Representation and Presentation of Product Manufa
cturing Information (PMI)---4.0---2014-10-13',
'CAx-IF Rec.Pracs.---3D Tessellated Geometry---0.4---2014-09-14','2;1',
'CAx-IF Rec.Pracs.---User Defined Attributes---1.5---2016-08-15'),
/* implementation_level */ '2;1');

FILE_NAME(
/* name */ 'Posts and Holders - Post-L50-A-M6',
/* time_stamp */ '2026-06-03T09:25:14Z',
/* author */ (''),
/* organization */ (''),
/* preprocessor_version */ 'ST-DEVELOPER v20',
/* originating_system */ 'ONSHAPE BY PTC INC, 1.215',
/* authorisation */ '  ');

FILE_SCHEMA (('AP242_MANAGED_MODEL_BASED_3D_ENGINEERING_MIM_LF { 1 0 10303 442 3 1 4 }'));
ENDSEC;

DATA;
#10=SHAPE_REPRESENTATION_RELATIONSHIP('','',#1462,#11);
#11=ADVANCED_BREP_SHAPE_REPRESENTATION('',(#1460),#2715);
#12=ORIENTED_CLOSED_SHELL('',*,#1451,.F.);
#13=DEGENERATE_TOROIDAL_SURFACE('',#1595,0.0004,0.006,.T.);
#14=DEGENERATE_TOROIDAL_SURFACE('',#1596,0.0004,0.006,.T.);
#15=B_SPLINE_SURFACE_WITH_KNOTS('',1,3,((#2486,#2487,#2488,#2489),(#2490,
#2491,#2492,#2493)),.RULED_SURF.,.F.,.F.,.F.,(2,2),(4,4),(0.,1.),(0.,1.45484900767252),
 .PIECEWISE_BEZIER_KNOTS.);
#16=B_SPLINE_SURFACE_WITH_KNOTS('',1,3,((#2498,#2499,#2500,#2501,#2502,
#2503),(#2504,#2505,#2506,#2507,#2508,#2509)),.RULED_SURF.,.F.,.F.,.F.,
(2,2),(4,2,4),(0.,1.),(1.5707963267949,2.35619449019234,3.1415926535898),
 .UNSPECIFIED.);
#17=B_SPLINE_SURFACE_WITH_KNOTS('',1,3,((#2514,#2515,#2516,#2517),(#2518,
#2519,#2520,#2521)),.RULED_SURF.,.F.,.F.,.F.,(2,2),(4,4),(0.,1.),(0.,0.00107416656502843),
 .PIECEWISE_BEZIER_KNOTS.);
#18=B_SPLINE_SURFACE_WITH_KNOTS('',1,3,((#2533,#2534,#2535,#2536,#2537,
#2538),(#2539,#2540,#2541,#2542,#2543,#2544)),.RULED_SURF.,.F.,.F.,.F.,
(2,2),(4,2,4),(0.,1.),(0.,0.785398163397448,1.5707963267949),
 .UNSPECIFIED.);
#19=B_SPLINE_SURFACE_WITH_KNOTS('',1,3,((#2558,#2559,#2560,#2561),(#2562,
#2563,#2564,#2565)),.RULED_SURF.,.F.,.F.,.F.,(2,2),(4,4),(0.,1.),(1.68674364591728,
3.1415926535898),.PIECEWISE_BEZIER_KNOTS.);
#20=B_SPLINE_SURFACE_WITH_KNOTS('',1,3,((#2572,#2573,#2574,#2575),(#2576,
#2577,#2578,#2579)),.RULED_SURF.,.F.,.F.,.F.,(2,2),(4,4),(0.,1.),(0.,0.0010741600815426),
 .PIECEWISE_BEZIER_KNOTS.);
#21=B_SPLINE_SURFACE_WITH_KNOTS('',1,3,((#2594,#2595,#2596,#2597),(#2598,
#2599,#2600,#2601)),.RULED_SURF.,.F.,.F.,.F.,(2,2),(4,4),(0.,1.),(0.,1.08926578373548),
 .PIECEWISE_BEZIER_KNOTS.);
#22=B_SPLINE_SURFACE_WITH_KNOTS('',1,3,((#2606,#2607,#2608,#2609,#2610,
#2611),(#2612,#2613,#2614,#2615,#2616,#2617)),.RULED_SURF.,.F.,.F.,.F.,
(2,2),(4,2,4),(0.,1.),(4.71238898038469,5.49778714378214,6.28318530717959),
 .UNSPECIFIED.);
#23=B_SPLINE_SURFACE_WITH_KNOTS('',1,3,((#2622,#2623,#2624,#2625),(#2626,
#2627,#2628,#2629)),.RULED_SURF.,.F.,.F.,.F.,(2,2),(4,4),(0.,1.),(0.,0.000989218462958088),
 .PIECEWISE_BEZIER_KNOTS.);
#24=B_SPLINE_SURFACE_WITH_KNOTS('',1,3,((#2641,#2642,#2643,#2644,#2645,
#2646),(#2647,#2648,#2649,#2650,#2651,#2652)),.RULED_SURF.,.F.,.F.,.F.,
(2,2),(4,2,4),(0.,1.),(6.28318530717959,7.06858347057704,7.85398163397448),
 .UNSPECIFIED.);
#25=B_SPLINE_SURFACE_WITH_KNOTS('',1,3,((#2666,#2667,#2668,#2669),(#2670,
#2671,#2672,#2673)),.RULED_SURF.,.F.,.F.,.F.,(2,2),(4,4),(0.,1.),(5.19391952344411,
6.28318530717959),.PIECEWISE_BEZIER_KNOTS.);
#26=B_SPLINE_SURFACE_WITH_KNOTS('',1,3,((#2680,#2681,#2682,#2683),(#2684,
#2685,#2686,#2687)),.RULED_SURF.,.F.,.F.,.F.,(2,2),(4,4),(0.,1.),(0.,0.000988773648776983),
 .PIECEWISE_BEZIER_KNOTS.);
#27=(
BOUNDED_SURFACE()
B_SPLINE_SURFACE(3,2,((#2407,#2408,#2409),(#2410,#2411,#2412),(#2413,#2414,
#2415),(#2416,#2417,#2418)),.UNSPECIFIED.,.F.,.F.,.F.)
B_SPLINE_SURFACE_WITH_KNOTS((4,4),(3,3),(4.71238898038469,4.82904001416403),
(0.,1.),.PIECEWISE_BEZIER_KNOTS.)
GEOMETRIC_REPRESENTATION_ITEM()
RATIONAL_B_SPLINE_SURFACE(((1.,0.707106781186552,1.),(1.,0.720385804158304,
1.),(1.,0.733290567214106,1.),(1.,0.745795173067692,1.)))
REPRESENTATION_ITEM('')
SURFACE()
);
#28=(
BOUNDED_SURFACE()
B_SPLINE_SURFACE(3,2,((#2426,#2427,#2428),(#2429,#2430,#2431),(#2432,#2433,
#2434),(#2435,#2436,#2437)),.UNSPECIFIED.,.F.,.F.,.F.)
B_SPLINE_SURFACE_WITH_KNOTS((4,4),(3,3),(4.22796925406691,4.71238898038469),
(0.,1.),.PIECEWISE_BEZIER_KNOTS.)
GEOMETRIC_REPRESENTATION_ITEM()
RATIONAL_B_SPLINE_SURFACE(((1.,0.82748432801082,1.),(1.,0.793234066144712,
1.),(1.,0.752398857553364,1.),(1.,0.707106781186554,1.)))
REPRESENTATION_ITEM('')
SURFACE()
);
#29=(
BOUNDED_SURFACE()
B_SPLINE_SURFACE(3,2,((#2442,#2443,#2444),(#2445,#2446,#2447),(#2448,#2449,
#2450),(#2451,#2452,#2453)),.UNSPECIFIED.,.F.,.F.,.F.)
B_SPLINE_SURFACE_WITH_KNOTS((4,4),(3,3),(1.5707963267949,1.68743932983201),
(0.,1.),.PIECEWISE_BEZIER_KNOTS.)
GEOMETRIC_REPRESENTATION_ITEM()
RATIONAL_B_SPLINE_SURFACE(((1.,0.707106781186552,1.),(1.,0.720384889974666,
1.),(1.,0.733288790403155,1.),(1.,0.745792590454821,1.)))
REPRESENTATION_ITEM('')
SURFACE()
);
#30=(
BOUNDED_SURFACE()
B_SPLINE_SURFACE(3,2,((#2461,#2462,#2463),(#2464,#2465,#2466),(#2467,#2468,
#2469),(#2470,#2471,#2472)),.UNSPECIFIED.,.F.,.F.,.F.)
B_SPLINE_SURFACE_WITH_KNOTS((4,4),(3,3),(4.22699696520638,4.71238898038469),
(0.,1.),.PIECEWISE_BEZIER_KNOTS.)
GEOMETRIC_REPRESENTATION_ITEM()
RATIONAL_B_SPLINE_SURFACE(((1.,0.827690482764594,1.),(1.,0.793397595861861,
1.),(1.,0.752489764218155,1.),(1.,0.707106781186553,1.)))
REPRESENTATION_ITEM('')
SURFACE()
);
#31=CONICAL_SURFACE('',#1551,0.0033,0.785398163397448);
#32=CONICAL_SURFACE('',#1552,0.0033,0.785398163397448);
#33=CONICAL_SURFACE('',#1568,0.000759875720974295,0.786062716944847);
#34=CONICAL_SURFACE('',#1571,0.000759875720974294,0.786062716944848);
#35=CONICAL_SURFACE('',#1576,0.000689004310829518,0.788901080146296);
#36=CONICAL_SURFACE('',#1579,0.000689004310829515,0.7889010801463);
#37=CONICAL_SURFACE('',#1581,0.0038,0.785398163397448);
#38=CONICAL_SURFACE('',#1582,0.0033,0.785398163397448);
#39=CONICAL_SURFACE('',#1583,0.0038,0.785398163397448);
#40=CONICAL_SURFACE('',#1584,0.0033,0.785398163397448);
#41=CONICAL_SURFACE('',#1586,0.0033,0.392699081698724);
#42=CONICAL_SURFACE('',#1587,0.0038,0.785398163397448);
#43=ELLIPSE('',#1497,0.00141421356237309,0.001);
#44=ELLIPSE('',#1498,0.00141421356237309,0.001);
#45=ELLIPSE('',#1500,0.00141421356237309,0.001);
#46=ELLIPSE('',#1502,0.00141421356237309,0.001);
#47=ELLIPSE('',#1520,0.00141421356237309,0.001);
#48=ELLIPSE('',#1521,0.00141421356237309,0.001);
#49=ELLIPSE('',#1523,0.00141421356237309,0.001);
#50=ELLIPSE('',#1525,0.00141421356237309,0.001);
#51=ELLIPSE('',#1528,0.00965925826289069,0.0025);
#52=ELLIPSE('',#1529,0.00410669907926145,0.0025);
#53=ELLIPSE('',#1531,0.00965925826289068,0.0025);
#54=ELLIPSE('',#1532,0.00410669907926146,0.0025);
#55=ELLIPSE('',#1536,0.00954207892386255,0.002);
#56=ELLIPSE('',#1537,0.00222997077219913,0.002);
#57=ELLIPSE('',#1539,0.00382295400542654,0.002);
#58=ELLIPSE('',#1541,0.00954207892386256,0.002);
#59=ELLIPSE('',#1542,0.00222997077219913,0.002);
#60=ELLIPSE('',#1544,0.00382295400542654,0.002);
#61=ELLIPSE('',#1546,0.00222997077219913,0.002);
#62=ELLIPSE('',#1549,0.00222997077219913,0.002);
#63=CYLINDRICAL_SURFACE('',#1488,0.0033);
#64=CYLINDRICAL_SURFACE('',#1493,0.0033);
#65=CYLINDRICAL_SURFACE('',#1496,0.001);
#66=CYLINDRICAL_SURFACE('',#1499,0.001);
#67=CYLINDRICAL_SURFACE('',#1501,0.001);
#68=CYLINDRICAL_SURFACE('',#1503,0.001);
#69=CYLINDRICAL_SURFACE('',#1512,0.0033);
#70=CYLINDRICAL_SURFACE('',#1516,0.0033);
#71=CYLINDRICAL_SURFACE('',#1519,0.001);
#72=CYLINDRICAL_SURFACE('',#1522,0.001);
#73=CYLINDRICAL_SURFACE('',#1524,0.001);
#74=CYLINDRICAL_SURFACE('',#1526,0.001);
#75=CYLINDRICAL_SURFACE('',#1535,0.002);
#76=CYLINDRICAL_SURFACE('',#1538,0.002);
#77=CYLINDRICAL_SURFACE('',#1540,0.002);
#78=CYLINDRICAL_SURFACE('',#1543,0.002);
#79=CYLINDRICAL_SURFACE('',#1545,0.002);
#80=CYLINDRICAL_SURFACE('',#1547,0.002);
#81=CYLINDRICAL_SURFACE('',#1548,0.002);
#82=CYLINDRICAL_SURFACE('',#1550,0.002);
#83=CYLINDRICAL_SURFACE('',#1553,0.001);
#84=CYLINDRICAL_SURFACE('',#1556,0.001);
#85=CYLINDRICAL_SURFACE('',#1560,0.0005);
#86=CYLINDRICAL_SURFACE('',#1563,0.0005);
#87=CYLINDRICAL_SURFACE('',#1592,0.0064);
#88=B_SPLINE_CURVE_WITH_KNOTS('',3,(#1981,#1982,#1983,#1984),
 .UNSPECIFIED.,.F.,.F.,(4,4),(0.,1.),.UNSPECIFIED.);
#89=B_SPLINE_CURVE_WITH_KNOTS('',3,(#1997,#1998,#1999,#2000),
 .UNSPECIFIED.,.F.,.F.,(4,4),(0.,1.),.UNSPECIFIED.);
#90=B_SPLINE_CURVE_WITH_KNOTS('',3,(#2002,#2003,#2004,#2005),
 .UNSPECIFIED.,.F.,.F.,(4,4),(0.,1.),.UNSPECIFIED.);
#91=B_SPLINE_CURVE_WITH_KNOTS('',3,(#2009,#2010,#2011,#2012,#2013),
 .UNSPECIFIED.,.F.,.F.,(4,1,4),(0.,0.5,1.),.UNSPECIFIED.);
#92=B_SPLINE_CURVE_WITH_KNOTS('',3,(#2017,#2018,#2019,#2020,#2021),
 .UNSPECIFIED.,.F.,.F.,(4,1,4),(0.,0.5,1.),.UNSPECIFIED.);
#93=B_SPLINE_CURVE_WITH_KNOTS('',3,(#2025,#2026,#2027,#2028),
 .UNSPECIFIED.,.F.,.F.,(4,4),(0.,1.),.UNSPECIFIED.);
#94=B_SPLINE_CURVE_WITH_KNOTS('',3,(#2051,#2052,#2053,#2054),
 .UNSPECIFIED.,.F.,.F.,(4,4),(0.,1.),.UNSPECIFIED.);
#95=B_SPLINE_CURVE_WITH_KNOTS('',3,(#2056,#2057,#2058,#2059),
 .UNSPECIFIED.,.F.,.F.,(4,4),(0.,1.),.UNSPECIFIED.);
#96=B_SPLINE_CURVE_WITH_KNOTS('',3,(#2063,#2064,#2065,#2066,#2067),
 .UNSPECIFIED.,.F.,.F.,(4,1,4),(0.,0.5,1.),.UNSPECIFIED.);
#97=B_SPLINE_CURVE_WITH_KNOTS('',3,(#2071,#2072,#2073,#2074,#2075),
 .UNSPECIFIED.,.F.,.F.,(4,1,4),(0.,0.5,1.),.UNSPECIFIED.);
#98=B_SPLINE_CURVE_WITH_KNOTS('',3,(#2079,#2080,#2081,#2082),
 .UNSPECIFIED.,.F.,.F.,(4,4),(0.,1.),.UNSPECIFIED.);
#99=B_SPLINE_CURVE_WITH_KNOTS('',3,(#2084,#2085,#2086,#2087),
 .UNSPECIFIED.,.F.,.F.,(4,4),(0.,1.),.UNSPECIFIED.);
#100=B_SPLINE_CURVE_WITH_KNOTS('',3,(#2294,#2295,#2296,#2297,#2298,#2299,
#2300,#2301,#2302,#2303,#2304),.UNSPECIFIED.,.F.,.F.,(4,1,1,1,1,1,1,1,4),
(0.,0.25,0.375,0.4375,0.5,0.5625,0.625,0.75,1.),.UNSPECIFIED.);
#101=B_SPLINE_CURVE_WITH_KNOTS('',3,(#2307,#2308,#2309,#2310,#2311),
 .UNSPECIFIED.,.F.,.F.,(4,1,4),(0.,0.5,1.),.UNSPECIFIED.);
#102=B_SPLINE_CURVE_WITH_KNOTS('',3,(#2315,#2316,#2317,#2318,#2319,#2320,
#2321,#2322,#2323,#2324,#2325),.UNSPECIFIED.,.F.,.F.,(4,1,1,1,1,1,1,1,4),
(0.,0.25,0.375,0.4375,0.5,0.5625,0.625,0.75,1.),.UNSPECIFIED.);
#103=B_SPLINE_CURVE_WITH_KNOTS('',3,(#2332,#2333,#2334,#2335,#2336),
 .UNSPECIFIED.,.F.,.F.,(4,1,4),(0.,0.5,1.),.UNSPECIFIED.);
#104=B_SPLINE_CURVE_WITH_KNOTS('',3,(#2338,#2339,#2340,#2341,#2342,#2343,
#2344,#2345,#2346,#2347,#2348,#2349),.UNSPECIFIED.,.F.,.F.,(4,1,1,1,1,1,
1,1,1,4),(0.,0.125,0.1875,0.25,0.3125,0.375,0.5,0.625,0.75,1.),
 .UNSPECIFIED.);
#105=B_SPLINE_CURVE_WITH_KNOTS('',3,(#2352,#2353,#2354,#2355,#2356,#2357,
#2358,#2359,#2360,#2361,#2362),.UNSPECIFIED.,.F.,.F.,(4,1,1,1,1,1,1,1,4),
(0.,0.25,0.375,0.4375,0.5,0.5625,0.625,0.75,1.),.UNSPECIFIED.);
#106=B_SPLINE_CURVE_WITH_KNOTS('',3,(#2364,#2365,#2366,#2367,#2368,#2369,
#2370,#2371,#2372,#2373,#2374,#2375),.UNSPECIFIED.,.F.,.F.,(4,1,1,1,1,1,
1,1,1,4),(0.,0.25,0.375,0.5,0.625,0.6875,0.75,0.8125,0.875,1.),
 .UNSPECIFIED.);
#107=B_SPLINE_CURVE_WITH_KNOTS('',3,(#2378,#2379,#2380,#2381,#2382,#2383,
#2384,#2385,#2386,#2387,#2388),.UNSPECIFIED.,.F.,.F.,(4,1,1,1,1,1,1,1,4),
(0.,0.25,0.375,0.4375,0.5,0.5625,0.625,0.75,1.),.UNSPECIFIED.);
#108=B_SPLINE_CURVE_WITH_KNOTS('',3,(#2392,#2393,#2394,#2395,#2396),
 .UNSPECIFIED.,.F.,.F.,(4,1,4),(0.,0.00151057664253407,0.00302115328506814),
 .UNSPECIFIED.);
#109=B_SPLINE_CURVE_WITH_KNOTS('',3,(#2400,#2401,#2402,#2403,#2404),
 .UNSPECIFIED.,.F.,.F.,(4,1,4),(0.,0.00151057664253408,0.00302115328506816),
 .UNSPECIFIED.);
#110=B_SPLINE_CURVE_WITH_KNOTS('',3,(#2419,#2420,#2421,#2422),
 .UNSPECIFIED.,.F.,.F.,(4,4),(0.,1.),.UNSPECIFIED.);
#111=B_SPLINE_CURVE_WITH_KNOTS('',3,(#2438,#2439,#2440,#2441),
 .UNSPECIFIED.,.F.,.F.,(4,4),(0.,1.),.UNSPECIFIED.);
#112=B_SPLINE_CURVE_WITH_KNOTS('',3,(#2454,#2455,#2456,#2457),
 .UNSPECIFIED.,.F.,.F.,(4,4),(0.,1.),.UNSPECIFIED.);
#113=B_SPLINE_CURVE_WITH_KNOTS('',3,(#2473,#2474,#2475,#2476),
 .UNSPECIFIED.,.F.,.F.,(4,4),(0.,1.),.UNSPECIFIED.);
#114=B_SPLINE_CURVE_WITH_KNOTS('',3,(#2478,#2479,#2480,#2481),
 .UNSPECIFIED.,.F.,.F.,(4,4),(0.,1.),.UNSPECIFIED.);
#115=B_SPLINE_CURVE_WITH_KNOTS('',3,(#2482,#2483,#2484,#2485),
 .UNSPECIFIED.,.F.,.F.,(4,4),(0.,1.),.UNSPECIFIED.);
#116=B_SPLINE_CURVE_WITH_KNOTS('',3,(#2494,#2495,#2496,#2497),
 .UNSPECIFIED.,.F.,.F.,(4,4),(0.,1.),.UNSPECIFIED.);
#117=B_SPLINE_CURVE_WITH_KNOTS('',3,(#2510,#2511,#2512,#2513),
 .UNSPECIFIED.,.F.,.F.,(4,4),(0.,1.),.UNSPECIFIED.);
#118=B_SPLINE_CURVE_WITH_KNOTS('',3,(#2522,#2523,#2524,#2525),
 .UNSPECIFIED.,.F.,.F.,(4,4),(0.,1.),.UNSPECIFIED.);
#119=B_SPLINE_CURVE_WITH_KNOTS('',3,(#2527,#2528,#2529,#2530),
 .UNSPECIFIED.,.F.,.F.,(4,4),(0.,1.),.UNSPECIFIED.);
#120=B_SPLINE_CURVE_WITH_KNOTS('',3,(#2545,#2546,#2547,#2548),
 .UNSPECIFIED.,.F.,.F.,(4,4),(0.,1.),.UNSPECIFIED.);
#121=B_SPLINE_CURVE_WITH_KNOTS('',3,(#2552,#2553,#2554,#2555),
 .UNSPECIFIED.,.F.,.F.,(4,4),(0.,1.),.UNSPECIFIED.);
#122=B_SPLINE_CURVE_WITH_KNOTS('',3,(#2566,#2567,#2568,#2569),
 .UNSPECIFIED.,.F.,.F.,(4,4),(0.,1.),.UNSPECIFIED.);
#123=B_SPLINE_CURVE_WITH_KNOTS('',3,(#2580,#2581,#2582,#2583),
 .UNSPECIFIED.,.F.,.F.,(4,4),(0.,1.),.UNSPECIFIED.);
#124=B_SPLINE_CURVE_WITH_KNOTS('',3,(#2586,#2587,#2588,#2589),
 .UNSPECIFIED.,.F.,.F.,(4,4),(0.,1.),.UNSPECIFIED.);
#125=B_SPLINE_CURVE_WITH_KNOTS('',3,(#2590,#2591,#2592,#2593),
 .UNSPECIFIED.,.F.,.F.,(4,4),(0.,1.),.UNSPECIFIED.);
#126=B_SPLINE_CURVE_WITH_KNOTS('',3,(#2602,#2603,#2604,#2605),
 .UNSPECIFIED.,.F.,.F.,(4,4),(0.,1.),.UNSPECIFIED.);
#127=B_SPLINE_CURVE_WITH_KNOTS('',3,(#2618,#2619,#2620,#2621),
 .UNSPECIFIED.,.F.,.F.,(4,4),(0.,1.),.UNSPECIFIED.);
#128=B_SPLINE_CURVE_WITH_KNOTS('',3,(#2630,#2631,#2632,#2633),
 .UNSPECIFIED.,.F.,.F.,(4,4),(0.,1.),.UNSPECIFIED.);
#129=B_SPLINE_CURVE_WITH_KNOTS('',3,(#2635,#2636,#2637,#2638),
 .UNSPECIFIED.,.F.,.F.,(4,4),(0.,1.),.UNSPECIFIED.);
#130=B_SPLINE_CURVE_WITH_KNOTS('',3,(#2653,#2654,#2655,#2656),
 .UNSPECIFIED.,.F.,.F.,(4,4),(0.,1.),.UNSPECIFIED.);
#131=B_SPLINE_CURVE_WITH_KNOTS('',3,(#2660,#2661,#2662,#2663),
 .UNSPECIFIED.,.F.,.F.,(4,4),(0.,1.),.UNSPECIFIED.);
#132=B_SPLINE_CURVE_WITH_KNOTS('',3,(#2674,#2675,#2676,#2677),
 .UNSPECIFIED.,.F.,.F.,(4,4),(0.,1.),.UNSPECIFIED.);
#133=B_SPLINE_CURVE_WITH_KNOTS('',3,(#2688,#2689,#2690,#2691),
 .UNSPECIFIED.,.F.,.F.,(4,4),(0.,1.),.UNSPECIFIED.);
#134=CIRCLE('',#1465,0.0038);
#135=CIRCLE('',#1468,0.000759875720974294);
#136=CIRCLE('',#1469,0.000759875720974295);
#137=CIRCLE('',#1471,0.000689004310829515);
#138=CIRCLE('',#1472,0.000689004310829515);
#139=CIRCLE('',#1477,0.0033);
#140=CIRCLE('',#1483,0.0038);
#141=CIRCLE('',#1485,0.0038);
#142=CIRCLE('',#1489,0.0033);
#143=CIRCLE('',#1490,0.0033);
#144=CIRCLE('',#1492,0.0028);
#145=CIRCLE('',#1494,0.0033);
#146=CIRCLE('',#1495,0.0033);
#147=CIRCLE('',#1507,0.0038);
#148=CIRCLE('',#1509,0.0038);
#149=CIRCLE('',#1513,0.0033);
#150=CIRCLE('',#1515,0.0028);
#151=CIRCLE('',#1517,0.0033);
#152=CIRCLE('',#1518,0.0033);
#153=CIRCLE('',#1534,0.0038);
#154=CIRCLE('',#1554,0.001);
#155=CIRCLE('',#1555,0.001);
#156=CIRCLE('',#1557,0.001);
#157=CIRCLE('',#1558,0.001);
#158=CIRCLE('',#1559,0.0005);
#159=CIRCLE('',#1561,0.0005);
#160=CIRCLE('',#1562,0.0005);
#161=CIRCLE('',#1564,0.0005);
#162=CIRCLE('',#1585,0.00365355339059328);
#163=CIRCLE('',#1589,0.0004);
#164=CIRCLE('',#1591,0.0004);
#165=CIRCLE('',#1593,0.0064);
#166=CIRCLE('',#1594,0.0064);
#167=ORIENTED_EDGE('',*,*,#561,.T.);
#168=ORIENTED_EDGE('',*,*,#562,.T.);
#169=ORIENTED_EDGE('',*,*,#563,.T.);
#170=ORIENTED_EDGE('',*,*,#564,.T.);
#171=ORIENTED_EDGE('',*,*,#565,.T.);
#172=ORIENTED_EDGE('',*,*,#566,.T.);
#173=ORIENTED_EDGE('',*,*,#567,.T.);
#174=ORIENTED_EDGE('',*,*,#568,.T.);
#175=ORIENTED_EDGE('',*,*,#569,.T.);
#176=ORIENTED_EDGE('',*,*,#570,.T.);
#177=ORIENTED_EDGE('',*,*,#571,.T.);
#178=ORIENTED_EDGE('',*,*,#572,.T.);
#179=ORIENTED_EDGE('',*,*,#573,.T.);
#180=ORIENTED_EDGE('',*,*,#574,.T.);
#181=ORIENTED_EDGE('',*,*,#575,.T.);
#182=ORIENTED_EDGE('',*,*,#576,.T.);
#183=ORIENTED_EDGE('',*,*,#577,.T.);
#184=ORIENTED_EDGE('',*,*,#578,.T.);
#185=ORIENTED_EDGE('',*,*,#579,.T.);
#186=ORIENTED_EDGE('',*,*,#580,.T.);
#187=ORIENTED_EDGE('',*,*,#581,.T.);
#188=ORIENTED_EDGE('',*,*,#582,.T.);
#189=ORIENTED_EDGE('',*,*,#583,.T.);
#190=ORIENTED_EDGE('',*,*,#584,.T.);
#191=ORIENTED_EDGE('',*,*,#585,.T.);
#192=ORIENTED_EDGE('',*,*,#586,.T.);
#193=ORIENTED_EDGE('',*,*,#587,.T.);
#194=ORIENTED_EDGE('',*,*,#588,.T.);
#195=ORIENTED_EDGE('',*,*,#589,.T.);
#196=ORIENTED_EDGE('',*,*,#590,.T.);
#197=ORIENTED_EDGE('',*,*,#591,.T.);
#198=ORIENTED_EDGE('',*,*,#592,.T.);
#199=ORIENTED_EDGE('',*,*,#593,.T.);
#200=ORIENTED_EDGE('',*,*,#594,.T.);
#201=ORIENTED_EDGE('',*,*,#595,.T.);
#202=ORIENTED_EDGE('',*,*,#596,.T.);
#203=ORIENTED_EDGE('',*,*,#597,.T.);
#204=ORIENTED_EDGE('',*,*,#598,.T.);
#205=ORIENTED_EDGE('',*,*,#599,.T.);
#206=ORIENTED_EDGE('',*,*,#600,.T.);
#207=ORIENTED_EDGE('',*,*,#601,.T.);
#208=ORIENTED_EDGE('',*,*,#602,.T.);
#209=ORIENTED_EDGE('',*,*,#603,.T.);
#210=ORIENTED_EDGE('',*,*,#604,.T.);
#211=ORIENTED_EDGE('',*,*,#605,.T.);
#212=ORIENTED_EDGE('',*,*,#606,.T.);
#213=ORIENTED_EDGE('',*,*,#607,.T.);
#214=ORIENTED_EDGE('',*,*,#608,.T.);
#215=ORIENTED_EDGE('',*,*,#609,.T.);
#216=ORIENTED_EDGE('',*,*,#610,.T.);
#217=ORIENTED_EDGE('',*,*,#611,.T.);
#218=ORIENTED_EDGE('',*,*,#612,.T.);
#219=ORIENTED_EDGE('',*,*,#613,.T.);
#220=ORIENTED_EDGE('',*,*,#614,.T.);
#221=ORIENTED_EDGE('',*,*,#615,.T.);
#222=ORIENTED_EDGE('',*,*,#616,.T.);
#223=ORIENTED_EDGE('',*,*,#617,.T.);
#224=ORIENTED_EDGE('',*,*,#618,.T.);
#225=ORIENTED_EDGE('',*,*,#619,.T.);
#226=ORIENTED_EDGE('',*,*,#620,.T.);
#227=ORIENTED_EDGE('',*,*,#621,.T.);
#228=ORIENTED_EDGE('',*,*,#622,.T.);
#229=ORIENTED_EDGE('',*,*,#623,.T.);
#230=ORIENTED_EDGE('',*,*,#624,.T.);
#231=ORIENTED_EDGE('',*,*,#611,.F.);
#232=ORIENTED_EDGE('',*,*,#625,.T.);
#233=ORIENTED_EDGE('',*,*,#626,.T.);
#234=ORIENTED_EDGE('',*,*,#627,.T.);
#235=ORIENTED_EDGE('',*,*,#607,.F.);
#236=ORIENTED_EDGE('',*,*,#628,.F.);
#237=ORIENTED_EDGE('',*,*,#629,.T.);
#238=ORIENTED_EDGE('',*,*,#630,.T.);
#239=ORIENTED_EDGE('',*,*,#631,.F.);
#240=ORIENTED_EDGE('',*,*,#632,.T.);
#241=ORIENTED_EDGE('',*,*,#633,.T.);
#242=ORIENTED_EDGE('',*,*,#634,.F.);
#243=ORIENTED_EDGE('',*,*,#635,.T.);
#244=ORIENTED_EDGE('',*,*,#636,.T.);
#245=ORIENTED_EDGE('',*,*,#634,.T.);
#246=ORIENTED_EDGE('',*,*,#637,.T.);
#247=ORIENTED_EDGE('',*,*,#628,.T.);
#248=ORIENTED_EDGE('',*,*,#638,.T.);
#249=ORIENTED_EDGE('',*,*,#639,.T.);
#250=ORIENTED_EDGE('',*,*,#640,.T.);
#251=ORIENTED_EDGE('',*,*,#630,.F.);
#252=ORIENTED_EDGE('',*,*,#641,.T.);
#253=ORIENTED_EDGE('',*,*,#632,.F.);
#254=ORIENTED_EDGE('',*,*,#642,.F.);
#255=ORIENTED_EDGE('',*,*,#643,.F.);
#256=ORIENTED_EDGE('',*,*,#643,.T.);
#257=ORIENTED_EDGE('',*,*,#644,.F.);
#258=ORIENTED_EDGE('',*,*,#638,.F.);
#259=ORIENTED_EDGE('',*,*,#631,.T.);
#260=ORIENTED_EDGE('',*,*,#642,.T.);
#261=ORIENTED_EDGE('',*,*,#635,.F.);
#262=ORIENTED_EDGE('',*,*,#639,.F.);
#263=ORIENTED_EDGE('',*,*,#644,.T.);
#264=ORIENTED_EDGE('',*,*,#645,.T.);
#265=ORIENTED_EDGE('',*,*,#646,.T.);
#266=ORIENTED_EDGE('',*,*,#647,.T.);
#267=ORIENTED_EDGE('',*,*,#648,.T.);
#268=ORIENTED_EDGE('',*,*,#649,.T.);
#269=ORIENTED_EDGE('',*,*,#650,.F.);
#270=ORIENTED_EDGE('',*,*,#633,.F.);
#271=ORIENTED_EDGE('',*,*,#651,.F.);
#272=ORIENTED_EDGE('',*,*,#588,.F.);
#273=ORIENTED_EDGE('',*,*,#651,.T.);
#274=ORIENTED_EDGE('',*,*,#641,.F.);
#275=ORIENTED_EDGE('',*,*,#652,.F.);
#276=ORIENTED_EDGE('',*,*,#589,.F.);
#277=ORIENTED_EDGE('',*,*,#650,.T.);
#278=ORIENTED_EDGE('',*,*,#587,.F.);
#279=ORIENTED_EDGE('',*,*,#653,.F.);
#280=ORIENTED_EDGE('',*,*,#637,.F.);
#281=ORIENTED_EDGE('',*,*,#652,.T.);
#282=ORIENTED_EDGE('',*,*,#629,.F.);
#283=ORIENTED_EDGE('',*,*,#653,.T.);
#284=ORIENTED_EDGE('',*,*,#586,.F.);
#285=ORIENTED_EDGE('',*,*,#654,.T.);
#286=ORIENTED_EDGE('',*,*,#655,.T.);
#287=ORIENTED_EDGE('',*,*,#656,.F.);
#288=ORIENTED_EDGE('',*,*,#657,.F.);
#289=ORIENTED_EDGE('',*,*,#658,.F.);
#290=ORIENTED_EDGE('',*,*,#659,.T.);
#291=ORIENTED_EDGE('',*,*,#660,.T.);
#292=ORIENTED_EDGE('',*,*,#661,.T.);
#293=ORIENTED_EDGE('',*,*,#662,.T.);
#294=ORIENTED_EDGE('',*,*,#660,.F.);
#295=ORIENTED_EDGE('',*,*,#663,.T.);
#296=ORIENTED_EDGE('',*,*,#654,.F.);
#297=ORIENTED_EDGE('',*,*,#664,.F.);
#298=ORIENTED_EDGE('',*,*,#665,.F.);
#299=ORIENTED_EDGE('',*,*,#666,.T.);
#300=ORIENTED_EDGE('',*,*,#656,.T.);
#301=ORIENTED_EDGE('',*,*,#667,.T.);
#302=ORIENTED_EDGE('',*,*,#658,.T.);
#303=ORIENTED_EDGE('',*,*,#668,.T.);
#304=ORIENTED_EDGE('',*,*,#669,.T.);
#305=ORIENTED_EDGE('',*,*,#669,.F.);
#306=ORIENTED_EDGE('',*,*,#670,.F.);
#307=ORIENTED_EDGE('',*,*,#664,.T.);
#308=ORIENTED_EDGE('',*,*,#657,.T.);
#309=ORIENTED_EDGE('',*,*,#668,.F.);
#310=ORIENTED_EDGE('',*,*,#661,.F.);
#311=ORIENTED_EDGE('',*,*,#665,.T.);
#312=ORIENTED_EDGE('',*,*,#670,.T.);
#313=ORIENTED_EDGE('',*,*,#671,.T.);
#314=ORIENTED_EDGE('',*,*,#615,.F.);
#315=ORIENTED_EDGE('',*,*,#672,.T.);
#316=ORIENTED_EDGE('',*,*,#673,.T.);
#317=ORIENTED_EDGE('',*,*,#674,.T.);
#318=ORIENTED_EDGE('',*,*,#675,.F.);
#319=ORIENTED_EDGE('',*,*,#582,.F.);
#320=ORIENTED_EDGE('',*,*,#676,.F.);
#321=ORIENTED_EDGE('',*,*,#655,.F.);
#322=ORIENTED_EDGE('',*,*,#676,.T.);
#323=ORIENTED_EDGE('',*,*,#585,.F.);
#324=ORIENTED_EDGE('',*,*,#677,.F.);
#325=ORIENTED_EDGE('',*,*,#667,.F.);
#326=ORIENTED_EDGE('',*,*,#675,.T.);
#327=ORIENTED_EDGE('',*,*,#663,.F.);
#328=ORIENTED_EDGE('',*,*,#678,.F.);
#329=ORIENTED_EDGE('',*,*,#583,.F.);
#330=ORIENTED_EDGE('',*,*,#677,.T.);
#331=ORIENTED_EDGE('',*,*,#584,.F.);
#332=ORIENTED_EDGE('',*,*,#678,.T.);
#333=ORIENTED_EDGE('',*,*,#659,.F.);
#334=ORIENTED_EDGE('',*,*,#679,.T.);
#335=ORIENTED_EDGE('',*,*,#680,.T.);
#336=ORIENTED_EDGE('',*,*,#681,.T.);
#337=ORIENTED_EDGE('',*,*,#682,.T.);
#338=ORIENTED_EDGE('',*,*,#683,.T.);
#339=ORIENTED_EDGE('',*,*,#684,.T.);
#340=ORIENTED_EDGE('',*,*,#685,.T.);
#341=ORIENTED_EDGE('',*,*,#686,.T.);
#342=ORIENTED_EDGE('',*,*,#687,.T.);
#343=ORIENTED_EDGE('',*,*,#688,.T.);
#344=ORIENTED_EDGE('',*,*,#689,.T.);
#345=ORIENTED_EDGE('',*,*,#690,.T.);
#346=ORIENTED_EDGE('',*,*,#691,.T.);
#347=ORIENTED_EDGE('',*,*,#692,.T.);
#348=ORIENTED_EDGE('',*,*,#693,.T.);
#349=ORIENTED_EDGE('',*,*,#694,.T.);
#350=ORIENTED_EDGE('',*,*,#695,.T.);
#351=ORIENTED_EDGE('',*,*,#696,.T.);
#352=ORIENTED_EDGE('',*,*,#608,.F.);
#353=ORIENTED_EDGE('',*,*,#697,.F.);
#354=ORIENTED_EDGE('',*,*,#567,.F.);
#355=ORIENTED_EDGE('',*,*,#624,.F.);
#356=ORIENTED_EDGE('',*,*,#698,.T.);
#357=ORIENTED_EDGE('',*,*,#699,.T.);
#358=ORIENTED_EDGE('',*,*,#565,.F.);
#359=ORIENTED_EDGE('',*,*,#697,.T.);
#360=ORIENTED_EDGE('',*,*,#606,.F.);
#361=ORIENTED_EDGE('',*,*,#700,.T.);
#362=ORIENTED_EDGE('',*,*,#701,.T.);
#363=ORIENTED_EDGE('',*,*,#612,.F.);
#364=ORIENTED_EDGE('',*,*,#702,.F.);
#365=ORIENTED_EDGE('',*,*,#703,.T.);
#366=ORIENTED_EDGE('',*,*,#704,.T.);
#367=ORIENTED_EDGE('',*,*,#625,.F.);
#368=ORIENTED_EDGE('',*,*,#702,.T.);
#369=ORIENTED_EDGE('',*,*,#614,.F.);
#370=ORIENTED_EDGE('',*,*,#621,.F.);
#371=ORIENTED_EDGE('',*,*,#705,.T.);
#372=ORIENTED_EDGE('',*,*,#622,.F.);
#373=ORIENTED_EDGE('',*,*,#706,.F.);
#374=ORIENTED_EDGE('',*,*,#610,.F.);
#375=ORIENTED_EDGE('',*,*,#707,.T.);
#376=ORIENTED_EDGE('',*,*,#616,.F.);
#377=ORIENTED_EDGE('',*,*,#706,.T.);
#378=ORIENTED_EDGE('',*,*,#627,.F.);
#379=ORIENTED_EDGE('',*,*,#708,.T.);
#380=ORIENTED_EDGE('',*,*,#619,.F.);
#381=ORIENTED_EDGE('',*,*,#709,.F.);
#382=ORIENTED_EDGE('',*,*,#618,.F.);
#383=ORIENTED_EDGE('',*,*,#710,.T.);
#384=ORIENTED_EDGE('',*,*,#604,.F.);
#385=ORIENTED_EDGE('',*,*,#709,.T.);
#386=ORIENTED_EDGE('',*,*,#672,.F.);
#387=ORIENTED_EDGE('',*,*,#674,.F.);
#388=ORIENTED_EDGE('',*,*,#647,.F.);
#389=ORIENTED_EDGE('',*,*,#649,.F.);
#390=ORIENTED_EDGE('',*,*,#693,.F.);
#391=ORIENTED_EDGE('',*,*,#711,.T.);
#392=ORIENTED_EDGE('',*,*,#561,.F.);
#393=ORIENTED_EDGE('',*,*,#712,.T.);
#394=ORIENTED_EDGE('',*,*,#685,.F.);
#395=ORIENTED_EDGE('',*,*,#713,.T.);
#396=ORIENTED_EDGE('',*,*,#563,.F.);
#397=ORIENTED_EDGE('',*,*,#714,.T.);
#398=ORIENTED_EDGE('',*,*,#691,.F.);
#399=ORIENTED_EDGE('',*,*,#715,.T.);
#400=ORIENTED_EDGE('',*,*,#681,.F.);
#401=ORIENTED_EDGE('',*,*,#716,.T.);
#402=ORIENTED_EDGE('',*,*,#687,.F.);
#403=ORIENTED_EDGE('',*,*,#717,.T.);
#404=ORIENTED_EDGE('',*,*,#695,.F.);
#405=ORIENTED_EDGE('',*,*,#718,.F.);
#406=ORIENTED_EDGE('',*,*,#718,.T.);
#407=ORIENTED_EDGE('',*,*,#566,.F.);
#408=ORIENTED_EDGE('',*,*,#719,.F.);
#409=ORIENTED_EDGE('',*,*,#688,.F.);
#410=ORIENTED_EDGE('',*,*,#699,.F.);
#411=ORIENTED_EDGE('',*,*,#720,.T.);
#412=ORIENTED_EDGE('',*,*,#689,.F.);
#413=ORIENTED_EDGE('',*,*,#719,.T.);
#414=ORIENTED_EDGE('',*,*,#701,.F.);
#415=ORIENTED_EDGE('',*,*,#721,.T.);
#416=ORIENTED_EDGE('',*,*,#679,.F.);
#417=ORIENTED_EDGE('',*,*,#722,.F.);
#418=ORIENTED_EDGE('',*,*,#722,.T.);
#419=ORIENTED_EDGE('',*,*,#684,.F.);
#420=ORIENTED_EDGE('',*,*,#723,.F.);
#421=ORIENTED_EDGE('',*,*,#613,.F.);
#422=ORIENTED_EDGE('',*,*,#683,.F.);
#423=ORIENTED_EDGE('',*,*,#724,.T.);
#424=ORIENTED_EDGE('',*,*,#703,.F.);
#425=ORIENTED_EDGE('',*,*,#723,.T.);
#426=ORIENTED_EDGE('',*,*,#725,.F.);
#427=ORIENTED_EDGE('',*,*,#576,.F.);
#428=ORIENTED_EDGE('',*,*,#726,.F.);
#429=ORIENTED_EDGE('',*,*,#605,.F.);
#430=ORIENTED_EDGE('',*,*,#726,.T.);
#431=ORIENTED_EDGE('',*,*,#575,.F.);
#432=ORIENTED_EDGE('',*,*,#727,.F.);
#433=ORIENTED_EDGE('',*,*,#700,.F.);
#434=ORIENTED_EDGE('',*,*,#725,.T.);
#435=ORIENTED_EDGE('',*,*,#710,.F.);
#436=ORIENTED_EDGE('',*,*,#728,.F.);
#437=ORIENTED_EDGE('',*,*,#577,.F.);
#438=ORIENTED_EDGE('',*,*,#727,.T.);
#439=ORIENTED_EDGE('',*,*,#574,.F.);
#440=ORIENTED_EDGE('',*,*,#729,.F.);
#441=ORIENTED_EDGE('',*,*,#721,.F.);
#442=ORIENTED_EDGE('',*,*,#728,.T.);
#443=ORIENTED_EDGE('',*,*,#617,.F.);
#444=ORIENTED_EDGE('',*,*,#730,.F.);
#445=ORIENTED_EDGE('',*,*,#578,.F.);
#446=ORIENTED_EDGE('',*,*,#729,.T.);
#447=ORIENTED_EDGE('',*,*,#573,.F.);
#448=ORIENTED_EDGE('',*,*,#731,.F.);
#449=ORIENTED_EDGE('',*,*,#680,.F.);
#450=ORIENTED_EDGE('',*,*,#730,.T.);
#451=ORIENTED_EDGE('',*,*,#707,.F.);
#452=ORIENTED_EDGE('',*,*,#732,.F.);
#453=ORIENTED_EDGE('',*,*,#579,.F.);
#454=ORIENTED_EDGE('',*,*,#731,.T.);
#455=ORIENTED_EDGE('',*,*,#572,.F.);
#456=ORIENTED_EDGE('',*,*,#733,.F.);
#457=ORIENTED_EDGE('',*,*,#716,.F.);
#458=ORIENTED_EDGE('',*,*,#732,.T.);
#459=ORIENTED_EDGE('',*,*,#609,.F.);
#460=ORIENTED_EDGE('',*,*,#734,.F.);
#461=ORIENTED_EDGE('',*,*,#580,.F.);
#462=ORIENTED_EDGE('',*,*,#733,.T.);
#463=ORIENTED_EDGE('',*,*,#571,.F.);
#464=ORIENTED_EDGE('',*,*,#735,.F.);
#465=ORIENTED_EDGE('',*,*,#564,.F.);
#466=ORIENTED_EDGE('',*,*,#734,.T.);
#467=ORIENTED_EDGE('',*,*,#696,.F.);
#468=ORIENTED_EDGE('',*,*,#736,.F.);
#469=ORIENTED_EDGE('',*,*,#581,.F.);
#470=ORIENTED_EDGE('',*,*,#735,.T.);
#471=ORIENTED_EDGE('',*,*,#570,.F.);
#472=ORIENTED_EDGE('',*,*,#737,.F.);
#473=ORIENTED_EDGE('',*,*,#712,.F.);
#474=ORIENTED_EDGE('',*,*,#736,.T.);
#475=ORIENTED_EDGE('',*,*,#717,.F.);
#476=ORIENTED_EDGE('',*,*,#738,.F.);
#477=ORIENTED_EDGE('',*,*,#568,.F.);
#478=ORIENTED_EDGE('',*,*,#737,.T.);
#479=ORIENTED_EDGE('',*,*,#569,.F.);
#480=ORIENTED_EDGE('',*,*,#738,.T.);
#481=ORIENTED_EDGE('',*,*,#686,.F.);
#482=ORIENTED_EDGE('',*,*,#739,.F.);
#483=ORIENTED_EDGE('',*,*,#626,.F.);
#484=ORIENTED_EDGE('',*,*,#740,.F.);
#485=ORIENTED_EDGE('',*,*,#598,.F.);
#486=ORIENTED_EDGE('',*,*,#740,.T.);
#487=ORIENTED_EDGE('',*,*,#704,.F.);
#488=ORIENTED_EDGE('',*,*,#741,.F.);
#489=ORIENTED_EDGE('',*,*,#599,.F.);
#490=ORIENTED_EDGE('',*,*,#739,.T.);
#491=ORIENTED_EDGE('',*,*,#597,.F.);
#492=ORIENTED_EDGE('',*,*,#742,.F.);
#493=ORIENTED_EDGE('',*,*,#708,.F.);
#494=ORIENTED_EDGE('',*,*,#741,.T.);
#495=ORIENTED_EDGE('',*,*,#724,.F.);
#496=ORIENTED_EDGE('',*,*,#743,.F.);
#497=ORIENTED_EDGE('',*,*,#600,.F.);
#498=ORIENTED_EDGE('',*,*,#742,.T.);
#499=ORIENTED_EDGE('',*,*,#596,.F.);
#500=ORIENTED_EDGE('',*,*,#744,.F.);
#501=ORIENTED_EDGE('',*,*,#620,.F.);
#502=ORIENTED_EDGE('',*,*,#743,.T.);
#503=ORIENTED_EDGE('',*,*,#682,.F.);
#504=ORIENTED_EDGE('',*,*,#745,.F.);
#505=ORIENTED_EDGE('',*,*,#601,.F.);
#506=ORIENTED_EDGE('',*,*,#744,.T.);
#507=ORIENTED_EDGE('',*,*,#595,.F.);
#508=ORIENTED_EDGE('',*,*,#746,.F.);
#509=ORIENTED_EDGE('',*,*,#705,.F.);
#510=ORIENTED_EDGE('',*,*,#745,.T.);
#511=ORIENTED_EDGE('',*,*,#715,.F.);
#512=ORIENTED_EDGE('',*,*,#747,.F.);
#513=ORIENTED_EDGE('',*,*,#602,.F.);
#514=ORIENTED_EDGE('',*,*,#746,.T.);
#515=ORIENTED_EDGE('',*,*,#594,.F.);
#516=ORIENTED_EDGE('',*,*,#748,.F.);
#517=ORIENTED_EDGE('',*,*,#623,.F.);
#518=ORIENTED_EDGE('',*,*,#747,.T.);
#519=ORIENTED_EDGE('',*,*,#694,.F.);
#520=ORIENTED_EDGE('',*,*,#749,.F.);
#521=ORIENTED_EDGE('',*,*,#603,.F.);
#522=ORIENTED_EDGE('',*,*,#748,.T.);
#523=ORIENTED_EDGE('',*,*,#593,.F.);
#524=ORIENTED_EDGE('',*,*,#750,.F.);
#525=ORIENTED_EDGE('',*,*,#698,.F.);
#526=ORIENTED_EDGE('',*,*,#749,.T.);
#527=ORIENTED_EDGE('',*,*,#713,.F.);
#528=ORIENTED_EDGE('',*,*,#751,.F.);
#529=ORIENTED_EDGE('',*,*,#590,.F.);
#530=ORIENTED_EDGE('',*,*,#750,.T.);
#531=ORIENTED_EDGE('',*,*,#592,.F.);
#532=ORIENTED_EDGE('',*,*,#752,.F.);
#533=ORIENTED_EDGE('',*,*,#720,.F.);
#534=ORIENTED_EDGE('',*,*,#751,.T.);
#535=ORIENTED_EDGE('',*,*,#690,.F.);
#536=ORIENTED_EDGE('',*,*,#752,.T.);
#537=ORIENTED_EDGE('',*,*,#591,.F.);
#538=ORIENTED_EDGE('',*,*,#673,.F.);
#539=ORIENTED_EDGE('',*,*,#662,.F.);
#540=ORIENTED_EDGE('',*,*,#666,.F.);
#541=ORIENTED_EDGE('',*,*,#671,.F.);
#542=ORIENTED_EDGE('',*,*,#648,.F.);
#543=ORIENTED_EDGE('',*,*,#636,.F.);
#544=ORIENTED_EDGE('',*,*,#753,.T.);
#545=ORIENTED_EDGE('',*,*,#640,.F.);
#546=ORIENTED_EDGE('',*,*,#753,.F.);
#547=ORIENTED_EDGE('',*,*,#645,.F.);
#548=ORIENTED_EDGE('',*,*,#646,.F.);
#549=ORIENTED_EDGE('',*,*,#714,.F.);
#550=ORIENTED_EDGE('',*,*,#562,.F.);
#551=ORIENTED_EDGE('',*,*,#711,.F.);
#552=ORIENTED_EDGE('',*,*,#692,.F.);
#553=ORIENTED_EDGE('',*,*,#754,.T.);
#554=ORIENTED_EDGE('',*,*,#755,.T.);
#555=ORIENTED_EDGE('',*,*,#756,.T.);
#556=ORIENTED_EDGE('',*,*,#757,.T.);
#557=ORIENTED_EDGE('',*,*,#755,.F.);
#558=ORIENTED_EDGE('',*,*,#756,.F.);
#559=ORIENTED_EDGE('',*,*,#757,.F.);
#560=ORIENTED_EDGE('',*,*,#754,.F.);
#561=EDGE_CURVE('',#758,#759,#881,.F.);
#562=EDGE_CURVE('',#759,#760,#134,.F.);
#563=EDGE_CURVE('',#760,#761,#882,.T.);
#564=EDGE_CURVE('',#761,#758,#883,.T.);
#565=EDGE_CURVE('',#762,#763,#884,.F.);
#566=EDGE_CURVE('',#763,#764,#885,.T.);
#567=EDGE_CURVE('',#764,#762,#886,.F.);
#568=EDGE_CURVE('',#765,#766,#88,.T.);
#569=EDGE_CURVE('',#766,#767,#887,.T.);
#570=EDGE_CURVE('',#767,#768,#135,.F.);
#571=EDGE_CURVE('',#768,#769,#888,.T.);
#572=EDGE_CURVE('',#769,#770,#136,.F.);
#573=EDGE_CURVE('',#770,#771,#889,.T.);
#574=EDGE_CURVE('',#771,#772,#89,.T.);
#575=EDGE_CURVE('',#772,#773,#90,.T.);
#576=EDGE_CURVE('',#773,#774,#890,.T.);
#577=EDGE_CURVE('',#774,#775,#91,.T.);
#578=EDGE_CURVE('',#775,#776,#891,.T.);
#579=EDGE_CURVE('',#776,#777,#92,.T.);
#580=EDGE_CURVE('',#777,#778,#892,.T.);
#581=EDGE_CURVE('',#778,#765,#93,.T.);
#582=EDGE_CURVE('',#779,#780,#893,.F.);
#583=EDGE_CURVE('',#780,#781,#894,.F.);
#584=EDGE_CURVE('',#781,#782,#895,.F.);
#585=EDGE_CURVE('',#782,#779,#896,.T.);
#586=EDGE_CURVE('',#783,#784,#897,.T.);
#587=EDGE_CURVE('',#784,#785,#898,.F.);
#588=EDGE_CURVE('',#785,#786,#899,.T.);
#589=EDGE_CURVE('',#786,#783,#900,.T.);
#590=EDGE_CURVE('',#787,#788,#137,.T.);
#591=EDGE_CURVE('',#788,#789,#901,.T.);
#592=EDGE_CURVE('',#789,#790,#94,.T.);
#593=EDGE_CURVE('',#790,#791,#95,.T.);
#594=EDGE_CURVE('',#791,#792,#902,.T.);
#595=EDGE_CURVE('',#792,#793,#96,.T.);
#596=EDGE_CURVE('',#793,#794,#903,.T.);
#597=EDGE_CURVE('',#794,#795,#97,.T.);
#598=EDGE_CURVE('',#795,#796,#904,.T.);
#599=EDGE_CURVE('',#796,#797,#98,.T.);
#600=EDGE_CURVE('',#797,#798,#99,.T.);
#601=EDGE_CURVE('',#798,#799,#905,.T.);
#602=EDGE_CURVE('',#799,#800,#138,.T.);
#603=EDGE_CURVE('',#800,#787,#906,.T.);
#604=EDGE_CURVE('',#801,#802,#907,.T.);
#605=EDGE_CURVE('',#802,#803,#908,.T.);
#606=EDGE_CURVE('',#803,#804,#909,.F.);
#607=EDGE_CURVE('',#804,#801,#910,.T.);
#608=EDGE_CURVE('',#805,#806,#911,.T.);
#609=EDGE_CURVE('',#806,#807,#912,.T.);
#610=EDGE_CURVE('',#807,#808,#913,.F.);
#611=EDGE_CURVE('',#808,#805,#914,.T.);
#612=EDGE_CURVE('',#809,#810,#915,.T.);
#613=EDGE_CURVE('',#810,#811,#916,.F.);
#614=EDGE_CURVE('',#811,#809,#917,.T.);
#615=EDGE_CURVE('',#812,#812,#139,.T.);
#616=EDGE_CURVE('',#813,#814,#918,.T.);
#617=EDGE_CURVE('',#814,#815,#919,.T.);
#618=EDGE_CURVE('',#815,#816,#920,.F.);
#619=EDGE_CURVE('',#816,#817,#921,.T.);
#620=EDGE_CURVE('',#817,#818,#922,.T.);
#621=EDGE_CURVE('',#818,#813,#923,.F.);
#622=EDGE_CURVE('',#808,#819,#924,.F.);
#623=EDGE_CURVE('',#819,#820,#925,.F.);
#624=EDGE_CURVE('',#820,#805,#926,.F.);
#625=EDGE_CURVE('',#804,#821,#927,.F.);
#626=EDGE_CURVE('',#821,#822,#928,.T.);
#627=EDGE_CURVE('',#822,#801,#929,.F.);
#628=EDGE_CURVE('',#823,#824,#930,.T.);
#629=EDGE_CURVE('',#823,#825,#931,.F.);
#630=EDGE_CURVE('',#825,#826,#932,.T.);
#631=EDGE_CURVE('',#824,#826,#933,.T.);
#632=EDGE_CURVE('',#827,#828,#934,.T.);
#633=EDGE_CURVE('',#828,#829,#935,.F.);
#634=EDGE_CURVE('',#830,#829,#936,.T.);
#635=EDGE_CURVE('',#830,#827,#937,.T.);
#636=EDGE_CURVE('',#831,#831,#140,.F.);
#637=EDGE_CURVE('',#829,#823,#938,.T.);
#638=EDGE_CURVE('',#824,#832,#939,.T.);
#639=EDGE_CURVE('',#832,#830,#940,.T.);
#640=EDGE_CURVE('',#833,#833,#141,.T.);
#641=EDGE_CURVE('',#825,#828,#941,.F.);
#642=EDGE_CURVE('',#834,#827,#942,.T.);
#643=EDGE_CURVE('',#826,#834,#943,.T.);
#644=EDGE_CURVE('',#832,#834,#944,.T.);
#645=EDGE_CURVE('',#835,#835,#142,.T.);
#646=EDGE_CURVE('',#836,#836,#143,.T.);
#647=EDGE_CURVE('',#837,#837,#144,.T.);
#648=EDGE_CURVE('',#838,#838,#145,.T.);
#649=EDGE_CURVE('',#839,#839,#146,.F.);
#650=EDGE_CURVE('',#829,#785,#43,.F.);
#651=EDGE_CURVE('',#786,#828,#44,.T.);
#652=EDGE_CURVE('',#783,#825,#45,.T.);
#653=EDGE_CURVE('',#823,#784,#46,.F.);
#654=EDGE_CURVE('',#840,#841,#945,.T.);
#655=EDGE_CURVE('',#841,#842,#946,.T.);
#656=EDGE_CURVE('',#843,#842,#947,.T.);
#657=EDGE_CURVE('',#840,#843,#948,.T.);
#658=EDGE_CURVE('',#844,#845,#949,.T.);
#659=EDGE_CURVE('',#844,#846,#950,.T.);
#660=EDGE_CURVE('',#846,#847,#951,.T.);
#661=EDGE_CURVE('',#847,#845,#952,.T.);
#662=EDGE_CURVE('',#848,#848,#147,.F.);
#663=EDGE_CURVE('',#846,#841,#953,.T.);
#664=EDGE_CURVE('',#849,#840,#954,.T.);
#665=EDGE_CURVE('',#847,#849,#955,.T.);
#666=EDGE_CURVE('',#850,#850,#148,.T.);
#667=EDGE_CURVE('',#842,#844,#956,.F.);
#668=EDGE_CURVE('',#845,#851,#957,.T.);
#669=EDGE_CURVE('',#851,#843,#958,.T.);
#670=EDGE_CURVE('',#849,#851,#959,.T.);
#671=EDGE_CURVE('',#852,#852,#149,.F.);
#672=EDGE_CURVE('',#853,#853,#150,.T.);
#673=EDGE_CURVE('',#854,#854,#151,.T.);
#674=EDGE_CURVE('',#855,#855,#152,.F.);
#675=EDGE_CURVE('',#780,#841,#47,.T.);
#676=EDGE_CURVE('',#842,#779,#48,.F.);
#677=EDGE_CURVE('',#844,#782,#49,.F.);
#678=EDGE_CURVE('',#781,#846,#50,.T.);
#679=EDGE_CURVE('',#856,#857,#51,.T.);
#680=EDGE_CURVE('',#857,#858,#960,.T.);
#681=EDGE_CURVE('',#858,#859,#961,.F.);
#682=EDGE_CURVE('',#859,#860,#962,.T.);
#683=EDGE_CURVE('',#860,#861,#52,.T.);
#684=EDGE_CURVE('',#861,#856,#963,.T.);
#685=EDGE_CURVE('',#862,#863,#964,.T.);
#686=EDGE_CURVE('',#863,#864,#965,.T.);
#687=EDGE_CURVE('',#864,#865,#53,.F.);
#688=EDGE_CURVE('',#865,#866,#966,.F.);
#689=EDGE_CURVE('',#866,#867,#54,.F.);
#690=EDGE_CURVE('',#867,#862,#967,.T.);
#691=EDGE_CURVE('',#868,#869,#968,.T.);
#692=EDGE_CURVE('',#869,#870,#153,.F.);
#693=EDGE_CURVE('',#870,#871,#969,.F.);
#694=EDGE_CURVE('',#871,#868,#970,.T.);
#695=EDGE_CURVE('',#764,#872,#55,.F.);
#696=EDGE_CURVE('',#872,#806,#100,.T.);
#697=EDGE_CURVE('',#762,#805,#56,.F.);
#698=EDGE_CURVE('',#820,#873,#101,.T.);
#699=EDGE_CURVE('',#873,#763,#57,.F.);
#700=EDGE_CURVE('',#803,#874,#102,.T.);
#701=EDGE_CURVE('',#874,#810,#58,.T.);
#702=EDGE_CURVE('',#804,#809,#59,.T.);
#703=EDGE_CURVE('',#811,#875,#60,.T.);
#704=EDGE_CURVE('',#875,#821,#103,.T.);
#705=EDGE_CURVE('',#818,#819,#104,.T.);
#706=EDGE_CURVE('',#813,#808,#61,.T.);
#707=EDGE_CURVE('',#807,#814,#105,.T.);
#708=EDGE_CURVE('',#822,#817,#106,.T.);
#709=EDGE_CURVE('',#801,#816,#62,.T.);
#710=EDGE_CURVE('',#815,#802,#107,.T.);
#711=EDGE_CURVE('',#870,#759,#108,.T.);
#712=EDGE_CURVE('',#758,#863,#154,.T.);
#713=EDGE_CURVE('',#862,#871,#155,.F.);
#714=EDGE_CURVE('',#760,#869,#109,.T.);
#715=EDGE_CURVE('',#868,#859,#156,.F.);
#716=EDGE_CURVE('',#858,#761,#157,.T.);
#717=EDGE_CURVE('',#864,#872,#110,.F.);
#718=EDGE_CURVE('',#865,#764,#158,.T.);
#719=EDGE_CURVE('',#866,#763,#159,.T.);
#720=EDGE_CURVE('',#873,#867,#111,.F.);
#721=EDGE_CURVE('',#874,#857,#112,.F.);
#722=EDGE_CURVE('',#810,#856,#160,.T.);
#723=EDGE_CURVE('',#811,#861,#161,.T.);
#724=EDGE_CURVE('',#860,#875,#113,.F.);
#725=EDGE_CURVE('',#774,#802,#114,.F.);
#726=EDGE_CURVE('',#803,#773,#115,.F.);
#727=EDGE_CURVE('',#874,#772,#116,.F.);
#728=EDGE_CURVE('',#775,#815,#117,.T.);
#729=EDGE_CURVE('',#857,#771,#118,.T.);
#730=EDGE_CURVE('',#776,#814,#119,.F.);
#731=EDGE_CURVE('',#858,#770,#971,.T.);
#732=EDGE_CURVE('',#777,#807,#120,.T.);
#733=EDGE_CURVE('',#761,#769,#972,.T.);
#734=EDGE_CURVE('',#778,#806,#121,.F.);
#735=EDGE_CURVE('',#758,#768,#973,.T.);
#736=EDGE_CURVE('',#765,#872,#122,.F.);
#737=EDGE_CURVE('',#863,#767,#974,.T.);
#738=EDGE_CURVE('',#766,#864,#123,.T.);
#739=EDGE_CURVE('',#822,#795,#124,.F.);
#740=EDGE_CURVE('',#796,#821,#125,.F.);
#741=EDGE_CURVE('',#797,#875,#126,.F.);
#742=EDGE_CURVE('',#817,#794,#127,.T.);
#743=EDGE_CURVE('',#798,#860,#128,.T.);
#744=EDGE_CURVE('',#818,#793,#129,.F.);
#745=EDGE_CURVE('',#799,#859,#975,.T.);
#746=EDGE_CURVE('',#819,#792,#130,.T.);
#747=EDGE_CURVE('',#800,#868,#976,.T.);
#748=EDGE_CURVE('',#820,#791,#131,.F.);
#749=EDGE_CURVE('',#787,#871,#977,.T.);
#750=EDGE_CURVE('',#873,#790,#132,.F.);
#751=EDGE_CURVE('',#788,#862,#978,.T.);
#752=EDGE_CURVE('',#867,#789,#133,.T.);
#753=EDGE_CURVE('',#876,#876,#162,.T.);
#754=EDGE_CURVE('',#877,#877,#163,.F.);
#755=EDGE_CURVE('',#878,#878,#164,.F.);
#756=EDGE_CURVE('',#879,#879,#165,.T.);
#757=EDGE_CURVE('',#880,#880,#166,.T.);
#758=VERTEX_POINT('',#1966);
#759=VERTEX_POINT('',#1967);
#760=VERTEX_POINT('',#1969);
#761=VERTEX_POINT('',#1971);
#762=VERTEX_POINT('',#1975);
#763=VERTEX_POINT('',#1976);
#764=VERTEX_POINT('',#1978);
#765=VERTEX_POINT('',#1985);
#766=VERTEX_POINT('',#1986);
#767=VERTEX_POINT('',#1988);
#768=VERTEX_POINT('',#1990);
#769=VERTEX_POINT('',#1992);
#770=VERTEX_POINT('',#1994);
#771=VERTEX_POINT('',#1996);
#772=VERTEX_POINT('',#2001);
#773=VERTEX_POINT('',#2006);
#774=VERTEX_POINT('',#2008);
#775=VERTEX_POINT('',#2014);
#776=VERTEX_POINT('',#2016);
#777=VERTEX_POINT('',#2022);
#778=VERTEX_POINT('',#2024);
#779=VERTEX_POINT('',#2030);
#780=VERTEX_POINT('',#2031);
#781=VERTEX_POINT('',#2033);
#782=VERTEX_POINT('',#2035);
#783=VERTEX_POINT('',#2038);
#784=VERTEX_POINT('',#2039);
#785=VERTEX_POINT('',#2041);
#786=VERTEX_POINT('',#2043);
#787=VERTEX_POINT('',#2047);
#788=VERTEX_POINT('',#2048);
#789=VERTEX_POINT('',#2050);
#790=VERTEX_POINT('',#2055);
#791=VERTEX_POINT('',#2060);
#792=VERTEX_POINT('',#2062);
#793=VERTEX_POINT('',#2068);
#794=VERTEX_POINT('',#2070);
#795=VERTEX_POINT('',#2076);
#796=VERTEX_POINT('',#2078);
#797=VERTEX_POINT('',#2083);
#798=VERTEX_POINT('',#2088);
#799=VERTEX_POINT('',#2090);
#800=VERTEX_POINT('',#2092);
#801=VERTEX_POINT('',#2096);
#802=VERTEX_POINT('',#2097);
#803=VERTEX_POINT('',#2099);
#804=VERTEX_POINT('',#2101);
#805=VERTEX_POINT('',#2105);
#806=VERTEX_POINT('',#2106);
#807=VERTEX_POINT('',#2108);
#808=VERTEX_POINT('',#2110);
#809=VERTEX_POINT('',#2114);
#810=VERTEX_POINT('',#2115);
#811=VERTEX_POINT('',#2117);
#812=VERTEX_POINT('',#2121);
#813=VERTEX_POINT('',#2123);
#814=VERTEX_POINT('',#2124);
#815=VERTEX_POINT('',#2126);
#816=VERTEX_POINT('',#2128);
#817=VERTEX_POINT('',#2130);
#818=VERTEX_POINT('',#2132);
#819=VERTEX_POINT('',#2136);
#820=VERTEX_POINT('',#2138);
#821=VERTEX_POINT('',#2142);
#822=VERTEX_POINT('',#2144);
#823=VERTEX_POINT('',#2148);
#824=VERTEX_POINT('',#2149);
#825=VERTEX_POINT('',#2151);
#826=VERTEX_POINT('',#2153);
#827=VERTEX_POINT('',#2157);
#828=VERTEX_POINT('',#2158);
#829=VERTEX_POINT('',#2160);
#830=VERTEX_POINT('',#2162);
#831=VERTEX_POINT('',#2166);
#832=VERTEX_POINT('',#2169);
#833=VERTEX_POINT('',#2173);
#834=VERTEX_POINT('',#2176);
#835=VERTEX_POINT('',#2183);
#836=VERTEX_POINT('',#2185);
#837=VERTEX_POINT('',#2188);
#838=VERTEX_POINT('',#2191);
#839=VERTEX_POINT('',#2193);
#840=VERTEX_POINT('',#2204);
#841=VERTEX_POINT('',#2205);
#842=VERTEX_POINT('',#2207);
#843=VERTEX_POINT('',#2209);
#844=VERTEX_POINT('',#2213);
#845=VERTEX_POINT('',#2214);
#846=VERTEX_POINT('',#2216);
#847=VERTEX_POINT('',#2218);
#848=VERTEX_POINT('',#2222);
#849=VERTEX_POINT('',#2225);
#850=VERTEX_POINT('',#2229);
#851=VERTEX_POINT('',#2232);
#852=VERTEX_POINT('',#2239);
#853=VERTEX_POINT('',#2242);
#854=VERTEX_POINT('',#2245);
#855=VERTEX_POINT('',#2247);
#856=VERTEX_POINT('',#2258);
#857=VERTEX_POINT('',#2259);
#858=VERTEX_POINT('',#2261);
#859=VERTEX_POINT('',#2263);
#860=VERTEX_POINT('',#2265);
#861=VERTEX_POINT('',#2267);
#862=VERTEX_POINT('',#2271);
#863=VERTEX_POINT('',#2272);
#864=VERTEX_POINT('',#2274);
#865=VERTEX_POINT('',#2276);
#866=VERTEX_POINT('',#2278);
#867=VERTEX_POINT('',#2280);
#868=VERTEX_POINT('',#2284);
#869=VERTEX_POINT('',#2285);
#870=VERTEX_POINT('',#2287);
#871=VERTEX_POINT('',#2289);
#872=VERTEX_POINT('',#2293);
#873=VERTEX_POINT('',#2312);
#874=VERTEX_POINT('',#2326);
#875=VERTEX_POINT('',#2331);
#876=VERTEX_POINT('',#2698);
#877=VERTEX_POINT('',#2703);
#878=VERTEX_POINT('',#2706);
#879=VERTEX_POINT('',#2709);
#880=VERTEX_POINT('',#2711);
#881=LINE('',#1965,#979);
#882=LINE('',#1970,#980);
#883=LINE('',#1972,#981);
#884=LINE('',#1974,#982);
#885=LINE('',#1977,#983);
#886=LINE('',#1979,#984);
#887=LINE('',#1987,#985);
#888=LINE('',#1991,#986);
#889=LINE('',#1995,#987);
#890=LINE('',#2007,#988);
#891=LINE('',#2015,#989);
#892=LINE('',#2023,#990);
#893=LINE('',#2029,#991);
#894=LINE('',#2032,#992);
#895=LINE('',#2034,#993);
#896=LINE('',#2036,#994);
#897=LINE('',#2037,#995);
#898=LINE('',#2040,#996);
#899=LINE('',#2042,#997);
#900=LINE('',#2044,#998);
#901=LINE('',#2049,#999);
#902=LINE('',#2061,#1000);
#903=LINE('',#2069,#1001);
#904=LINE('',#2077,#1002);
#905=LINE('',#2089,#1003);
#906=LINE('',#2093,#1004);
#907=LINE('',#2095,#1005);
#908=LINE('',#2098,#1006);
#909=LINE('',#2100,#1007);
#910=LINE('',#2102,#1008);
#911=LINE('',#2104,#1009);
#912=LINE('',#2107,#1010);
#913=LINE('',#2109,#1011);
#914=LINE('',#2111,#1012);
#915=LINE('',#2113,#1013);
#916=LINE('',#2116,#1014);
#917=LINE('',#2118,#1015);
#918=LINE('',#2122,#1016);
#919=LINE('',#2125,#1017);
#920=LINE('',#2127,#1018);
#921=LINE('',#2129,#1019);
#922=LINE('',#2131,#1020);
#923=LINE('',#2133,#1021);
#924=LINE('',#2135,#1022);
#925=LINE('',#2137,#1023);
#926=LINE('',#2139,#1024);
#927=LINE('',#2141,#1025);
#928=LINE('',#2143,#1026);
#929=LINE('',#2145,#1027);
#930=LINE('',#2147,#1028);
#931=LINE('',#2150,#1029);
#932=LINE('',#2152,#1030);
#933=LINE('',#2154,#1031);
#934=LINE('',#2156,#1032);
#935=LINE('',#2159,#1033);
#936=LINE('',#2161,#1034);
#937=LINE('',#2163,#1035);
#938=LINE('',#2167,#1036);
#939=LINE('',#2168,#1037);
#940=LINE('',#2170,#1038);
#941=LINE('',#2174,#1039);
#942=LINE('',#2175,#1040);
#943=LINE('',#2177,#1041);
#944=LINE('',#2179,#1042);
#945=LINE('',#2203,#1043);
#946=LINE('',#2206,#1044);
#947=LINE('',#2208,#1045);
#948=LINE('',#2210,#1046);
#949=LINE('',#2212,#1047);
#950=LINE('',#2215,#1048);
#951=LINE('',#2217,#1049);
#952=LINE('',#2219,#1050);
#953=LINE('',#2223,#1051);
#954=LINE('',#2224,#1052);
#955=LINE('',#2226,#1053);
#956=LINE('',#2230,#1054);
#957=LINE('',#2231,#1055);
#958=LINE('',#2233,#1056);
#959=LINE('',#2235,#1057);
#960=LINE('',#2260,#1058);
#961=LINE('',#2262,#1059);
#962=LINE('',#2264,#1060);
#963=LINE('',#2268,#1061);
#964=LINE('',#2270,#1062);
#965=LINE('',#2273,#1063);
#966=LINE('',#2277,#1064);
#967=LINE('',#2281,#1065);
#968=LINE('',#2283,#1066);
#969=LINE('',#2288,#1067);
#970=LINE('',#2290,#1068);
#971=LINE('',#2532,#1069);
#972=LINE('',#2550,#1070);
#973=LINE('',#2557,#1071);
#974=LINE('',#2571,#1072);
#975=LINE('',#2640,#1073);
#976=LINE('',#2658,#1074);
#977=LINE('',#2665,#1075);
#978=LINE('',#2679,#1076);
#979=VECTOR('',#1601,1.);
#980=VECTOR('',#1604,1.);
#981=VECTOR('',#1605,1.);
#982=VECTOR('',#1608,1.);
#983=VECTOR('',#1609,1.);
#984=VECTOR('',#1610,1.);
#985=VECTOR('',#1613,1.);
#986=VECTOR('',#1616,1.);
#987=VECTOR('',#1619,1.);
#988=VECTOR('',#1620,1.);
#989=VECTOR('',#1621,1.);
#990=VECTOR('',#1622,1.);
#991=VECTOR('',#1623,1.);
#992=VECTOR('',#1624,1.);
#993=VECTOR('',#1625,1.);
#994=VECTOR('',#1626,1.);
#995=VECTOR('',#1627,1.);
#996=VECTOR('',#1628,1.);
#997=VECTOR('',#1629,1.);
#998=VECTOR('',#1630,1.);
#999=VECTOR('',#1635,1.);
#1000=VECTOR('',#1636,1.);
#1001=VECTOR('',#1637,1.);
#1002=VECTOR('',#1638,1.);
#1003=VECTOR('',#1639,1.);
#1004=VECTOR('',#1642,1.);
#1005=VECTOR('',#1645,1.);
#1006=VECTOR('',#1646,1.);
#1007=VECTOR('',#1647,1.);
#1008=VECTOR('',#1648,1.);
#1009=VECTOR('',#1651,1.);
#1010=VECTOR('',#1652,1.);
#1011=VECTOR('',#1653,1.);
#1012=VECTOR('',#1654,1.);
#1013=VECTOR('',#1657,1.);
#1014=VECTOR('',#1658,1.);
#1015=VECTOR('',#1659,1.);
#1016=VECTOR('',#1664,1.);
#1017=VECTOR('',#1665,1.);
#1018=VECTOR('',#1666,1.);
#1019=VECTOR('',#1667,1.);
#1020=VECTOR('',#1668,1.);
#1021=VECTOR('',#1669,1.);
#1022=VECTOR('',#1672,1.);
#1023=VECTOR('',#1673,1.);
#1024=VECTOR('',#1674,1.);
#1025=VECTOR('',#1677,1.);
#1026=VECTOR('',#1678,1.);
#1027=VECTOR('',#1679,1.);
#1028=VECTOR('',#1682,1.);
#1029=VECTOR('',#1683,1.);
#1030=VECTOR('',#1684,1.);
#1031=VECTOR('',#1685,1.);
#1032=VECTOR('',#1688,1.);
#1033=VECTOR('',#1689,1.);
#1034=VECTOR('',#1690,1.);
#1035=VECTOR('',#1691,1.);
#1036=VECTOR('',#1696,1.);
#1037=VECTOR('',#1697,1.);
#1038=VECTOR('',#1698,1.);
#1039=VECTOR('',#1703,1.);
#1040=VECTOR('',#1704,1.);
#1041=VECTOR('',#1705,1.);
#1042=VECTOR('',#1708,1.);
#1043=VECTOR('',#1745,1.);
#1044=VECTOR('',#1746,1.);
#1045=VECTOR('',#1747,1.);
#1046=VECTOR('',#1748,1.);
#1047=VECTOR('',#1751,1.);
#1048=VECTOR('',#1752,1.);
#1049=VECTOR('',#1753,1.);
#1050=VECTOR('',#1754,1.);
#1051=VECTOR('',#1759,1.);
#1052=VECTOR('',#1760,1.);
#1053=VECTOR('',#1761,1.);
#1054=VECTOR('',#1766,1.);
#1055=VECTOR('',#1767,1.);
#1056=VECTOR('',#1768,1.);
#1057=VECTOR('',#1771,1.);
#1058=VECTOR('',#1808,1.);
#1059=VECTOR('',#1809,1.);
#1060=VECTOR('',#1810,1.);
#1061=VECTOR('',#1813,1.);
#1062=VECTOR('',#1816,1.);
#1063=VECTOR('',#1817,1.);
#1064=VECTOR('',#1820,1.);
#1065=VECTOR('',#1823,1.);
#1066=VECTOR('',#1826,1.);
#1067=VECTOR('',#1829,1.);
#1068=VECTOR('',#1830,1.);
#1069=VECTOR('',#1897,1.);
#1070=VECTOR('',#1900,1.);
#1071=VECTOR('',#1905,1.);
#1072=VECTOR('',#1908,1.);
#1073=VECTOR('',#1917,1.);
#1074=VECTOR('',#1920,1.);
#1075=VECTOR('',#1925,1.);
#1076=VECTOR('',#1928,1.);
#1077=EDGE_LOOP('',(#167,#168,#169,#170));
#1078=EDGE_LOOP('',(#171,#172,#173));
#1079=EDGE_LOOP('',(#174,#175,#176,#177,#178,#179,#180,#181,#182,#183,#184,
#185,#186,#187));
#1080=EDGE_LOOP('',(#188,#189,#190,#191));
#1081=EDGE_LOOP('',(#192,#193,#194,#195));
#1082=EDGE_LOOP('',(#196,#197,#198,#199,#200,#201,#202,#203,#204,#205,#206,
#207,#208,#209));
#1083=EDGE_LOOP('',(#210,#211,#212,#213));
#1084=EDGE_LOOP('',(#214,#215,#216,#217));
#1085=EDGE_LOOP('',(#218,#219,#220));
#1086=EDGE_LOOP('',(#221));
#1087=EDGE_LOOP('',(#222,#223,#224,#225,#226,#227));
#1088=EDGE_LOOP('',(#228,#229,#230,#231));
#1089=EDGE_LOOP('',(#232,#233,#234,#235));
#1090=EDGE_LOOP('',(#236,#237,#238,#239));
#1091=EDGE_LOOP('',(#240,#241,#242,#243));
#1092=EDGE_LOOP('',(#244));
#1093=EDGE_LOOP('',(#245,#246,#247,#248,#249));
#1094=EDGE_LOOP('',(#250));
#1095=EDGE_LOOP('',(#251,#252,#253,#254,#255));
#1096=EDGE_LOOP('',(#256,#257,#258,#259));
#1097=EDGE_LOOP('',(#260,#261,#262,#263));
#1098=EDGE_LOOP('',(#264));
#1099=EDGE_LOOP('',(#265));
#1100=EDGE_LOOP('',(#266));
#1101=EDGE_LOOP('',(#267));
#1102=EDGE_LOOP('',(#268));
#1103=EDGE_LOOP('',(#269,#270,#271,#272));
#1104=EDGE_LOOP('',(#273,#274,#275,#276));
#1105=EDGE_LOOP('',(#277,#278,#279,#280));
#1106=EDGE_LOOP('',(#281,#282,#283,#284));
#1107=EDGE_LOOP('',(#285,#286,#287,#288));
#1108=EDGE_LOOP('',(#289,#290,#291,#292));
#1109=EDGE_LOOP('',(#293));
#1110=EDGE_LOOP('',(#294,#295,#296,#297,#298));
#1111=EDGE_LOOP('',(#299));
#1112=EDGE_LOOP('',(#300,#301,#302,#303,#304));
#1113=EDGE_LOOP('',(#305,#306,#307,#308));
#1114=EDGE_LOOP('',(#309,#310,#311,#312));
#1115=EDGE_LOOP('',(#313));
#1116=EDGE_LOOP('',(#314));
#1117=EDGE_LOOP('',(#315));
#1118=EDGE_LOOP('',(#316));
#1119=EDGE_LOOP('',(#317));
#1120=EDGE_LOOP('',(#318,#319,#320,#321));
#1121=EDGE_LOOP('',(#322,#323,#324,#325));
#1122=EDGE_LOOP('',(#326,#327,#328,#329));
#1123=EDGE_LOOP('',(#330,#331,#332,#333));
#1124=EDGE_LOOP('',(#334,#335,#336,#337,#338,#339));
#1125=EDGE_LOOP('',(#340,#341,#342,#343,#344,#345));
#1126=EDGE_LOOP('',(#346,#347,#348,#349));
#1127=EDGE_LOOP('',(#350,#351,#352,#353,#354));
#1128=EDGE_LOOP('',(#355,#356,#357,#358,#359));
#1129=EDGE_LOOP('',(#360,#361,#362,#363,#364));
#1130=EDGE_LOOP('',(#365,#366,#367,#368,#369));
#1131=EDGE_LOOP('',(#370,#371,#372,#373));
#1132=EDGE_LOOP('',(#374,#375,#376,#377));
#1133=EDGE_LOOP('',(#378,#379,#380,#381));
#1134=EDGE_LOOP('',(#382,#383,#384,#385));
#1135=EDGE_LOOP('',(#386));
#1136=EDGE_LOOP('',(#387));
#1137=EDGE_LOOP('',(#388));
#1138=EDGE_LOOP('',(#389));
#1139=EDGE_LOOP('',(#390,#391,#392,#393,#394,#395));
#1140=EDGE_LOOP('',(#396,#397,#398,#399,#400,#401));
#1141=EDGE_LOOP('',(#402,#403,#404,#405));
#1142=EDGE_LOOP('',(#406,#407,#408,#409));
#1143=EDGE_LOOP('',(#410,#411,#412,#413));
#1144=EDGE_LOOP('',(#414,#415,#416,#417));
#1145=EDGE_LOOP('',(#418,#419,#420,#421));
#1146=EDGE_LOOP('',(#422,#423,#424,#425));
#1147=EDGE_LOOP('',(#426,#427,#428,#429));
#1148=EDGE_LOOP('',(#430,#431,#432,#433));
#1149=EDGE_LOOP('',(#434,#435,#436,#437));
#1150=EDGE_LOOP('',(#438,#439,#440,#441));
#1151=EDGE_LOOP('',(#442,#443,#444,#445));
#1152=EDGE_LOOP('',(#446,#447,#448,#449));
#1153=EDGE_LOOP('',(#450,#451,#452,#453));
#1154=EDGE_LOOP('',(#454,#455,#456,#457));
#1155=EDGE_LOOP('',(#458,#459,#460,#461));
#1156=EDGE_LOOP('',(#462,#463,#464,#465));
#1157=EDGE_LOOP('',(#466,#467,#468,#469));
#1158=EDGE_LOOP('',(#470,#471,#472,#473));
#1159=EDGE_LOOP('',(#474,#475,#476,#477));
#1160=EDGE_LOOP('',(#478,#479,#480,#481));
#1161=EDGE_LOOP('',(#482,#483,#484,#485));
#1162=EDGE_LOOP('',(#486,#487,#488,#489));
#1163=EDGE_LOOP('',(#490,#491,#492,#493));
#1164=EDGE_LOOP('',(#494,#495,#496,#497));
#1165=EDGE_LOOP('',(#498,#499,#500,#501));
#1166=EDGE_LOOP('',(#502,#503,#504,#505));
#1167=EDGE_LOOP('',(#506,#507,#508,#509));
#1168=EDGE_LOOP('',(#510,#511,#512,#513));
#1169=EDGE_LOOP('',(#514,#515,#516,#517));
#1170=EDGE_LOOP('',(#518,#519,#520,#521));
#1171=EDGE_LOOP('',(#522,#523,#524,#525));
#1172=EDGE_LOOP('',(#526,#527,#528,#529));
#1173=EDGE_LOOP('',(#530,#531,#532,#533));
#1174=EDGE_LOOP('',(#534,#535,#536,#537));
#1175=EDGE_LOOP('',(#538));
#1176=EDGE_LOOP('',(#539));
#1177=EDGE_LOOP('',(#540));
#1178=EDGE_LOOP('',(#541));
#1179=EDGE_LOOP('',(#542));
#1180=EDGE_LOOP('',(#543));
#1181=EDGE_LOOP('',(#544));
#1182=EDGE_LOOP('',(#545));
#1183=EDGE_LOOP('',(#546));
#1184=EDGE_LOOP('',(#547));
#1185=EDGE_LOOP('',(#548));
#1186=EDGE_LOOP('',(#549,#550,#551,#552));
#1187=EDGE_LOOP('',(#553));
#1188=EDGE_LOOP('',(#554));
#1189=EDGE_LOOP('',(#555));
#1190=EDGE_LOOP('',(#556));
#1191=EDGE_LOOP('',(#557));
#1192=EDGE_LOOP('',(#558));
#1193=EDGE_LOOP('',(#559));
#1194=EDGE_LOOP('',(#560));
#1195=FACE_BOUND('',#1077,.T.);
#1196=FACE_BOUND('',#1078,.T.);
#1197=FACE_BOUND('',#1079,.T.);
#1198=FACE_BOUND('',#1080,.T.);
#1199=FACE_BOUND('',#1081,.T.);
#1200=FACE_BOUND('',#1082,.T.);
#1201=FACE_BOUND('',#1083,.T.);
#1202=FACE_BOUND('',#1084,.T.);
#1203=FACE_BOUND('',#1085,.T.);
#1204=FACE_BOUND('',#1086,.T.);
#1205=FACE_BOUND('',#1087,.T.);
#1206=FACE_BOUND('',#1088,.T.);
#1207=FACE_BOUND('',#1089,.T.);
#1208=FACE_BOUND('',#1090,.T.);
#1209=FACE_BOUND('',#1091,.T.);
#1210=FACE_BOUND('',#1092,.T.);
#1211=FACE_BOUND('',#1093,.T.);
#1212=FACE_BOUND('',#1094,.T.);
#1213=FACE_BOUND('',#1095,.T.);
#1214=FACE_BOUND('',#1096,.T.);
#1215=FACE_BOUND('',#1097,.T.);
#1216=FACE_BOUND('',#1098,.T.);
#1217=FACE_BOUND('',#1099,.T.);
#1218=FACE_BOUND('',#1100,.T.);
#1219=FACE_BOUND('',#1101,.T.);
#1220=FACE_BOUND('',#1102,.T.);
#1221=FACE_BOUND('',#1103,.T.);
#1222=FACE_BOUND('',#1104,.T.);
#1223=FACE_BOUND('',#1105,.T.);
#1224=FACE_BOUND('',#1106,.T.);
#1225=FACE_BOUND('',#1107,.T.);
#1226=FACE_BOUND('',#1108,.T.);
#1227=FACE_BOUND('',#1109,.T.);
#1228=FACE_BOUND('',#1110,.T.);
#1229=FACE_BOUND('',#1111,.T.);
#1230=FACE_BOUND('',#1112,.T.);
#1231=FACE_BOUND('',#1113,.T.);
#1232=FACE_BOUND('',#1114,.T.);
#1233=FACE_BOUND('',#1115,.T.);
#1234=FACE_BOUND('',#1116,.T.);
#1235=FACE_BOUND('',#1117,.T.);
#1236=FACE_BOUND('',#1118,.T.);
#1237=FACE_BOUND('',#1119,.T.);
#1238=FACE_BOUND('',#1120,.T.);
#1239=FACE_BOUND('',#1121,.T.);
#1240=FACE_BOUND('',#1122,.T.);
#1241=FACE_BOUND('',#1123,.T.);
#1242=FACE_BOUND('',#1124,.T.);
#1243=FACE_BOUND('',#1125,.T.);
#1244=FACE_BOUND('',#1126,.T.);
#1245=FACE_BOUND('',#1127,.T.);
#1246=FACE_BOUND('',#1128,.T.);
#1247=FACE_BOUND('',#1129,.T.);
#1248=FACE_BOUND('',#1130,.T.);
#1249=FACE_BOUND('',#1131,.T.);
#1250=FACE_BOUND('',#1132,.T.);
#1251=FACE_BOUND('',#1133,.T.);
#1252=FACE_BOUND('',#1134,.T.);
#1253=FACE_BOUND('',#1135,.T.);
#1254=FACE_BOUND('',#1136,.T.);
#1255=FACE_BOUND('',#1137,.T.);
#1256=FACE_BOUND('',#1138,.T.);
#1257=FACE_BOUND('',#1139,.T.);
#1258=FACE_BOUND('',#1140,.T.);
#1259=FACE_BOUND('',#1141,.T.);
#1260=FACE_BOUND('',#1142,.T.);
#1261=FACE_BOUND('',#1143,.T.);
#1262=FACE_BOUND('',#1144,.T.);
#1263=FACE_BOUND('',#1145,.T.);
#1264=FACE_BOUND('',#1146,.T.);
#1265=FACE_BOUND('',#1147,.T.);
#1266=FACE_BOUND('',#1148,.T.);
#1267=FACE_BOUND('',#1149,.T.);
#1268=FACE_BOUND('',#1150,.T.);
#1269=FACE_BOUND('',#1151,.T.);
#1270=FACE_BOUND('',#1152,.T.);
#1271=FACE_BOUND('',#1153,.T.);
#1272=FACE_BOUND('',#1154,.T.);
#1273=FACE_BOUND('',#1155,.T.);
#1274=FACE_BOUND('',#1156,.T.);
#1275=FACE_BOUND('',#1157,.T.);
#1276=FACE_BOUND('',#1158,.T.);
#1277=FACE_BOUND('',#1159,.T.);
#1278=FACE_BOUND('',#1160,.T.);
#1279=FACE_BOUND('',#1161,.T.);
#1280=FACE_BOUND('',#1162,.T.);
#1281=FACE_BOUND('',#1163,.T.);
#1282=FACE_BOUND('',#1164,.T.);
#1283=FACE_BOUND('',#1165,.T.);
#1284=FACE_BOUND('',#1166,.T.);
#1285=FACE_BOUND('',#1167,.T.);
#1286=FACE_BOUND('',#1168,.T.);
#1287=FACE_BOUND('',#1169,.T.);
#1288=FACE_BOUND('',#1170,.T.);
#1289=FACE_BOUND('',#1171,.T.);
#1290=FACE_BOUND('',#1172,.T.);
#1291=FACE_BOUND('',#1173,.T.);
#1292=FACE_BOUND('',#1174,.T.);
#1293=FACE_BOUND('',#1175,.T.);
#1294=FACE_BOUND('',#1176,.T.);
#1295=FACE_BOUND('',#1177,.T.);
#1296=FACE_BOUND('',#1178,.T.);
#1297=FACE_BOUND('',#1179,.T.);
#1298=FACE_BOUND('',#1180,.T.);
#1299=FACE_BOUND('',#1181,.T.);
#1300=FACE_BOUND('',#1182,.T.);
#1301=FACE_BOUND('',#1183,.T.);
#1302=FACE_BOUND('',#1184,.T.);
#1303=FACE_BOUND('',#1185,.T.);
#1304=FACE_BOUND('',#1186,.T.);
#1305=FACE_BOUND('',#1187,.T.);
#1306=FACE_BOUND('',#1188,.T.);
#1307=FACE_BOUND('',#1189,.T.);
#1308=FACE_BOUND('',#1190,.T.);
#1309=FACE_BOUND('',#1191,.T.);
#1310=FACE_BOUND('',#1192,.T.);
#1311=FACE_BOUND('',#1193,.T.);
#1312=FACE_BOUND('',#1194,.T.);
#1313=PLANE('',#1464);
#1314=PLANE('',#1466);
#1315=PLANE('',#1467);
#1316=PLANE('',#1470);
#1317=PLANE('',#1473);
#1318=PLANE('',#1474);
#1319=PLANE('',#1475);
#1320=PLANE('',#1476);
#1321=PLANE('',#1478);
#1322=PLANE('',#1479);
#1323=PLANE('',#1480);
#1324=PLANE('',#1481);
#1325=PLANE('',#1482);
#1326=PLANE('',#1484);
#1327=PLANE('',#1486);
#1328=PLANE('',#1487);
#1329=PLANE('',#1491);
#1330=PLANE('',#1504);
#1331=PLANE('',#1505);
#1332=PLANE('',#1506);
#1333=PLANE('',#1508);
#1334=PLANE('',#1510);
#1335=PLANE('',#1511);
#1336=PLANE('',#1514);
#1337=PLANE('',#1527);
#1338=PLANE('',#1530);
#1339=PLANE('',#1533);
#1340=PLANE('',#1565);
#1341=PLANE('',#1566);
#1342=PLANE('',#1567);
#1343=PLANE('',#1569);
#1344=PLANE('',#1570);
#1345=PLANE('',#1572);
#1346=PLANE('',#1573);
#1347=PLANE('',#1574);
#1348=PLANE('',#1575);
#1349=PLANE('',#1577);
#1350=PLANE('',#1578);
#1351=PLANE('',#1580);
#1352=PLANE('',#1588);
#1353=PLANE('',#1590);
#1354=ADVANCED_FACE('',(#1195),#1313,.T.);
#1355=ADVANCED_FACE('',(#1196),#1314,.T.);
#1356=ADVANCED_FACE('',(#1197,#1198,#1199),#1315,.F.);
#1357=ADVANCED_FACE('',(#1200),#1316,.T.);
#1358=ADVANCED_FACE('',(#1201),#1317,.F.);
#1359=ADVANCED_FACE('',(#1202),#1318,.T.);
#1360=ADVANCED_FACE('',(#1203),#1319,.T.);
#1361=ADVANCED_FACE('',(#1204,#1205),#1320,.F.);
#1362=ADVANCED_FACE('',(#1206),#1321,.F.);
#1363=ADVANCED_FACE('',(#1207),#1322,.T.);
#1364=ADVANCED_FACE('',(#1208),#1323,.F.);
#1365=ADVANCED_FACE('',(#1209),#1324,.F.);
#1366=ADVANCED_FACE('',(#1210,#1211),#1325,.T.);
#1367=ADVANCED_FACE('',(#1212,#1213),#1326,.F.);
#1368=ADVANCED_FACE('',(#1214),#1327,.F.);
#1369=ADVANCED_FACE('',(#1215),#1328,.F.);
#1370=ADVANCED_FACE('',(#1216,#1217),#63,.F.);
#1371=ADVANCED_FACE('',(#1218),#1329,.T.);
#1372=ADVANCED_FACE('',(#1219,#1220),#64,.F.);
#1373=ADVANCED_FACE('',(#1221),#65,.T.);
#1374=ADVANCED_FACE('',(#1222),#66,.T.);
#1375=ADVANCED_FACE('',(#1223),#67,.T.);
#1376=ADVANCED_FACE('',(#1224),#68,.T.);
#1377=ADVANCED_FACE('',(#1225),#1330,.T.);
#1378=ADVANCED_FACE('',(#1226),#1331,.T.);
#1379=ADVANCED_FACE('',(#1227,#1228),#1332,.T.);
#1380=ADVANCED_FACE('',(#1229,#1230),#1333,.F.);
#1381=ADVANCED_FACE('',(#1231),#1334,.T.);
#1382=ADVANCED_FACE('',(#1232),#1335,.T.);
#1383=ADVANCED_FACE('',(#1233,#1234),#69,.F.);
#1384=ADVANCED_FACE('',(#1235),#1336,.T.);
#1385=ADVANCED_FACE('',(#1236,#1237),#70,.F.);
#1386=ADVANCED_FACE('',(#1238),#71,.T.);
#1387=ADVANCED_FACE('',(#1239),#72,.T.);
#1388=ADVANCED_FACE('',(#1240),#73,.T.);
#1389=ADVANCED_FACE('',(#1241),#74,.T.);
#1390=ADVANCED_FACE('',(#1242),#1337,.F.);
#1391=ADVANCED_FACE('',(#1243),#1338,.T.);
#1392=ADVANCED_FACE('',(#1244),#1339,.T.);
#1393=ADVANCED_FACE('',(#1245),#75,.T.);
#1394=ADVANCED_FACE('',(#1246),#76,.T.);
#1395=ADVANCED_FACE('',(#1247),#77,.T.);
#1396=ADVANCED_FACE('',(#1248),#78,.T.);
#1397=ADVANCED_FACE('',(#1249),#79,.T.);
#1398=ADVANCED_FACE('',(#1250),#80,.T.);
#1399=ADVANCED_FACE('',(#1251),#81,.T.);
#1400=ADVANCED_FACE('',(#1252),#82,.T.);
#1401=ADVANCED_FACE('',(#1253,#1254),#31,.F.);
#1402=ADVANCED_FACE('',(#1255,#1256),#32,.F.);
#1403=ADVANCED_FACE('',(#1257),#83,.T.);
#1404=ADVANCED_FACE('',(#1258),#84,.T.);
#1405=ADVANCED_FACE('',(#1259),#27,.F.);
#1406=ADVANCED_FACE('',(#1260),#85,.F.);
#1407=ADVANCED_FACE('',(#1261),#28,.F.);
#1408=ADVANCED_FACE('',(#1262),#29,.F.);
#1409=ADVANCED_FACE('',(#1263),#86,.F.);
#1410=ADVANCED_FACE('',(#1264),#30,.F.);
#1411=ADVANCED_FACE('',(#1265),#1340,.F.);
#1412=ADVANCED_FACE('',(#1266),#15,.T.);
#1413=ADVANCED_FACE('',(#1267),#16,.T.);
#1414=ADVANCED_FACE('',(#1268),#17,.T.);
#1415=ADVANCED_FACE('',(#1269),#1341,.F.);
#1416=ADVANCED_FACE('',(#1270),#1342,.F.);
#1417=ADVANCED_FACE('',(#1271),#18,.T.);
#1418=ADVANCED_FACE('',(#1272),#33,.T.);
#1419=ADVANCED_FACE('',(#1273),#1343,.T.);
#1420=ADVANCED_FACE('',(#1274),#1344,.T.);
#1421=ADVANCED_FACE('',(#1275),#19,.T.);
#1422=ADVANCED_FACE('',(#1276),#34,.T.);
#1423=ADVANCED_FACE('',(#1277),#20,.T.);
#1424=ADVANCED_FACE('',(#1278),#1345,.T.);
#1425=ADVANCED_FACE('',(#1279),#1346,.F.);
#1426=ADVANCED_FACE('',(#1280),#21,.T.);
#1427=ADVANCED_FACE('',(#1281),#22,.T.);
#1428=ADVANCED_FACE('',(#1282),#23,.T.);
#1429=ADVANCED_FACE('',(#1283),#1347,.T.);
#1430=ADVANCED_FACE('',(#1284),#1348,.T.);
#1431=ADVANCED_FACE('',(#1285),#24,.T.);
#1432=ADVANCED_FACE('',(#1286),#35,.T.);
#1433=ADVANCED_FACE('',(#1287),#1349,.T.);
#1434=ADVANCED_FACE('',(#1288),#1350,.F.);
#1435=ADVANCED_FACE('',(#1289),#25,.T.);
#1436=ADVANCED_FACE('',(#1290),#36,.T.);
#1437=ADVANCED_FACE('',(#1291),#26,.T.);
#1438=ADVANCED_FACE('',(#1292),#1351,.F.);
#1439=ADVANCED_FACE('',(#1293,#1294),#37,.F.);
#1440=ADVANCED_FACE('',(#1295,#1296),#38,.F.);
#1441=ADVANCED_FACE('',(#1297,#1298),#39,.F.);
#1442=ADVANCED_FACE('',(#1299,#1300),#40,.F.);
#1443=ADVANCED_FACE('',(#1301,#1302),#41,.F.);
#1444=ADVANCED_FACE('',(#1303,#1304),#42,.F.);
#1445=ADVANCED_FACE('',(#1305),#1352,.F.);
#1446=ADVANCED_FACE('',(#1306),#1353,.F.);
#1447=ADVANCED_FACE('',(#1307,#1308),#87,.F.);
#1448=ADVANCED_FACE('',(#1309,#1310),#13,.F.);
#1449=ADVANCED_FACE('',(#1311,#1312),#14,.F.);
#1450=CLOSED_SHELL('',(#1354,#1355,#1356,#1357,#1358,#1359,#1360,#1361,
#1362,#1363,#1364,#1365,#1366,#1367,#1368,#1369,#1370,#1371,#1372,#1373,
#1374,#1375,#1376,#1377,#1378,#1379,#1380,#1381,#1382,#1383,#1384,#1385,
#1386,#1387,#1388,#1389,#1390,#1391,#1392,#1393,#1394,#1395,#1396,#1397,
#1398,#1399,#1400,#1401,#1402,#1403,#1404,#1405,#1406,#1407,#1408,#1409,
#1410,#1411,#1412,#1413,#1414,#1415,#1416,#1417,#1418,#1419,#1420,#1421,
#1422,#1423,#1424,#1425,#1426,#1427,#1428,#1429,#1430,#1431,#1432,#1433,
#1434,#1435,#1436,#1437,#1438,#1439,#1440,#1441,#1442,#1443,#1444));
#1451=CLOSED_SHELL('',(#1445,#1446,#1447,#1448,#1449));
#1452=STYLED_ITEM('',(#1453),#1460);
#1453=PRESENTATION_STYLE_ASSIGNMENT((#1454));
#1454=SURFACE_STYLE_USAGE(.BOTH.,#1455);
#1455=SURFACE_SIDE_STYLE('',(#1456));
#1456=SURFACE_STYLE_FILL_AREA(#1457);
#1457=FILL_AREA_STYLE('',(#1458));
#1458=FILL_AREA_STYLE_COLOUR('',#1459);
#1459=COLOUR_RGB('',0.615686274509804,0.811764705882353,0.929411764705882);
#1460=BREP_WITH_VOIDS('Post-L50-A-M6',#1450,(#12));
#1461=SHAPE_DEFINITION_REPRESENTATION(#2720,#1462);
#1462=SHAPE_REPRESENTATION('Post-L50-A-M6',(#1463),#2715);
#1463=AXIS2_PLACEMENT_3D('',#1963,#1597,#1598);
#1464=AXIS2_PLACEMENT_3D('',#1964,#1599,#1600);
#1465=AXIS2_PLACEMENT_3D('',#1968,#1602,#1603);
#1466=AXIS2_PLACEMENT_3D('',#1973,#1606,#1607);
#1467=AXIS2_PLACEMENT_3D('',#1980,#1611,#1612);
#1468=AXIS2_PLACEMENT_3D('',#1989,#1614,#1615);
#1469=AXIS2_PLACEMENT_3D('',#1993,#1617,#1618);
#1470=AXIS2_PLACEMENT_3D('',#2045,#1631,#1632);
#1471=AXIS2_PLACEMENT_3D('',#2046,#1633,#1634);
#1472=AXIS2_PLACEMENT_3D('',#2091,#1640,#1641);
#1473=AXIS2_PLACEMENT_3D('',#2094,#1643,#1644);
#1474=AXIS2_PLACEMENT_3D('',#2103,#1649,#1650);
#1475=AXIS2_PLACEMENT_3D('',#2112,#1655,#1656);
#1476=AXIS2_PLACEMENT_3D('',#2119,#1660,#1661);
#1477=AXIS2_PLACEMENT_3D('',#2120,#1662,#1663);
#1478=AXIS2_PLACEMENT_3D('',#2134,#1670,#1671);
#1479=AXIS2_PLACEMENT_3D('',#2140,#1675,#1676);
#1480=AXIS2_PLACEMENT_3D('',#2146,#1680,#1681);
#1481=AXIS2_PLACEMENT_3D('',#2155,#1686,#1687);
#1482=AXIS2_PLACEMENT_3D('',#2164,#1692,#1693);
#1483=AXIS2_PLACEMENT_3D('',#2165,#1694,#1695);
#1484=AXIS2_PLACEMENT_3D('',#2171,#1699,#1700);
#1485=AXIS2_PLACEMENT_3D('',#2172,#1701,#1702);
#1486=AXIS2_PLACEMENT_3D('',#2178,#1706,#1707);
#1487=AXIS2_PLACEMENT_3D('',#2180,#1709,#1710);
#1488=AXIS2_PLACEMENT_3D('',#2181,#1711,#1712);
#1489=AXIS2_PLACEMENT_3D('',#2182,#1713,#1714);
#1490=AXIS2_PLACEMENT_3D('',#2184,#1715,#1716);
#1491=AXIS2_PLACEMENT_3D('',#2186,#1717,#1718);
#1492=AXIS2_PLACEMENT_3D('',#2187,#1719,#1720);
#1493=AXIS2_PLACEMENT_3D('',#2189,#1721,#1722);
#1494=AXIS2_PLACEMENT_3D('',#2190,#1723,#1724);
#1495=AXIS2_PLACEMENT_3D('',#2192,#1725,#1726);
#1496=AXIS2_PLACEMENT_3D('',#2194,#1727,#1728);
#1497=AXIS2_PLACEMENT_3D('',#2195,#1729,#1730);
#1498=AXIS2_PLACEMENT_3D('',#2196,#1731,#1732);
#1499=AXIS2_PLACEMENT_3D('',#2197,#1733,#1734);
#1500=AXIS2_PLACEMENT_3D('',#2198,#1735,#1736);
#1501=AXIS2_PLACEMENT_3D('',#2199,#1737,#1738);
#1502=AXIS2_PLACEMENT_3D('',#2200,#1739,#1740);
#1503=AXIS2_PLACEMENT_3D('',#2201,#1741,#1742);
#1504=AXIS2_PLACEMENT_3D('',#2202,#1743,#1744);
#1505=AXIS2_PLACEMENT_3D('',#2211,#1749,#1750);
#1506=AXIS2_PLACEMENT_3D('',#2220,#1755,#1756);
#1507=AXIS2_PLACEMENT_3D('',#2221,#1757,#1758);
#1508=AXIS2_PLACEMENT_3D('',#2227,#1762,#1763);
#1509=AXIS2_PLACEMENT_3D('',#2228,#1764,#1765);
#1510=AXIS2_PLACEMENT_3D('',#2234,#1769,#1770);
#1511=AXIS2_PLACEMENT_3D('',#2236,#1772,#1773);
#1512=AXIS2_PLACEMENT_3D('',#2237,#1774,#1775);
#1513=AXIS2_PLACEMENT_3D('',#2238,#1776,#1777);
#1514=AXIS2_PLACEMENT_3D('',#2240,#1778,#1779);
#1515=AXIS2_PLACEMENT_3D('',#2241,#1780,#1781);
#1516=AXIS2_PLACEMENT_3D('',#2243,#1782,#1783);
#1517=AXIS2_PLACEMENT_3D('',#2244,#1784,#1785);
#1518=AXIS2_PLACEMENT_3D('',#2246,#1786,#1787);
#1519=AXIS2_PLACEMENT_3D('',#2248,#1788,#1789);
#1520=AXIS2_PLACEMENT_3D('',#2249,#1790,#1791);
#1521=AXIS2_PLACEMENT_3D('',#2250,#1792,#1793);
#1522=AXIS2_PLACEMENT_3D('',#2251,#1794,#1795);
#1523=AXIS2_PLACEMENT_3D('',#2252,#1796,#1797);
#1524=AXIS2_PLACEMENT_3D('',#2253,#1798,#1799);
#1525=AXIS2_PLACEMENT_3D('',#2254,#1800,#1801);
#1526=AXIS2_PLACEMENT_3D('',#2255,#1802,#1803);
#1527=AXIS2_PLACEMENT_3D('',#2256,#1804,#1805);
#1528=AXIS2_PLACEMENT_3D('',#2257,#1806,#1807);
#1529=AXIS2_PLACEMENT_3D('',#2266,#1811,#1812);
#1530=AXIS2_PLACEMENT_3D('',#2269,#1814,#1815);
#1531=AXIS2_PLACEMENT_3D('',#2275,#1818,#1819);
#1532=AXIS2_PLACEMENT_3D('',#2279,#1821,#1822);
#1533=AXIS2_PLACEMENT_3D('',#2282,#1824,#1825);
#1534=AXIS2_PLACEMENT_3D('',#2286,#1827,#1828);
#1535=AXIS2_PLACEMENT_3D('',#2291,#1831,#1832);
#1536=AXIS2_PLACEMENT_3D('',#2292,#1833,#1834);
#1537=AXIS2_PLACEMENT_3D('',#2305,#1835,#1836);
#1538=AXIS2_PLACEMENT_3D('',#2306,#1837,#1838);
#1539=AXIS2_PLACEMENT_3D('',#2313,#1839,#1840);
#1540=AXIS2_PLACEMENT_3D('',#2314,#1841,#1842);
#1541=AXIS2_PLACEMENT_3D('',#2327,#1843,#1844);
#1542=AXIS2_PLACEMENT_3D('',#2328,#1845,#1846);
#1543=AXIS2_PLACEMENT_3D('',#2329,#1847,#1848);
#1544=AXIS2_PLACEMENT_3D('',#2330,#1849,#1850);
#1545=AXIS2_PLACEMENT_3D('',#2337,#1851,#1852);
#1546=AXIS2_PLACEMENT_3D('',#2350,#1853,#1854);
#1547=AXIS2_PLACEMENT_3D('',#2351,#1855,#1856);
#1548=AXIS2_PLACEMENT_3D('',#2363,#1857,#1858);
#1549=AXIS2_PLACEMENT_3D('',#2376,#1859,#1860);
#1550=AXIS2_PLACEMENT_3D('',#2377,#1861,#1862);
#1551=AXIS2_PLACEMENT_3D('',#2389,#1863,#1864);
#1552=AXIS2_PLACEMENT_3D('',#2390,#1865,#1866);
#1553=AXIS2_PLACEMENT_3D('',#2391,#1867,#1868);
#1554=AXIS2_PLACEMENT_3D('',#2397,#1869,#1870);
#1555=AXIS2_PLACEMENT_3D('',#2398,#1871,#1872);
#1556=AXIS2_PLACEMENT_3D('',#2399,#1873,#1874);
#1557=AXIS2_PLACEMENT_3D('',#2405,#1875,#1876);
#1558=AXIS2_PLACEMENT_3D('',#2406,#1877,#1878);
#1559=AXIS2_PLACEMENT_3D('',#2423,#1879,#1880);
#1560=AXIS2_PLACEMENT_3D('',#2424,#1881,#1882);
#1561=AXIS2_PLACEMENT_3D('',#2425,#1883,#1884);
#1562=AXIS2_PLACEMENT_3D('',#2458,#1885,#1886);
#1563=AXIS2_PLACEMENT_3D('',#2459,#1887,#1888);
#1564=AXIS2_PLACEMENT_3D('',#2460,#1889,#1890);
#1565=AXIS2_PLACEMENT_3D('',#2477,#1891,#1892);
#1566=AXIS2_PLACEMENT_3D('',#2526,#1893,#1894);
#1567=AXIS2_PLACEMENT_3D('',#2531,#1895,#1896);
#1568=AXIS2_PLACEMENT_3D('',#2549,#1898,#1899);
#1569=AXIS2_PLACEMENT_3D('',#2551,#1901,#1902);
#1570=AXIS2_PLACEMENT_3D('',#2556,#1903,#1904);
#1571=AXIS2_PLACEMENT_3D('',#2570,#1906,#1907);
#1572=AXIS2_PLACEMENT_3D('',#2584,#1909,#1910);
#1573=AXIS2_PLACEMENT_3D('',#2585,#1911,#1912);
#1574=AXIS2_PLACEMENT_3D('',#2634,#1913,#1914);
#1575=AXIS2_PLACEMENT_3D('',#2639,#1915,#1916);
#1576=AXIS2_PLACEMENT_3D('',#2657,#1918,#1919);
#1577=AXIS2_PLACEMENT_3D('',#2659,#1921,#1922);
#1578=AXIS2_PLACEMENT_3D('',#2664,#1923,#1924);
#1579=AXIS2_PLACEMENT_3D('',#2678,#1926,#1927);
#1580=AXIS2_PLACEMENT_3D('',#2692,#1929,#1930);
#1581=AXIS2_PLACEMENT_3D('',#2693,#1931,#1932);
#1582=AXIS2_PLACEMENT_3D('',#2694,#1933,#1934);
#1583=AXIS2_PLACEMENT_3D('',#2695,#1935,#1936);
#1584=AXIS2_PLACEMENT_3D('',#2696,#1937,#1938);
#1585=AXIS2_PLACEMENT_3D('',#2697,#1939,#1940);
#1586=AXIS2_PLACEMENT_3D('',#2699,#1941,#1942);
#1587=AXIS2_PLACEMENT_3D('',#2700,#1943,#1944);
#1588=AXIS2_PLACEMENT_3D('',#2701,#1945,#1946);
#1589=AXIS2_PLACEMENT_3D('',#2702,#1947,#1948);
#1590=AXIS2_PLACEMENT_3D('',#2704,#1949,#1950);
#1591=AXIS2_PLACEMENT_3D('',#2705,#1951,#1952);
#1592=AXIS2_PLACEMENT_3D('',#2707,#1953,#1954);
#1593=AXIS2_PLACEMENT_3D('',#2708,#1955,#1956);
#1594=AXIS2_PLACEMENT_3D('',#2710,#1957,#1958);
#1595=AXIS2_PLACEMENT_3D('',#2712,#1959,#1960);
#1596=AXIS2_PLACEMENT_3D('',#2713,#1961,#1962);
#1597=DIRECTION('',(0.,0.,1.));
#1598=DIRECTION('',(1.,0.,0.));
#1599=DIRECTION('',(0.,0.,1.));
#1600=DIRECTION('',(1.,0.,0.));
#1601=DIRECTION('',(1.0842021724855E-16,-1.,0.));
#1602=DIRECTION('',(0.,0.,1.));
#1603=DIRECTION('',(1.,0.,0.));
#1604=DIRECTION('',(1.0842021724855E-16,-1.,0.));
#1605=DIRECTION('',(1.,0.,0.));
#1606=DIRECTION('',(0.,0.,1.));
#1607=DIRECTION('',(1.,0.,0.));
#1608=DIRECTION('',(0.608761429008721,-0.793353340291235,0.));
#1609=DIRECTION('',(1.0842021724855E-16,-1.,0.));
#1610=DIRECTION('',(-0.258819045102521,-0.965925826289068,0.));
#1611=DIRECTION('',(0.,1.,0.));
#1612=DIRECTION('',(0.,0.,1.));
#1613=DIRECTION('',(0.,0.,1.));
#1614=DIRECTION('',(0.,1.,0.));
#1615=DIRECTION('',(0.,0.,1.));
#1616=DIRECTION('',(-1.,0.,0.));
#1617=DIRECTION('',(0.,1.,0.));
#1618=DIRECTION('',(0.,0.,1.));
#1619=DIRECTION('',(0.,0.,-1.));
#1620=DIRECTION('',(0.,0.,-1.));
#1621=DIRECTION('',(1.,0.,0.));
#1622=DIRECTION('',(0.,0.,1.));
#1623=DIRECTION('',(0.,0.,-1.));
#1624=DIRECTION('',(-1.,0.,0.));
#1625=DIRECTION('',(0.,0.,1.));
#1626=DIRECTION('',(-1.,0.,0.));
#1627=DIRECTION('',(0.,0.,-1.));
#1628=DIRECTION('',(1.,0.,0.));
#1629=DIRECTION('',(0.,0.,1.));
#1630=DIRECTION('',(1.,0.,0.));
#1631=DIRECTION('',(0.,1.,0.));
#1632=DIRECTION('',(0.,0.,1.));
#1633=DIRECTION('',(0.,1.,0.));
#1634=DIRECTION('',(0.,0.,1.));
#1635=DIRECTION('',(0.,0.,-1.));
#1636=DIRECTION('',(0.,0.,-1.));
#1637=DIRECTION('',(-1.,0.,0.));
#1638=DIRECTION('',(0.,0.,1.));
#1639=DIRECTION('',(0.,0.,1.));
#1640=DIRECTION('',(0.,1.,0.));
#1641=DIRECTION('',(0.,0.,1.));
#1642=DIRECTION('',(1.,0.,0.));
#1643=DIRECTION('',(0.965925826289068,0.258819045102521,0.));
#1644=DIRECTION('',(-0.258819045102521,0.965925826289068,0.));
#1645=DIRECTION('',(0.258819045102521,-0.965925826289068,0.));
#1646=DIRECTION('',(0.,0.,1.));
#1647=DIRECTION('',(0.258819045102521,-0.965925826289068,0.));
#1648=DIRECTION('',(0.,0.,-1.));
#1649=DIRECTION('',(0.965925826289068,-0.258819045102521,0.));
#1650=DIRECTION('',(0.258819045102521,0.965925826289068,0.));
#1651=DIRECTION('',(-0.258819045102521,-0.965925826289068,0.));
#1652=DIRECTION('',(0.,0.,-1.));
#1653=DIRECTION('',(-0.258819045102521,-0.965925826289068,0.));
#1654=DIRECTION('',(0.,0.,1.));
#1655=DIRECTION('',(0.,0.,1.));
#1656=DIRECTION('',(1.,0.,0.));
#1657=DIRECTION('',(0.258819045102521,-0.965925826289068,0.));
#1658=DIRECTION('',(1.0842021724855E-16,-1.,0.));
#1659=DIRECTION('',(-0.608761429008721,-0.793353340291235,0.));
#1660=DIRECTION('',(0.,0.,1.));
#1661=DIRECTION('',(1.,0.,0.));
#1662=DIRECTION('',(0.,0.,1.));
#1663=DIRECTION('',(1.,0.,0.));
#1664=DIRECTION('',(-0.258819045102521,-0.965925826289068,0.));
#1665=DIRECTION('',(-1.,0.,0.));
#1666=DIRECTION('',(0.258819045102521,-0.965925826289068,0.));
#1667=DIRECTION('',(0.608761429008721,0.793353340291235,0.));
#1668=DIRECTION('',(1.,0.,0.));
#1669=DIRECTION('',(-0.608761429008721,0.793353340291235,0.));
#1670=DIRECTION('',(-0.793353340291235,-0.608761429008721,0.));
#1671=DIRECTION('',(0.,0.,-1.));
#1672=DIRECTION('',(0.608761429008721,-0.793353340291235,0.));
#1673=DIRECTION('',(0.,0.,-1.));
#1674=DIRECTION('',(-0.608761429008721,0.793353340291235,0.));
#1675=DIRECTION('',(-0.793353340291235,0.608761429008721,0.));
#1676=DIRECTION('',(0.,0.,1.));
#1677=DIRECTION('',(-0.608761429008721,-0.793353340291235,0.));
#1678=DIRECTION('',(0.,0.,-1.));
#1679=DIRECTION('',(0.608761429008721,0.793353340291235,0.));
#1680=DIRECTION('',(1.,0.,0.));
#1681=DIRECTION('',(0.,0.,-1.));
#1682=DIRECTION('',(0.,1.,0.));
#1683=DIRECTION('',(0.,0.,-1.));
#1684=DIRECTION('',(0.,1.,0.));
#1685=DIRECTION('',(0.,0.,1.));
#1686=DIRECTION('',(-1.,0.,0.));
#1687=DIRECTION('',(0.,0.,1.));
#1688=DIRECTION('',(0.,-1.,0.));
#1689=DIRECTION('',(0.,0.,1.));
#1690=DIRECTION('',(0.,-1.,0.));
#1691=DIRECTION('',(0.,0.,1.));
#1692=DIRECTION('',(0.,0.,1.));
#1693=DIRECTION('',(1.,0.,0.));
#1694=DIRECTION('',(0.,0.,1.));
#1695=DIRECTION('',(1.,0.,0.));
#1696=DIRECTION('',(1.,0.,0.));
#1697=DIRECTION('',(-0.866025403784439,0.5,0.));
#1698=DIRECTION('',(-0.866025403784439,-0.5,0.));
#1699=DIRECTION('',(0.,0.,1.));
#1700=DIRECTION('',(1.,0.,0.));
#1701=DIRECTION('',(0.,0.,1.));
#1702=DIRECTION('',(1.,0.,0.));
#1703=DIRECTION('',(1.,0.,0.));
#1704=DIRECTION('',(-0.866025403784439,-0.5,0.));
#1705=DIRECTION('',(-0.866025403784439,0.5,0.));
#1706=DIRECTION('',(0.5,0.866025403784439,0.));
#1707=DIRECTION('',(-0.866025403784439,0.5,0.));
#1708=DIRECTION('',(0.,0.,1.));
#1709=DIRECTION('',(-0.5,0.866025403784439,0.));
#1710=DIRECTION('',(-0.866025403784439,-0.5,0.));
#1711=DIRECTION('',(0.,0.,-1.));
#1712=DIRECTION('',(-1.,0.,0.));
#1713=DIRECTION('',(0.,0.,-1.));
#1714=DIRECTION('',(-1.,0.,0.));
#1715=DIRECTION('',(0.,0.,1.));
#1716=DIRECTION('',(1.,0.,0.));
#1717=DIRECTION('',(0.,0.,1.));
#1718=DIRECTION('',(1.,0.,0.));
#1719=DIRECTION('',(0.,0.,1.));
#1720=DIRECTION('',(1.,0.,0.));
#1721=DIRECTION('',(0.,0.,-1.));
#1722=DIRECTION('',(-1.,0.,0.));
#1723=DIRECTION('',(0.,0.,1.));
#1724=DIRECTION('',(1.,0.,0.));
#1725=DIRECTION('',(0.,0.,1.));
#1726=DIRECTION('',(1.,0.,0.));
#1727=DIRECTION('',(0.,0.,1.));
#1728=DIRECTION('',(1.,0.,0.));
#1729=DIRECTION('',(-0.707106781186548,0.,0.707106781186548));
#1730=DIRECTION('',(0.707106781186548,0.,0.707106781186548));
#1731=DIRECTION('',(0.707106781186548,0.,0.707106781186548));
#1732=DIRECTION('',(-0.707106781186548,0.,0.707106781186548));
#1733=DIRECTION('',(1.,0.,0.));
#1734=DIRECTION('',(0.,0.,-1.));
#1735=DIRECTION('',(0.707106781186548,0.,-0.707106781186548));
#1736=DIRECTION('',(-0.707106781186548,0.,-0.707106781186548));
#1737=DIRECTION('',(-1.,0.,0.));
#1738=DIRECTION('',(0.,0.,1.));
#1739=DIRECTION('',(-0.707106781186548,0.,-0.707106781186548));
#1740=DIRECTION('',(0.707106781186548,0.,-0.707106781186548));
#1741=DIRECTION('',(0.,0.,-1.));
#1742=DIRECTION('',(-1.,0.,0.));
#1743=DIRECTION('',(1.,0.,0.));
#1744=DIRECTION('',(0.,0.,-1.));
#1745=DIRECTION('',(0.,-1.,0.));
#1746=DIRECTION('',(0.,0.,-1.));
#1747=DIRECTION('',(0.,-1.,0.));
#1748=DIRECTION('',(0.,0.,-1.));
#1749=DIRECTION('',(-1.,0.,0.));
#1750=DIRECTION('',(0.,0.,1.));
#1751=DIRECTION('',(0.,1.,0.));
#1752=DIRECTION('',(0.,0.,1.));
#1753=DIRECTION('',(0.,1.,0.));
#1754=DIRECTION('',(0.,0.,-1.));
#1755=DIRECTION('',(0.,0.,-1.));
#1756=DIRECTION('',(1.,0.,0.));
#1757=DIRECTION('',(0.,0.,-1.));
#1758=DIRECTION('',(-1.,0.,0.));
#1759=DIRECTION('',(-1.,0.,0.));
#1760=DIRECTION('',(-0.866025403784439,-0.5,0.));
#1761=DIRECTION('',(-0.866025403784439,0.5,0.));
#1762=DIRECTION('',(0.,0.,-1.));
#1763=DIRECTION('',(1.,0.,0.));
#1764=DIRECTION('',(0.,0.,-1.));
#1765=DIRECTION('',(-1.,0.,0.));
#1766=DIRECTION('',(-1.,0.,0.));
#1767=DIRECTION('',(-0.866025403784439,0.5,0.));
#1768=DIRECTION('',(-0.866025403784439,-0.5,0.));
#1769=DIRECTION('',(0.5,-0.866025403784439,0.));
#1770=DIRECTION('',(0.866025403784439,0.5,0.));
#1771=DIRECTION('',(0.,0.,-1.));
#1772=DIRECTION('',(-0.5,-0.866025403784439,0.));
#1773=DIRECTION('',(0.866025403784439,-0.5,0.));
#1774=DIRECTION('',(0.,0.,1.));
#1775=DIRECTION('',(1.,0.,0.));
#1776=DIRECTION('',(0.,0.,-1.));
#1777=DIRECTION('',(-1.,0.,0.));
#1778=DIRECTION('',(0.,0.,-1.));
#1779=DIRECTION('',(-1.,0.,0.));
#1780=DIRECTION('',(0.,0.,-1.));
#1781=DIRECTION('',(-1.,0.,0.));
#1782=DIRECTION('',(0.,0.,1.));
#1783=DIRECTION('',(1.,0.,0.));
#1784=DIRECTION('',(0.,0.,-1.));
#1785=DIRECTION('',(-1.,0.,0.));
#1786=DIRECTION('',(0.,0.,-1.));
#1787=DIRECTION('',(-1.,0.,0.));
#1788=DIRECTION('',(0.,0.,1.));
#1789=DIRECTION('',(1.,0.,0.));
#1790=DIRECTION('',(0.707106781186548,0.,0.707106781186548));
#1791=DIRECTION('',(-0.707106781186548,0.,0.707106781186548));
#1792=DIRECTION('',(-0.707106781186548,0.,0.707106781186548));
#1793=DIRECTION('',(0.707106781186548,0.,0.707106781186548));
#1794=DIRECTION('',(-1.,0.,0.));
#1795=DIRECTION('',(0.,0.,1.));
#1796=DIRECTION('',(-0.707106781186548,0.,-0.707106781186548));
#1797=DIRECTION('',(0.707106781186548,0.,-0.707106781186548));
#1798=DIRECTION('',(1.,0.,0.));
#1799=DIRECTION('',(0.,0.,-1.));
#1800=DIRECTION('',(0.707106781186548,0.,-0.707106781186548));
#1801=DIRECTION('',(-0.707106781186548,0.,-0.707106781186548));
#1802=DIRECTION('',(0.,0.,-1.));
#1803=DIRECTION('',(-1.,0.,0.));
#1804=DIRECTION('',(1.,1.0842021724855E-16,0.));
#1805=DIRECTION('',(-1.0842021724855E-16,1.,0.));
#1806=DIRECTION('',(1.,1.0842021724855E-16,0.));
#1807=DIRECTION('',(-1.0842021724855E-16,1.,0.));
#1808=DIRECTION('',(0.,0.,1.));
#1809=DIRECTION('',(1.0842021724855E-16,-1.,0.));
#1810=DIRECTION('',(0.,0.,-1.));
#1811=DIRECTION('',(1.,1.0842021724855E-16,0.));
#1812=DIRECTION('',(1.0842021724855E-16,-1.,0.));
#1813=DIRECTION('',(1.0842021724855E-16,-1.,0.));
#1814=DIRECTION('',(1.,1.0842021724855E-16,0.));
#1815=DIRECTION('',(-1.0842021724855E-16,1.,0.));
#1816=DIRECTION('',(1.0842021724855E-16,-1.,0.));
#1817=DIRECTION('',(0.,0.,-1.));
#1818=DIRECTION('',(1.,1.0842021724855E-16,0.));
#1819=DIRECTION('',(1.0842021724855E-16,-1.,0.));
#1820=DIRECTION('',(1.0842021724855E-16,-1.,0.));
#1821=DIRECTION('',(1.,1.0842021724855E-16,0.));
#1822=DIRECTION('',(1.0842021724855E-16,-1.,0.));
#1823=DIRECTION('',(0.,0.,1.));
#1824=DIRECTION('',(0.,0.,1.));
#1825=DIRECTION('',(1.,0.,0.));
#1826=DIRECTION('',(1.0842021724855E-16,-1.,0.));
#1827=DIRECTION('',(0.,0.,1.));
#1828=DIRECTION('',(1.,0.,0.));
#1829=DIRECTION('',(1.0842021724855E-16,-1.,0.));
#1830=DIRECTION('',(-1.,0.,0.));
#1831=DIRECTION('',(-0.258819045102521,-0.965925826289068,0.));
#1832=DIRECTION('',(0.965925826289068,-0.258819045102521,0.));
#1833=DIRECTION('',(-0.998718289418824,0.0506140136754427,0.));
#1834=DIRECTION('',(-0.0506140136754427,-0.998718289418824,0.));
#1835=DIRECTION('',(0.195090322016128,-0.98078528040323,0.));
#1836=DIRECTION('',(-0.98078528040323,-0.195090322016128,0.));
#1837=DIRECTION('',(0.608761429008721,-0.793353340291235,0.));
#1838=DIRECTION('',(0.793353340291235,0.608761429008721,0.));
#1839=DIRECTION('',(-0.994602173962815,-0.10376182124675,0.));
#1840=DIRECTION('',(0.10376182124675,-0.994602173962815,0.));
#1841=DIRECTION('',(-0.258819045102521,0.965925826289068,0.));
#1842=DIRECTION('',(-0.965925826289068,-0.258819045102521,0.));
#1843=DIRECTION('',(-0.998718289418824,-0.0506140136754429,0.));
#1844=DIRECTION('',(-0.0506140136754429,0.998718289418824,0.));
#1845=DIRECTION('',(0.195090322016128,0.980785280403231,0.));
#1846=DIRECTION('',(-0.98078528040323,0.195090322016128,0.));
#1847=DIRECTION('',(-0.608761429008721,-0.793353340291235,0.));
#1848=DIRECTION('',(0.793353340291235,-0.608761429008721,0.));
#1849=DIRECTION('',(-0.994602173962815,0.10376182124675,0.));
#1850=DIRECTION('',(-0.10376182124675,-0.994602173962815,0.));
#1851=DIRECTION('',(0.608761429008721,-0.793353340291235,0.));
#1852=DIRECTION('',(0.793353340291235,0.608761429008721,0.));
#1853=DIRECTION('',(0.195090322016128,-0.98078528040323,0.));
#1854=DIRECTION('',(0.98078528040323,0.195090322016128,0.));
#1855=DIRECTION('',(0.258819045102521,0.965925826289068,0.));
#1856=DIRECTION('',(-0.965925826289068,0.258819045102521,0.));
#1857=DIRECTION('',(-0.608761429008721,-0.793353340291235,0.));
#1858=DIRECTION('',(0.793353340291235,-0.608761429008721,0.));
#1859=DIRECTION('',(-0.195090322016128,-0.980785280403231,0.));
#1860=DIRECTION('',(-0.98078528040323,0.195090322016128,0.));
#1861=DIRECTION('',(0.258819045102521,-0.965925826289068,0.));
#1862=DIRECTION('',(0.965925826289068,0.258819045102521,0.));
#1863=DIRECTION('',(0.,0.,-1.));
#1864=DIRECTION('',(-1.,0.,0.));
#1865=DIRECTION('',(0.,0.,1.));
#1866=DIRECTION('',(1.,0.,0.));
#1867=DIRECTION('',(1.0842021724855E-16,-1.,0.));
#1868=DIRECTION('',(1.,1.0842021724855E-16,0.));
#1869=DIRECTION('',(0.,1.,0.));
#1870=DIRECTION('',(0.,0.,1.));
#1871=DIRECTION('',(0.,1.,0.));
#1872=DIRECTION('',(0.,0.,1.));
#1873=DIRECTION('',(-1.0842021724855E-16,1.,0.));
#1874=DIRECTION('',(-1.,-1.0842021724855E-16,0.));
#1875=DIRECTION('',(0.,1.,0.));
#1876=DIRECTION('',(0.,0.,1.));
#1877=DIRECTION('',(0.,1.,0.));
#1878=DIRECTION('',(0.,0.,1.));
#1879=DIRECTION('',(0.,-1.,0.));
#1880=DIRECTION('',(0.,0.,-1.));
#1881=DIRECTION('',(-1.0842021724855E-16,1.,0.));
#1882=DIRECTION('',(-1.,-1.0842021724855E-16,0.));
#1883=DIRECTION('',(0.,-1.,0.));
#1884=DIRECTION('',(0.,0.,-1.));
#1885=DIRECTION('',(0.,-1.,0.));
#1886=DIRECTION('',(0.,0.,-1.));
#1887=DIRECTION('',(1.0842021724855E-16,-1.,0.));
#1888=DIRECTION('',(1.,1.0842021724855E-16,0.));
#1889=DIRECTION('',(0.,-1.,0.));
#1890=DIRECTION('',(0.,0.,-1.));
#1891=DIRECTION('',(0.608074106850618,0.793880268414466,0.));
#1892=DIRECTION('',(0.,0.,-1.));
#1893=DIRECTION('',(0.,0.70757653533151,0.706636714761027));
#1894=DIRECTION('',(1.,0.,0.));
#1895=DIRECTION('',(0.706636714761029,0.707576535331507,0.));
#1896=DIRECTION('',(0.,0.,-1.));
#1897=DIRECTION('',(0.707576535331507,-0.706636714761029,0.));
#1898=DIRECTION('',(0.,1.,0.));
#1899=DIRECTION('',(0.,0.,1.));
#1900=DIRECTION('',(0.,-0.706636714761027,-0.70757653533151));
#1901=DIRECTION('',(0.608074106850616,-0.793880268414467,0.));
#1902=DIRECTION('',(0.,0.,1.));
#1903=DIRECTION('',(0.,-0.70757653533151,0.706636714761027));
#1904=DIRECTION('',(-1.,0.,0.));
#1905=DIRECTION('',(0.,-0.706636714761027,-0.70757653533151));
#1906=DIRECTION('',(0.,1.,0.));
#1907=DIRECTION('',(0.,0.,1.));
#1908=DIRECTION('',(-0.707576535331508,-0.706636714761028,0.));
#1909=DIRECTION('',(0.706636714761029,-0.707576535331507,0.));
#1910=DIRECTION('',(0.,0.,1.));
#1911=DIRECTION('',(0.435906989571996,-0.899991720207625,0.));
#1912=DIRECTION('',(0.,0.,1.));
#1913=DIRECTION('',(0.,0.709579374061887,-0.704625511818825));
#1914=DIRECTION('',(-1.,0.,0.));
#1915=DIRECTION('',(-0.704625511818821,0.709579374061891,0.));
#1916=DIRECTION('',(0.,0.,1.));
#1917=DIRECTION('',(-0.709579374061891,-0.704625511818821,0.));
#1918=DIRECTION('',(0.,-1.,0.));
#1919=DIRECTION('',(0.,0.,-1.));
#1920=DIRECTION('',(0.,-0.704625511818817,0.709579374061895));
#1921=DIRECTION('',(0.435906989571994,0.899991720207626,0.));
#1922=DIRECTION('',(0.,0.,1.));
#1923=DIRECTION('',(0.,-0.709579374061887,-0.704625511818825));
#1924=DIRECTION('',(1.,0.,0.));
#1925=DIRECTION('',(0.,-0.704625511818825,0.709579374061887));
#1926=DIRECTION('',(0.,-1.,0.));
#1927=DIRECTION('',(0.,0.,-1.));
#1928=DIRECTION('',(0.709579374061894,-0.704625511818818,0.));
#1929=DIRECTION('',(-0.704625511818821,-0.709579374061891,0.));
#1930=DIRECTION('',(0.,0.,-1.));
#1931=DIRECTION('',(0.,0.,-1.));
#1932=DIRECTION('',(-1.,0.,0.));
#1933=DIRECTION('',(0.,0.,1.));
#1934=DIRECTION('',(1.,0.,0.));
#1935=DIRECTION('',(0.,0.,1.));
#1936=DIRECTION('',(1.,0.,0.));
#1937=DIRECTION('',(0.,0.,-1.));
#1938=DIRECTION('',(-1.,0.,0.));
#1939=DIRECTION('',(0.,0.,1.));
#1940=DIRECTION('',(1.,0.,0.));
#1941=DIRECTION('',(0.,0.,-1.));
#1942=DIRECTION('',(-1.,0.,0.));
#1943=DIRECTION('',(0.,0.,1.));
#1944=DIRECTION('',(1.,0.,0.));
#1945=DIRECTION('',(0.,0.,1.));
#1946=DIRECTION('',(1.,0.,0.));
#1947=DIRECTION('',(0.,0.,1.));
#1948=DIRECTION('',(1.,0.,0.));
#1949=DIRECTION('',(0.,0.,-1.));
#1950=DIRECTION('',(1.,0.,0.));
#1951=DIRECTION('',(0.,0.,-1.));
#1952=DIRECTION('',(-1.,0.,0.));
#1953=DIRECTION('',(0.,0.,-1.));
#1954=DIRECTION('',(-1.,0.,0.));
#1955=DIRECTION('',(0.,0.,-1.));
#1956=DIRECTION('',(-1.,0.,0.));
#1957=DIRECTION('',(0.,0.,1.));
#1958=DIRECTION('',(1.,0.,0.));
#1959=DIRECTION('',(0.,0.,-1.));
#1960=DIRECTION('',(-1.,0.,0.));
#1961=DIRECTION('',(0.,0.,1.));
#1962=DIRECTION('',(1.,0.,0.));
#1963=CARTESIAN_POINT('',(0.,0.,0.));
#1964=CARTESIAN_POINT('',(0.,0.,0.053));
#1965=CARTESIAN_POINT('',(0.0035,3.79470760369927E-19,0.053));
#1966=CARTESIAN_POINT('',(0.0035,-0.0077601946599521,0.053));
#1967=CARTESIAN_POINT('',(0.0035,-0.00147986485869487,0.053));
#1968=CARTESIAN_POINT('',(0.,0.,0.053));
#1969=CARTESIAN_POINT('',(-0.0035,-0.00147986485869488,0.053));
#1970=CARTESIAN_POINT('',(-0.0035,-0.008,0.053));
#1971=CARTESIAN_POINT('',(-0.0035,-0.0077601946599521,0.053));
#1972=CARTESIAN_POINT('',(0.0035,-0.0077601946599521,0.053));
#1973=CARTESIAN_POINT('',(0.,0.,0.05));
#1974=CARTESIAN_POINT('',(0.00605345375988136,0.00464497844043968,0.05));
#1975=CARTESIAN_POINT('',(0.00751878226538506,0.00273532515251978,0.05));
#1976=CARTESIAN_POINT('',(0.005,0.00601786610943204,0.05));
#1977=CARTESIAN_POINT('',(0.005,-0.008,0.05));
#1978=CARTESIAN_POINT('',(0.005,-0.0066648982351007,0.05));
#1979=CARTESIAN_POINT('',(0.00633128806823628,-0.00169646352493271,0.05));
#1980=CARTESIAN_POINT('',(-0.00335640646055102,-0.008,0.05));
#1981=CARTESIAN_POINT('',(0.00491729426778217,-0.008,0.0497480592762943));
#1982=CARTESIAN_POINT('',(0.00455523240536972,-0.008,0.049781395952223));
#1983=CARTESIAN_POINT('',(0.00425229352929077,-0.008,0.050115036075718));
#1984=CARTESIAN_POINT('',(0.0042598757209743,-0.008,0.0504838754120985));
#1985=CARTESIAN_POINT('',(0.00491729426778219,-0.008,0.0497480592762943));
#1986=CARTESIAN_POINT('',(0.0042598757209743,-0.008,0.0504838754120985));
#1987=CARTESIAN_POINT('',(0.0042598757209743,-0.008,0.052));
#1988=CARTESIAN_POINT('',(0.0042598757209743,-0.008,0.052));
#1989=CARTESIAN_POINT('',(0.0035,-0.008,0.052));
#1990=CARTESIAN_POINT('',(0.0035,-0.008,0.0527598757209743));
#1991=CARTESIAN_POINT('',(-0.0035,-0.008,0.0527598757209743));
#1992=CARTESIAN_POINT('',(-0.0035,-0.008,0.0527598757209743));
#1993=CARTESIAN_POINT('',(-0.0035,-0.008,0.052));
#1994=CARTESIAN_POINT('',(-0.0042598757209743,-0.008,0.052));
#1995=CARTESIAN_POINT('',(-0.0042598757209743,-0.008,0.05));
#1996=CARTESIAN_POINT('',(-0.0042598757209743,-0.008,0.0504838754120985));
#1997=CARTESIAN_POINT('',(-0.0042598757209743,-0.008,0.0504838754120985));
#1998=CARTESIAN_POINT('',(-0.00425250273524873,-0.008,0.0501203298866874));
#1999=CARTESIAN_POINT('',(-0.00454995131536992,-0.008,0.049781779166994));
#2000=CARTESIAN_POINT('',(-0.00491729426778219,-0.008,0.0497480592762943));
#2001=CARTESIAN_POINT('',(-0.00491729426778218,-0.008,0.0497480592762943));
#2002=CARTESIAN_POINT('',(-0.00491729426778217,-0.008,0.0497480592762943));
#2003=CARTESIAN_POINT('',(-0.00579304617676725,-0.008,0.0496679208387041));
#2004=CARTESIAN_POINT('',(-0.00654740919593549,-0.008,0.0488508599859646));
#2005=CARTESIAN_POINT('',(-0.00652847362189509,-0.008,0.048));
#2006=CARTESIAN_POINT('',(-0.00652847362189509,-0.008,0.048));
#2007=CARTESIAN_POINT('',(-0.00652847362189509,-0.008,0.05));
#2008=CARTESIAN_POINT('',(-0.00652847362189509,-0.008,0.002));
#2009=CARTESIAN_POINT('',(-0.00652847362189509,-0.008,0.002));
#2010=CARTESIAN_POINT('',(-0.00653040290343296,-0.008,0.00154008598053641));
#2011=CARTESIAN_POINT('',(-0.00613275097241594,-0.008,0.000621988054420029));
#2012=CARTESIAN_POINT('',(-0.00518343375272903,-0.008,0.000238257685237569));
#2013=CARTESIAN_POINT('',(-0.00470651620748838,-0.008,0.000240124279025707));
#2014=CARTESIAN_POINT('',(-0.00470651620748838,-0.008,0.000240124279025706));
#2015=CARTESIAN_POINT('',(-0.00335640646055102,-0.008,0.000240124279025706));
#2016=CARTESIAN_POINT('',(0.00470651620748838,-0.008,0.000240124279025706));
#2017=CARTESIAN_POINT('',(0.00470651620748838,-0.008,0.000240124279025707));
#2018=CARTESIAN_POINT('',(0.00518265423687038,-0.008,0.000238260736162101));
#2019=CARTESIAN_POINT('',(0.00613313915107052,-0.008,0.000622363006203165));
#2020=CARTESIAN_POINT('',(0.00653040606198247,-0.008,0.0015393330260456));
#2021=CARTESIAN_POINT('',(0.00652847362189508,-0.008,0.002));
#2022=CARTESIAN_POINT('',(0.00652847362189509,-0.008,0.002));
#2023=CARTESIAN_POINT('',(0.00652847362189509,-0.008,0.048));
#2024=CARTESIAN_POINT('',(0.00652847362189509,-0.008,0.048));
#2025=CARTESIAN_POINT('',(0.00652847362189509,-0.008,0.048));
#2026=CARTESIAN_POINT('',(0.00654737898918168,-0.008,0.0488495026614885));
#2027=CARTESIAN_POINT('',(0.00579444544197331,-0.008,0.0496677927945328));
#2028=CARTESIAN_POINT('',(0.00491729426778219,-0.008,0.0497480592762943));
#2029=CARTESIAN_POINT('',(-0.005945,-0.008,0.00889));
#2030=CARTESIAN_POINT('',(-0.005945,-0.008,0.003));
#2031=CARTESIAN_POINT('',(-0.005945,-0.008,0.00989));
#2032=CARTESIAN_POINT('',(0.004945,-0.008,0.00989));
#2033=CARTESIAN_POINT('',(0.005945,-0.008,0.00989));
#2034=CARTESIAN_POINT('',(0.005945,-0.008,0.004));
#2035=CARTESIAN_POINT('',(0.005945,-0.008,0.003));
#2036=CARTESIAN_POINT('',(-0.00335640646055102,-0.008,0.003));
#2037=CARTESIAN_POINT('',(0.005945,-0.008,0.05));
#2038=CARTESIAN_POINT('',(0.005945,-0.008,0.047));
#2039=CARTESIAN_POINT('',(0.005945,-0.008,0.04011));
#2040=CARTESIAN_POINT('',(-0.004945,-0.008,0.04011));
#2041=CARTESIAN_POINT('',(-0.005945,-0.008,0.04011));
#2042=CARTESIAN_POINT('',(-0.005945,-0.008,0.05));
#2043=CARTESIAN_POINT('',(-0.005945,-0.008,0.047));
#2044=CARTESIAN_POINT('',(-0.00335640646055102,-0.008,0.047));
#2045=CARTESIAN_POINT('',(0.0055,0.008,0.05));
#2046=CARTESIAN_POINT('',(0.0035,0.008,0.052));
#2047=CARTESIAN_POINT('',(0.0035,0.008,0.0526890043108295));
#2048=CARTESIAN_POINT('',(0.00418900431082952,0.008,0.052));
#2049=CARTESIAN_POINT('',(0.00418900431082952,0.008,0.05));
#2050=CARTESIAN_POINT('',(0.00418900431082924,0.008,0.0502830593267085));
#2051=CARTESIAN_POINT('',(0.00418900431082924,0.008,0.0502830593267084));
#2052=CARTESIAN_POINT('',(0.00418558039945176,0.008,0.0499487230010398));
#2053=CARTESIAN_POINT('',(0.00439224005566026,0.008,0.049622653399195));
#2054=CARTESIAN_POINT('',(0.00470201531412232,0.008,0.0494969427514883));
#2055=CARTESIAN_POINT('',(0.00470201531412232,0.008,0.0494969427514883));
#2056=CARTESIAN_POINT('',(0.00470201531412232,0.008,0.0494969427514883));
#2057=CARTESIAN_POINT('',(0.00539376359208474,0.008,0.0492171996489238));
#2058=CARTESIAN_POINT('',(0.00585283912943605,0.008,0.0486167297142471));
#2059=CARTESIAN_POINT('',(0.00584496788767557,0.008,0.048));
#2060=CARTESIAN_POINT('',(0.00584496788767557,0.008,0.048));
#2061=CARTESIAN_POINT('',(0.00584496788767557,0.008,0.05));
#2062=CARTESIAN_POINT('',(0.00584496788767557,0.008,0.002));
#2063=CARTESIAN_POINT('',(0.00584496788767557,0.008,0.002));
#2064=CARTESIAN_POINT('',(0.00584722223821144,0.008,0.0015586070795756));
#2065=CARTESIAN_POINT('',(0.00538256901819894,0.008,0.000677481524639751));
#2066=CARTESIAN_POINT('',(0.00427329900488956,0.008,0.000309204264581299));
#2067=CARTESIAN_POINT('',(0.00371602454673054,0.008,0.000310995689170507));
#2068=CARTESIAN_POINT('',(0.00371602454673054,0.008,0.000310995689170479));
#2069=CARTESIAN_POINT('',(-0.00347905517197948,0.008,0.000310995689170479));
#2070=CARTESIAN_POINT('',(-0.00371602454673055,0.008,0.000310995689170479));
#2071=CARTESIAN_POINT('',(-0.00371602454673055,0.008,0.000310995689170507));
#2072=CARTESIAN_POINT('',(-0.00427238814666418,0.008,0.000309207192642639));
#2073=CARTESIAN_POINT('',(-0.00538302260194135,0.008,0.000677841376814282));
#2074=CARTESIAN_POINT('',(-0.00584722592895201,0.008,0.0015578844471652));
#2075=CARTESIAN_POINT('',(-0.00584496788767558,0.008,0.002));
#2076=CARTESIAN_POINT('',(-0.00584496788767558,0.008,0.002));
#2077=CARTESIAN_POINT('',(-0.00584496788767558,0.008,0.05));
#2078=CARTESIAN_POINT('',(-0.00584496788767558,0.008,0.048));
#2079=CARTESIAN_POINT('',(-0.00584496788767558,0.008,0.048));
#2080=CARTESIAN_POINT('',(-0.00585282923221433,0.008,0.0486159542443909));
#2081=CARTESIAN_POINT('',(-0.00539463448459432,0.008,0.0492168474598684));
#2082=CARTESIAN_POINT('',(-0.00470201531412232,0.008,0.0494969427514883));
#2083=CARTESIAN_POINT('',(-0.00470201531412233,0.008,0.0494969427514883));
#2084=CARTESIAN_POINT('',(-0.00470201531412232,0.008,0.0494969427514883));
#2085=CARTESIAN_POINT('',(-0.00439479889372475,0.008,0.0496216438962784));
#2086=CARTESIAN_POINT('',(-0.00418584974671515,0.008,0.0499452787475685));
#2087=CARTESIAN_POINT('',(-0.00418900431082952,0.008,0.0502830593267085));
#2088=CARTESIAN_POINT('',(-0.00418900431082952,0.008,0.0502830593267085));
#2089=CARTESIAN_POINT('',(-0.00418900431082952,0.008,0.052));
#2090=CARTESIAN_POINT('',(-0.00418900431082952,0.008,0.052));
#2091=CARTESIAN_POINT('',(-0.0035,0.008,0.052));
#2092=CARTESIAN_POINT('',(-0.0035,0.008,0.0526890043108295));
#2093=CARTESIAN_POINT('',(0.0055,0.008,0.0526890043108295));
#2094=CARTESIAN_POINT('',(-0.00889659883941568,0.000149999999999982,0.05));
#2095=CARTESIAN_POINT('',(-0.00889659883941568,0.000149999999999982,0.002));
#2096=CARTESIAN_POINT('',(-0.0097059047744874,0.00317037086855466,0.002));
#2097=CARTESIAN_POINT('',(-0.00676041586452506,-0.00782234339655547,0.002));
#2098=CARTESIAN_POINT('',(-0.00676041586452506,-0.00782234339655547,0.05));
#2099=CARTESIAN_POINT('',(-0.00676041586452506,-0.00782234339655547,0.048));
#2100=CARTESIAN_POINT('',(-0.0097059047744874,0.00317037086855466,0.048));
#2101=CARTESIAN_POINT('',(-0.0097059047744874,0.00317037086855466,0.048));
#2102=CARTESIAN_POINT('',(-0.0097059047744874,0.00317037086855466,0.));
#2103=CARTESIAN_POINT('',(0.00675300529996671,-0.00785,0.05));
#2104=CARTESIAN_POINT('',(0.00675300529996671,-0.00785,0.048));
#2105=CARTESIAN_POINT('',(0.0097059047744874,0.00317037086855465,0.048));
#2106=CARTESIAN_POINT('',(0.00676041586452506,-0.00782234339655547,0.048));
#2107=CARTESIAN_POINT('',(0.00676041586452506,-0.00782234339655547,0.002));
#2108=CARTESIAN_POINT('',(0.00676041586452506,-0.00782234339655547,0.002));
#2109=CARTESIAN_POINT('',(0.0097059047744874,0.00317037086855465,0.002));
#2110=CARTESIAN_POINT('',(0.0097059047744874,0.00317037086855465,0.002));
#2111=CARTESIAN_POINT('',(0.0097059047744874,0.00317037086855465,0.05));
#2112=CARTESIAN_POINT('',(0.,0.,0.05));
#2113=CARTESIAN_POINT('',(-0.0047809612685239,-0.00748236190979496,0.05));
#2114=CARTESIAN_POINT('',(-0.00751878226538507,0.00273532515251979,0.05));
#2115=CARTESIAN_POINT('',(-0.005,-0.00666489823510073,0.05));
#2116=CARTESIAN_POINT('',(-0.005,-5.42101086242752E-19,0.05));
#2117=CARTESIAN_POINT('',(-0.005,0.00601786610943205,0.05));
#2118=CARTESIAN_POINT('',(-0.00605345375988137,0.00464497844043969,0.05));
#2119=CARTESIAN_POINT('',(0.,0.,0.));
#2120=CARTESIAN_POINT('',(0.,0.,0.));
#2121=CARTESIAN_POINT('',(0.0033,0.,0.));
#2122=CARTESIAN_POINT('',(0.0047809612685239,-0.00748236190979496,0.));
#2123=CARTESIAN_POINT('',(0.00751878226538506,0.00273532515251978,0.));
#2124=CARTESIAN_POINT('',(0.00470651620748838,-0.0077601946599521,0.));
#2125=CARTESIAN_POINT('',(0.,-0.0077601946599521,0.));
#2126=CARTESIAN_POINT('',(-0.00470651620748838,-0.0077601946599521,0.));
#2127=CARTESIAN_POINT('',(-0.00633128806823628,-0.00169646352493271,0.));
#2128=CARTESIAN_POINT('',(-0.00751878226538507,0.00273532515251979,0.));
#2129=CARTESIAN_POINT('',(-0.00441329331941754,0.00678247714198256,0.));
#2130=CARTESIAN_POINT('',(-0.00371602454673055,0.00769117549823808,0.));
#2131=CARTESIAN_POINT('',(0.00347905517197947,0.00769117549823808,0.));
#2132=CARTESIAN_POINT('',(0.00371602454673055,0.00769117549823808,0.));
#2133=CARTESIAN_POINT('',(0.00811919809390493,0.00195284801053722,0.));
#2134=CARTESIAN_POINT('',(0.006,0.008,0.05));
#2135=CARTESIAN_POINT('',(0.006,0.008,0.002));
#2136=CARTESIAN_POINT('',(0.00609169735649515,0.00788049767839306,0.002));
#2137=CARTESIAN_POINT('',(0.00609169735649515,0.00788049767839306,0.05));
#2138=CARTESIAN_POINT('',(0.00609169735649515,0.00788049767839306,0.048));
#2139=CARTESIAN_POINT('',(0.006,0.008,0.048));
#2140=CARTESIAN_POINT('',(-0.0097059047744874,0.00317037086855466,0.05));
#2141=CARTESIAN_POINT('',(-0.0097059047744874,0.00317037086855466,0.048));
#2142=CARTESIAN_POINT('',(-0.00609169735649516,0.00788049767839306,0.048));
#2143=CARTESIAN_POINT('',(-0.00609169735649516,0.00788049767839305,0.05));
#2144=CARTESIAN_POINT('',(-0.00609169735649516,0.00788049767839306,0.002));
#2145=CARTESIAN_POINT('',(-0.0097059047744874,0.00317037086855466,0.002));
#2146=CARTESIAN_POINT('',(0.004945,0.,0.04111));
#2147=CARTESIAN_POINT('',(0.004945,0.,0.04111));
#2148=CARTESIAN_POINT('',(0.004945,-0.007,0.04111));
#2149=CARTESIAN_POINT('',(0.004945,0.0028549970811427,0.04111));
#2150=CARTESIAN_POINT('',(0.004945,-0.007,0.04111));
#2151=CARTESIAN_POINT('',(0.004945,-0.007,0.046));
#2152=CARTESIAN_POINT('',(0.004945,0.,0.046));
#2153=CARTESIAN_POINT('',(0.004945,0.0028549970811427,0.046));
#2154=CARTESIAN_POINT('',(0.004945,0.0028549970811427,0.04111));
#2155=CARTESIAN_POINT('',(-0.004945,1.3010426069826E-18,0.04111));
#2156=CARTESIAN_POINT('',(-0.004945,1.3010426069826E-18,0.046));
#2157=CARTESIAN_POINT('',(-0.004945,0.0028549970811427,0.046));
#2158=CARTESIAN_POINT('',(-0.004945,-0.007,0.046));
#2159=CARTESIAN_POINT('',(-0.004945,-0.007,0.04111));
#2160=CARTESIAN_POINT('',(-0.004945,-0.007,0.04111));
#2161=CARTESIAN_POINT('',(-0.004945,1.3010426069826E-18,0.04111));
#2162=CARTESIAN_POINT('',(-0.004945,0.0028549970811427,0.04111));
#2163=CARTESIAN_POINT('',(-0.004945,0.0028549970811427,0.04111));
#2164=CARTESIAN_POINT('',(-3.46944695195361E-18,-0.00357250145942864,0.04111));
#2165=CARTESIAN_POINT('',(0.,0.,0.04111));
#2166=CARTESIAN_POINT('',(0.0038,0.,0.04111));
#2167=CARTESIAN_POINT('',(0.004945,-0.007,0.04111));
#2168=CARTESIAN_POINT('',(0.0024725,0.00428249562171405,0.04111));
#2169=CARTESIAN_POINT('',(2.60208521396521E-18,0.0057099941622854,0.04111));
#2170=CARTESIAN_POINT('',(-0.0024725,0.00428249562171405,0.04111));
#2171=CARTESIAN_POINT('',(-3.46944695195361E-18,-0.00357250145942864,0.046));
#2172=CARTESIAN_POINT('',(0.,0.,0.046));
#2173=CARTESIAN_POINT('',(0.0038,0.,0.046));
#2174=CARTESIAN_POINT('',(-3.46944695195361E-18,-0.007,0.046));
#2175=CARTESIAN_POINT('',(-0.0024725,0.00428249562171405,0.046));
#2176=CARTESIAN_POINT('',(2.60208521396521E-18,0.0057099941622854,0.046));
#2177=CARTESIAN_POINT('',(0.0024725,0.00428249562171405,0.046));
#2178=CARTESIAN_POINT('',(0.0024725,0.00428249562171405,0.04111));
#2179=CARTESIAN_POINT('',(2.60208521396521E-18,0.0057099941622854,0.04111));
#2180=CARTESIAN_POINT('',(-0.0024725,0.00428249562171405,0.04111));
#2181=CARTESIAN_POINT('',(0.,0.,0.05));
#2182=CARTESIAN_POINT('',(0.,0.,0.047));
#2183=CARTESIAN_POINT('',(-0.0033,0.,0.047));
#2184=CARTESIAN_POINT('',(0.,0.,0.0525));
#2185=CARTESIAN_POINT('',(0.0033,0.,0.0525));
#2186=CARTESIAN_POINT('',(0.0033,0.,0.03961));
#2187=CARTESIAN_POINT('',(0.,0.,0.03961));
#2188=CARTESIAN_POINT('',(0.0028,0.,0.03961));
#2189=CARTESIAN_POINT('',(0.,0.,0.05));
#2190=CARTESIAN_POINT('',(0.,0.,0.04061));
#2191=CARTESIAN_POINT('',(0.0033,0.,0.04061));
#2192=CARTESIAN_POINT('',(0.,0.,0.04011));
#2193=CARTESIAN_POINT('',(0.0033,0.,0.04011));
#2194=CARTESIAN_POINT('',(-0.005945,-0.007,0.05));
#2195=CARTESIAN_POINT('',(-0.005945,-0.007,0.04011));
#2196=CARTESIAN_POINT('',(-0.005945,-0.007,0.047));
#2197=CARTESIAN_POINT('',(-0.00335640646055102,-0.007,0.047));
#2198=CARTESIAN_POINT('',(0.005945,-0.007,0.047));
#2199=CARTESIAN_POINT('',(-3.46944695195361E-18,-0.007,0.04011));
#2200=CARTESIAN_POINT('',(0.005945,-0.007,0.04011));
#2201=CARTESIAN_POINT('',(0.005945,-0.007,0.05));
#2202=CARTESIAN_POINT('',(-0.004945,1.3010426069826E-18,0.00889));
#2203=CARTESIAN_POINT('',(-0.004945,1.3010426069826E-18,0.00889));
#2204=CARTESIAN_POINT('',(-0.004945,0.0028549970811427,0.00889));
#2205=CARTESIAN_POINT('',(-0.004945,-0.007,0.00889));
#2206=CARTESIAN_POINT('',(-0.004945,-0.007,0.004));
#2207=CARTESIAN_POINT('',(-0.004945,-0.007,0.004));
#2208=CARTESIAN_POINT('',(-0.004945,1.3010426069826E-18,0.004));
#2209=CARTESIAN_POINT('',(-0.004945,0.0028549970811427,0.004));
#2210=CARTESIAN_POINT('',(-0.004945,0.0028549970811427,0.00889));
#2211=CARTESIAN_POINT('',(0.004945,0.,0.00889));
#2212=CARTESIAN_POINT('',(0.004945,0.,0.004));
#2213=CARTESIAN_POINT('',(0.004945,-0.007,0.004));
#2214=CARTESIAN_POINT('',(0.004945,0.0028549970811427,0.004));
#2215=CARTESIAN_POINT('',(0.004945,-0.007,0.00889));
#2216=CARTESIAN_POINT('',(0.004945,-0.007,0.00889));
#2217=CARTESIAN_POINT('',(0.004945,0.,0.00889));
#2218=CARTESIAN_POINT('',(0.004945,0.0028549970811427,0.00889));
#2219=CARTESIAN_POINT('',(0.004945,0.0028549970811427,0.00889));
#2220=CARTESIAN_POINT('',(-3.46944695195361E-18,-0.00357250145942864,0.00889));
#2221=CARTESIAN_POINT('',(0.,0.,0.00889));
#2222=CARTESIAN_POINT('',(-0.0038,0.,0.00889));
#2223=CARTESIAN_POINT('',(-0.004945,-0.007,0.00889));
#2224=CARTESIAN_POINT('',(-0.0024725,0.00428249562171405,0.00889));
#2225=CARTESIAN_POINT('',(2.60208521396521E-18,0.0057099941622854,0.00889));
#2226=CARTESIAN_POINT('',(0.0024725,0.00428249562171405,0.00889));
#2227=CARTESIAN_POINT('',(-3.46944695195361E-18,-0.00357250145942864,0.004));
#2228=CARTESIAN_POINT('',(0.,0.,0.004));
#2229=CARTESIAN_POINT('',(-0.0038,0.,0.004));
#2230=CARTESIAN_POINT('',(-3.46944695195361E-18,-0.007,0.004));
#2231=CARTESIAN_POINT('',(0.0024725,0.00428249562171405,0.004));
#2232=CARTESIAN_POINT('',(2.60208521396521E-18,0.0057099941622854,0.004));
#2233=CARTESIAN_POINT('',(-0.0024725,0.00428249562171405,0.004));
#2234=CARTESIAN_POINT('',(-0.0024725,0.00428249562171405,0.00889));
#2235=CARTESIAN_POINT('',(2.60208521396521E-18,0.0057099941622854,0.00889));
#2236=CARTESIAN_POINT('',(0.0024725,0.00428249562171405,0.00889));
#2237=CARTESIAN_POINT('',(0.,0.,0.));
#2238=CARTESIAN_POINT('',(0.,0.,0.0035));
#2239=CARTESIAN_POINT('',(-0.0033,0.,0.0035));
#2240=CARTESIAN_POINT('',(0.0033,0.,0.01039));
#2241=CARTESIAN_POINT('',(0.,0.,0.01039));
#2242=CARTESIAN_POINT('',(-0.0028,0.,0.01039));
#2243=CARTESIAN_POINT('',(0.,0.,0.));
#2244=CARTESIAN_POINT('',(0.,0.,0.00939));
#2245=CARTESIAN_POINT('',(-0.0033,0.,0.00939));
#2246=CARTESIAN_POINT('',(0.,0.,0.00989));
#2247=CARTESIAN_POINT('',(-0.0033,0.,0.00989));
#2248=CARTESIAN_POINT('',(-0.005945,-0.007,0.00889));
#2249=CARTESIAN_POINT('',(-0.005945,-0.007,0.00989));
#2250=CARTESIAN_POINT('',(-0.005945,-0.007,0.003));
#2251=CARTESIAN_POINT('',(-0.00335640646055102,-0.007,0.003));
#2252=CARTESIAN_POINT('',(0.005945,-0.007,0.003));
#2253=CARTESIAN_POINT('',(-3.46944695195361E-18,-0.007,0.00989));
#2254=CARTESIAN_POINT('',(0.005945,-0.007,0.00989));
#2255=CARTESIAN_POINT('',(0.005945,-0.007,0.00889));
#2256=CARTESIAN_POINT('',(-0.0045,-1.7347234759768E-18,0.053));
#2257=CARTESIAN_POINT('',(-0.0045,-0.00666489823510073,0.048));
#2258=CARTESIAN_POINT('',(-0.0045,-0.00666489823510073,0.0505));
#2259=CARTESIAN_POINT('',(-0.0045,-0.00776011901015164,0.0504838776465541));
#2260=CARTESIAN_POINT('',(-0.0045,-0.0077601946599521,0.053));
#2261=CARTESIAN_POINT('',(-0.0045,-0.00776019465995211,0.052));
#2262=CARTESIAN_POINT('',(-0.0045,0.008,0.052));
#2263=CARTESIAN_POINT('',(-0.0045,0.00769117549823808,0.052));
#2264=CARTESIAN_POINT('',(-0.0045,0.00769117549823808,0.0501895213720386));
#2265=CARTESIAN_POINT('',(-0.0045,0.00769117549823809,0.0502830593267085));
#2266=CARTESIAN_POINT('',(-0.0045,0.00601786610943205,0.048));
#2267=CARTESIAN_POINT('',(-0.0045,0.00601786610943205,0.0505));
#2268=CARTESIAN_POINT('',(-0.0045,-1.7347234759768E-18,0.0505));
#2269=CARTESIAN_POINT('',(0.0045,0.,0.053));
#2270=CARTESIAN_POINT('',(0.0045,0.,0.052));
#2271=CARTESIAN_POINT('',(0.0045,0.00769117549823808,0.052));
#2272=CARTESIAN_POINT('',(0.0045,-0.0077601946599521,0.052));
#2273=CARTESIAN_POINT('',(0.0045,-0.0077601946599521,0.0504760039096626));
#2274=CARTESIAN_POINT('',(0.0045,-0.0077601946599521,0.0504838754120985));
#2275=CARTESIAN_POINT('',(0.0045,-0.00666489823510071,0.048));
#2276=CARTESIAN_POINT('',(0.0045,-0.0066648982351007,0.0505));
#2277=CARTESIAN_POINT('',(0.0045,0.00666947879585264,0.0505));
#2278=CARTESIAN_POINT('',(0.0045,0.00601786610943204,0.0505));
#2279=CARTESIAN_POINT('',(0.0045,0.00601786610943204,0.048));
#2280=CARTESIAN_POINT('',(0.0045,0.00768761390586999,0.0502840242407756));
#2281=CARTESIAN_POINT('',(0.0045,0.00769117549823808,0.053));
#2282=CARTESIAN_POINT('',(0.,0.,0.053));
#2283=CARTESIAN_POINT('',(-0.0035,-0.008,0.053));
#2284=CARTESIAN_POINT('',(-0.0035,0.00769117549823808,0.053));
#2285=CARTESIAN_POINT('',(-0.0035,0.00147986485869487,0.053));
#2286=CARTESIAN_POINT('',(0.,0.,0.053));
#2287=CARTESIAN_POINT('',(0.0035,0.00147986485869487,0.053));
#2288=CARTESIAN_POINT('',(0.0035,3.79470760369927E-19,0.053));
#2289=CARTESIAN_POINT('',(0.0035,0.00769117549823808,0.053));
#2290=CARTESIAN_POINT('',(0.,0.00769117549823808,0.053));
#2291=CARTESIAN_POINT('',(0.00482115364738857,-0.00733236190979496,0.048));
#2292=CARTESIAN_POINT('',(0.005,-0.00666489823510071,0.048));
#2293=CARTESIAN_POINT('',(0.00494412330251998,-0.00776746006873573,0.0499865694265494));
#2294=CARTESIAN_POINT('',(0.00494412713204958,-0.00776738450426316,0.0499865712737108));
#2295=CARTESIAN_POINT('',(0.00524548665926793,-0.00777633465426493,0.0499523981941052));
#2296=CARTESIAN_POINT('',(0.00564217945993581,-0.00779005043229217,0.0498074049687494));
#2297=CARTESIAN_POINT('',(0.00597682243558311,-0.00779966221634818,0.0495784316094976));
#2298=CARTESIAN_POINT('',(0.00614120775879833,-0.00780424560299307,0.0494330064898761));
#2299=CARTESIAN_POINT('',(0.0062323233202206,-0.00780688884786468,0.049342440465694));
#2300=CARTESIAN_POINT('',(0.00637192595083016,-0.00781118355728244,0.0491766104262931));
#2301=CARTESIAN_POINT('',(0.00651139024798299,-0.00781525582461013,0.0489676703704173));
#2302=CARTESIAN_POINT('',(0.00670389090417965,-0.00782038666644485,0.0485707284681549));
#2303=CARTESIAN_POINT('',(0.00676070757774919,-0.00782125470798177,0.0482223777218094));
#2304=CARTESIAN_POINT('',(0.00676041586452506,-0.00782234339655547,0.048));
#2305=CARTESIAN_POINT('',(0.00751878226538506,0.00273532515251977,0.048));
#2306=CARTESIAN_POINT('',(0.00605345375988136,0.00464497844043968,0.048));
#2307=CARTESIAN_POINT('',(0.00609169735649514,0.00788049767839306,0.048));
#2308=CARTESIAN_POINT('',(0.00609297884297475,0.00787882761269787,0.0483208267945454));
#2309=CARTESIAN_POINT('',(0.00589868417375871,0.00787325641047682,0.0490101176723668));
#2310=CARTESIAN_POINT('',(0.00524377287330656,0.00781188785759691,0.049584841773696));
#2311=CARTESIAN_POINT('',(0.00481628466719565,0.00777885745675015,0.049772574222446));
#2312=CARTESIAN_POINT('',(0.00481628466719566,0.00777885745675015,0.049772574222446));
#2313=CARTESIAN_POINT('',(0.005,0.00601786610943204,0.048));
#2314=CARTESIAN_POINT('',(-0.00633128806823628,-0.00169646352493271,0.048));
#2315=CARTESIAN_POINT('',(-0.00676041586452506,-0.00782234339655546,0.048));
#2316=CARTESIAN_POINT('',(-0.0067607075258819,-0.00782125490155314,0.0482223381825307));
#2317=CARTESIAN_POINT('',(-0.0067039121172124,-0.0078203923974698,0.0485706594785497));
#2318=CARTESIAN_POINT('',(-0.00651141314582474,-0.00781526265378641,0.0489676275684645));
#2319=CARTESIAN_POINT('',(-0.00637194585539811,-0.00781118829585452,0.0491765849218725));
#2320=CARTESIAN_POINT('',(-0.00623230993171246,-0.00780688808511954,0.0493424551528724));
#2321=CARTESIAN_POINT('',(-0.00614124140826293,-0.00780424391540149,0.0494329732455833));
#2322=CARTESIAN_POINT('',(-0.00597688298656228,-0.00779966013022775,0.0495783850787053));
#2323=CARTESIAN_POINT('',(-0.00564227740207445,-0.00779005124212133,0.0498073549822878));
#2324=CARTESIAN_POINT('',(-0.00524554678028039,-0.00777633643981352,0.0499523913766));
#2325=CARTESIAN_POINT('',(-0.00494412713204956,-0.00776738450426316,0.0499865712737108));
#2326=CARTESIAN_POINT('',(-0.00494412713204957,-0.00776738450426317,0.0499865712737108));
#2327=CARTESIAN_POINT('',(-0.005,-0.00666489823510073,0.048));
#2328=CARTESIAN_POINT('',(-0.00751878226538507,0.00273532515251979,0.048));
#2329=CARTESIAN_POINT('',(-0.00605345375988137,0.00464497844043969,0.048));
#2330=CARTESIAN_POINT('',(-0.005,0.00601786610943205,0.048));
#2331=CARTESIAN_POINT('',(-0.00481594496475965,0.00778211365230749,0.0497716781617487));
#2332=CARTESIAN_POINT('',(-0.00481628466719567,0.00777885745675016,0.049772574222446));
#2333=CARTESIAN_POINT('',(-0.00524377287330657,0.00781188785759691,0.049584841773696));
#2334=CARTESIAN_POINT('',(-0.00589868417375872,0.00787325641047682,0.0490101176723668));
#2335=CARTESIAN_POINT('',(-0.00609297884297477,0.00787882761269788,0.0483208267945454));
#2336=CARTESIAN_POINT('',(-0.00609169735649516,0.00788049767839306,0.048));
#2337=CARTESIAN_POINT('',(0.00605345375988136,0.00464497844043968,0.002));
#2338=CARTESIAN_POINT('',(0.00371602454673054,0.00769117549823808,-4.33680868994202E-19));
#2339=CARTESIAN_POINT('',(0.00392188514404072,0.00770758094638337,-4.65516884525919E-19));
#2340=CARTESIAN_POINT('',(0.00418665505705573,0.00772956260010073,3.15184182320708E-5));
#2341=CARTESIAN_POINT('',(0.00447338559637906,0.00775194801116431,0.000102905407112153));
#2342=CARTESIAN_POINT('',(0.00460315581088735,0.00776198818825039,0.000141758697086626));
#2343=CARTESIAN_POINT('',(0.00486198478829848,0.00778289217809947,0.000242801817578041));
#2344=CARTESIAN_POINT('',(0.00512632853029368,0.00780395877239343,0.000383348839161214));
#2345=CARTESIAN_POINT('',(0.00539540690927062,0.00782470458018479,0.000566913906973652));
#2346=CARTESIAN_POINT('',(0.00572113291079278,0.0078516510423538,0.000900427172268107));
#2347=CARTESIAN_POINT('',(0.00600633727114931,0.00787497521365483,0.00137063126896916));
#2348=CARTESIAN_POINT('',(0.00609209067820906,0.00787998509155579,0.00175393104701159));
#2349=CARTESIAN_POINT('',(0.00609169735649514,0.00788049767839306,0.00200000000000001));
#2350=CARTESIAN_POINT('',(0.00751878226538506,0.00273532515251978,0.002));
#2351=CARTESIAN_POINT('',(0.00633128806823628,-0.00169646352493271,0.002));
#2352=CARTESIAN_POINT('',(0.00676041586452506,-0.00782234339655546,0.002));
#2353=CARTESIAN_POINT('',(0.00676047669775834,-0.00782211636383807,0.00175397600049531));
#2354=CARTESIAN_POINT('',(0.00669104554672825,-0.00782079303091612,0.00137382926147467));
#2355=CARTESIAN_POINT('',(0.00646628930009692,-0.00781376475780026,0.000955089902459551));
#2356=CARTESIAN_POINT('',(0.00630809766605505,-0.00780875093359769,0.000740978597915758));
#2357=CARTESIAN_POINT('',(0.00614627173425946,-0.00780367853555029,0.000569921896759137));
#2358=CARTESIAN_POINT('',(0.00605987089404158,-0.00780137764248026,0.000494052440809142));
#2359=CARTESIAN_POINT('',(0.0058856304637624,-0.00779702311182413,0.000355470157219466));
#2360=CARTESIAN_POINT('',(0.00552217493764592,-0.00778762216769347,0.000134727110149825));
#2361=CARTESIAN_POINT('',(0.00506125700419556,-0.00777092872491068,1.3644973399915E-18));
#2362=CARTESIAN_POINT('',(0.00470651620748838,-0.00776019465995211,1.30104260698261E-18));
#2363=CARTESIAN_POINT('',(-0.00605345375988137,0.00464497844043969,0.002));
#2364=CARTESIAN_POINT('',(-0.00609169735649516,0.00788049767839306,0.00200000000000001));
#2365=CARTESIAN_POINT('',(-0.00609209060635449,0.00787998518519852,0.0017539760005027));
#2366=CARTESIAN_POINT('',(-0.00600634574219818,0.00787498860797067,0.00137069894704658));
#2367=CARTESIAN_POINT('',(-0.00572117815305904,0.00785167488745791,0.000900487184770664));
#2368=CARTESIAN_POINT('',(-0.00539533975601626,0.00782469508490617,0.000566861877012554));
#2369=CARTESIAN_POINT('',(-0.00512650348037728,0.00780396896985565,0.000383463590285859));
#2370=CARTESIAN_POINT('',(-0.00486213642828043,0.00778290848906951,0.00024286498416673));
#2371=CARTESIAN_POINT('',(-0.00460308858156914,0.00776198244857543,0.000141733867851236));
#2372=CARTESIAN_POINT('',(-0.00447350287366999,0.00775195465889415,0.000102941557464999));
#2373=CARTESIAN_POINT('',(-0.00418678291081955,0.00772957181186975,3.15382655862715E-5));
#2374=CARTESIAN_POINT('',(-0.0039219659422913,0.00770758738535969,-4.01832358140926E-19));
#2375=CARTESIAN_POINT('',(-0.00371602454673055,0.00769117549823809,-4.33680868994202E-19));
#2376=CARTESIAN_POINT('',(-0.00751878226538507,0.00273532515251979,0.002));
#2377=CARTESIAN_POINT('',(-0.00696474718683755,0.000667638090205023,0.002));
#2378=CARTESIAN_POINT('',(-0.00470651620748838,-0.0077601946599521,1.30104260698261E-18));
#2379=CARTESIAN_POINT('',(-0.00506118503637639,-0.0077709265472439,1.36448446665189E-18));
#2380=CARTESIAN_POINT('',(-0.00552205466092708,-0.00778762031806912,0.000134674752960978));
#2381=CARTESIAN_POINT('',(-0.00588555561349954,-0.00779702491700505,0.000355418604603728));
#2382=CARTESIAN_POINT('',(-0.00605982887100661,-0.00780137917613197,0.000494015160206371));
#2383=CARTESIAN_POINT('',(-0.00614628831216576,-0.00780367956354888,0.000569938166956567));
#2384=CARTESIAN_POINT('',(-0.00630807337746483,-0.00780874528795162,0.00074095079772881));
#2385=CARTESIAN_POINT('',(-0.00646626118383167,-0.00781375665541102,0.000955042536868395));
#2386=CARTESIAN_POINT('',(-0.0066910189959682,-0.00782078622158025,0.00137375137958987));
#2387=CARTESIAN_POINT('',(-0.00676047670887378,-0.00782211632235468,0.00175393104701364));
#2388=CARTESIAN_POINT('',(-0.00676041586452506,-0.00782234339655546,0.002));
#2389=CARTESIAN_POINT('',(0.,0.,0.00989));
#2390=CARTESIAN_POINT('',(0.,0.,0.04011));
#2391=CARTESIAN_POINT('',(0.0035,-1.0842021724855E-19,0.052));
#2392=CARTESIAN_POINT('',(0.0035,0.00147986485869487,0.053));
#2393=CARTESIAN_POINT('',(0.00369864447517887,0.00101005461957668,0.053));
#2394=CARTESIAN_POINT('',(0.00383035237385957,-1.31607043623964E-6,0.0529288206156789));
#2395=CARTESIAN_POINT('',(0.0036982916093936,-0.0010108891756791,0.053));
#2396=CARTESIAN_POINT('',(0.00350000000000005,-0.00147986485869488,0.053));
#2397=CARTESIAN_POINT('',(0.0035,-0.0077601946599521,0.052));
#2398=CARTESIAN_POINT('',(0.0035,0.00769117549823808,0.052));
#2399=CARTESIAN_POINT('',(-0.0035,-3.79470760369927E-19,0.052));
#2400=CARTESIAN_POINT('',(-0.0035,-0.00147986485869488,0.053));
#2401=CARTESIAN_POINT('',(-0.00369864447517887,-0.00101005461957669,0.053));
#2402=CARTESIAN_POINT('',(-0.00383035237385958,1.31607043623585E-6,0.0529288206156789));
#2403=CARTESIAN_POINT('',(-0.00369829160939356,0.00101088917567911,0.053));
#2404=CARTESIAN_POINT('',(-0.0035,0.00147986485869488,0.053));
#2405=CARTESIAN_POINT('',(-0.0035,0.00769117549823808,0.052));
#2406=CARTESIAN_POINT('',(-0.0035,-0.0077601946599521,0.052));
#2407=CARTESIAN_POINT('',(0.005,-0.00666489823510071,0.05));
#2408=CARTESIAN_POINT('',(0.00450000000000001,-0.00666489823510071,0.05));
#2409=CARTESIAN_POINT('',(0.0045,-0.00666489823510071,0.0505));
#2410=CARTESIAN_POINT('',(0.00498122062556738,-0.00703545380553178,0.05));
#2411=CARTESIAN_POINT('',(0.00449999999999618,-0.00702862327776072,0.0500184332107268));
#2412=CARTESIAN_POINT('',(0.0045,-0.0070404857237451,0.0504999999999974));
#2413=CARTESIAN_POINT('',(0.00496244130925327,-0.00740600822917044,0.049995459042383));
#2414=CARTESIAN_POINT('',(0.00450000000000401,-0.00740027885307453,0.0500308071844492));
#2415=CARTESIAN_POINT('',(0.0045,-0.00741607205002454,0.050494323802982));
#2416=CARTESIAN_POINT('',(0.00494378955982892,-0.00777404549647221,0.0499864079595767));
#2417=CARTESIAN_POINT('',(0.00449999999999999,-0.0077755676108504,0.050036594389794));
#2418=CARTESIAN_POINT('',(0.0045,-0.00778910703852225,0.0504830099494708));
#2419=CARTESIAN_POINT('',(0.00494412713204958,-0.00776738450426317,0.0499865712737108));
#2420=CARTESIAN_POINT('',(0.00469822173687409,-0.00776704894501779,0.0500092230383459));
#2421=CARTESIAN_POINT('',(0.00449490453073094,-0.00776370286007946,0.0502359003302493));
#2422=CARTESIAN_POINT('',(0.0045,-0.0077601946599521,0.0504838754120985));
#2423=CARTESIAN_POINT('',(0.005,-0.0066648982351007,0.0505));
#2424=CARTESIAN_POINT('',(0.005,5.42101086242753E-19,0.0505));
#2425=CARTESIAN_POINT('',(0.005,0.00601786610943204,0.0505));
#2426=CARTESIAN_POINT('',(0.00481526968689648,0.0077885864842476,0.049769890657184));
#2427=CARTESIAN_POINT('',(0.0045,0.00782682818962909,0.0498892633682367));
#2428=CARTESIAN_POINT('',(0.0045,0.00793033503898973,0.05021236332148));
#2429=CARTESIAN_POINT('',(0.00487195279752162,0.00724525422218055,0.0499202852001445));
#2430=CARTESIAN_POINT('',(0.00449999999999469,0.00723885663453683,0.0500288315685929));
#2431=CARTESIAN_POINT('',(0.0045,0.00734350829637757,0.0504003565001803));
#2432=CARTESIAN_POINT('',(0.00493594733073863,0.00663183879544386,0.05));
#2433=CARTESIAN_POINT('',(0.00450000000000245,0.00659487955214846,0.0500601969063571));
#2434=CARTESIAN_POINT('',(0.0045,0.00668098813722052,0.0504999999999931));
#2435=CARTESIAN_POINT('',(0.005,0.00601786610943205,0.05));
#2436=CARTESIAN_POINT('',(0.00450000000000001,0.00601786610943205,0.05));
#2437=CARTESIAN_POINT('',(0.0045,0.00601786610943205,0.0505));
#2438=CARTESIAN_POINT('',(0.00449999999999972,0.0076911754982381,0.0502830593267085));
#2439=CARTESIAN_POINT('',(0.00449789083736418,0.00772310258281141,0.050068535866173));
#2440=CARTESIAN_POINT('',(0.00462514780547019,0.00776227371125787,0.0498554961010279));
#2441=CARTESIAN_POINT('',(0.00481628466719566,0.00777885745675015,0.049772574222446));
#2442=CARTESIAN_POINT('',(-0.0045,-0.00666489823510073,0.0505));
#2443=CARTESIAN_POINT('',(-0.00450000000000001,-0.00666489823510073,0.05));
#2444=CARTESIAN_POINT('',(-0.005,-0.00666489823510073,0.05));
#2445=CARTESIAN_POINT('',(-0.0045,-0.0070404598667411,0.0504999999999974));
#2446=CARTESIAN_POINT('',(-0.00449999999999612,-0.00702859869895901,0.0500184319650974));
#2447=CARTESIAN_POINT('',(-0.00498122191841826,-0.00703542829494595,0.05));
#2448=CARTESIAN_POINT('',(-0.0045,-0.00741602033641476,0.050494324585382));
#2449=CARTESIAN_POINT('',(-0.0045000000000011,-0.00740022857371897,0.0500308055129604));
#2450=CARTESIAN_POINT('',(-0.00496244389493362,-0.00740595720839121,0.0499954596683045));
#2451=CARTESIAN_POINT('',(-0.0045,-0.00778902999464699,0.0504830122860689));
#2452=CARTESIAN_POINT('',(-0.0045,-0.00777549140108897,0.0500365932144972));
#2453=CARTESIAN_POINT('',(-0.00494379341202269,-0.00777396948478916,0.0499864098288551));
#2454=CARTESIAN_POINT('',(-0.0045,-0.0077601946599521,0.0504838754120985));
#2455=CARTESIAN_POINT('',(-0.00449499357363271,-0.00776368833789867,0.0502369165499972));
#2456=CARTESIAN_POINT('',(-0.0046972035338275,-0.0077670483811438,0.0500092475472082));
#2457=CARTESIAN_POINT('',(-0.00494412713204957,-0.00776738450426317,0.0499865712737108));
#2458=CARTESIAN_POINT('',(-0.005,-0.00666489823510073,0.0505));
#2459=CARTESIAN_POINT('',(-0.005,-1.78893358460108E-18,0.0505));
#2460=CARTESIAN_POINT('',(-0.005,0.00601786610943205,0.0505));
#2461=CARTESIAN_POINT('',(-0.0045,0.00793386763068863,0.0502112303009586));
#2462=CARTESIAN_POINT('',(-0.0045,0.00783022124020089,0.0498884566653379));
#2463=CARTESIAN_POINT('',(-0.00481492846474091,0.00779185724697763,0.0497689842407669));
#2464=CARTESIAN_POINT('',(-0.0045,0.00734616419151825,0.0503999487507429));
#2465=CARTESIAN_POINT('',(-0.00449999999999164,0.00724132184401454,0.0500286917460406));
#2466=CARTESIAN_POINT('',(-0.00487169625775098,0.00724771326743226,0.0499199590005978));
#2467=CARTESIAN_POINT('',(-0.0045,0.0066823191031696,0.0504999999999931));
#2468=CARTESIAN_POINT('',(-0.00450000000000283,0.00659596784011443,0.0500603104419592));
#2469=CARTESIAN_POINT('',(-0.00493581876929907,0.00663307111273136,0.05));
#2470=CARTESIAN_POINT('',(-0.0045,0.00601786610943205,0.0505));
#2471=CARTESIAN_POINT('',(-0.00450000000000001,0.00601786610943205,0.05));
#2472=CARTESIAN_POINT('',(-0.005,0.00601786610943205,0.05));
#2473=CARTESIAN_POINT('',(-0.00481628466719566,0.00777885745675015,0.049772574222446));
#2474=CARTESIAN_POINT('',(-0.00462389419291416,0.00776215026212931,0.0498560639751205));
#2475=CARTESIAN_POINT('',(-0.00449808631981987,0.00772293798714995,0.0500696239118077));
#2476=CARTESIAN_POINT('',(-0.0045,0.00769117549823809,0.0502830593267085));
#2477=CARTESIAN_POINT('',(-0.00652847362189509,-0.008,0.05));
#2478=CARTESIAN_POINT('',(-0.00676041586452506,-0.00782234339655547,0.002));
#2479=CARTESIAN_POINT('',(-0.0066831017836484,-0.00788156226437031,0.002));
#2480=CARTESIAN_POINT('',(-0.00660578770277175,-0.00794078113218515,0.002));
#2481=CARTESIAN_POINT('',(-0.00652847362189509,-0.008,0.002));
#2482=CARTESIAN_POINT('',(-0.00652847362189509,-0.008,0.048));
#2483=CARTESIAN_POINT('',(-0.00660578770277175,-0.00794078113218516,0.048));
#2484=CARTESIAN_POINT('',(-0.0066831017836484,-0.00788156226437031,0.048));
#2485=CARTESIAN_POINT('',(-0.00676041586452506,-0.00782234339655547,0.048));
#2486=CARTESIAN_POINT('',(-0.00676041586452506,-0.00782234339655547,0.048));
#2487=CARTESIAN_POINT('',(-0.00678215558752748,-0.00782300121657801,0.0489847831887383));
#2488=CARTESIAN_POINT('',(-0.00595117468798834,-0.00779785665176398,0.0498936710513949));
#2489=CARTESIAN_POINT('',(-0.00494412713204955,-0.00776738450426317,0.0499865712737108));
#2490=CARTESIAN_POINT('',(-0.00652847362189509,-0.008,0.048));
#2491=CARTESIAN_POINT('',(-0.00654775832715112,-0.008,0.0488665480121421));
#2492=CARTESIAN_POINT('',(-0.00581061822103216,-0.008,0.0496663128534308));
#2493=CARTESIAN_POINT('',(-0.00491729426778217,-0.008,0.0497480592762943));
#2494=CARTESIAN_POINT('',(-0.00491729426778217,-0.008,0.0497480592762943));
#2495=CARTESIAN_POINT('',(-0.0049262385558713,-0.00792246150142106,0.0498275632754331));
#2496=CARTESIAN_POINT('',(-0.00493518284396042,-0.00784492300284211,0.049907067274572));
#2497=CARTESIAN_POINT('',(-0.00494412713204955,-0.00776738450426317,0.0499865712737108));
#2498=CARTESIAN_POINT('',(-0.00470651620748838,-0.0077601946599521,1.76182853028895E-18));
#2499=CARTESIAN_POINT('',(-0.00524497565222233,-0.00777648784841811,-2.12454781856603E-6));
#2500=CARTESIAN_POINT('',(-0.00577809113478859,-0.00779261933448739,0.000215026895637899));
#2501=CARTESIAN_POINT('',(-0.00653959403092289,-0.00781566157160565,0.000956545979615914));
#2502=CARTESIAN_POINT('',(-0.00676259766854301,-0.00782240941553685,0.00147567112844175));
#2503=CARTESIAN_POINT('',(-0.00676041586452506,-0.00782234339655547,0.002));
#2504=CARTESIAN_POINT('',(-0.00470651620748838,-0.008,0.000240124279025706));
#2505=CARTESIAN_POINT('',(-0.00518416864504991,-0.008,0.000238254808963737));
#2506=CARTESIAN_POINT('',(-0.00565708060330585,-0.008,0.000429334586777993));
#2507=CARTESIAN_POINT('',(-0.00633258869719109,-0.008,0.00108182530052904));
#2508=CARTESIAN_POINT('',(-0.00653040903972024,-0.008,0.0015386231745694));
#2509=CARTESIAN_POINT('',(-0.00652847362189509,-0.008,0.002));
#2510=CARTESIAN_POINT('',(-0.00470651620748838,-0.008,0.000240124279025707));
#2511=CARTESIAN_POINT('',(-0.00470651620748838,-0.0079200648866507,0.000160082852683804));
#2512=CARTESIAN_POINT('',(-0.00470651620748838,-0.0078401297733014,8.0041426341902E-5));
#2513=CARTESIAN_POINT('',(-0.00470651620748838,-0.0077601946599521,-2.16840434497101E-19));
#2514=CARTESIAN_POINT('',(-0.0042598757209743,-0.008,0.0504838754120985));
#2515=CARTESIAN_POINT('',(-0.00425246496556313,-0.008,0.0501184675475071));
#2516=CARTESIAN_POINT('',(-0.00455178596756511,-0.008,0.0497816107568718));
#2517=CARTESIAN_POINT('',(-0.00491729426778218,-0.008,0.0497480592762943));
#2518=CARTESIAN_POINT('',(-0.0045,-0.0077601946599521,0.0504838754120985));
#2519=CARTESIAN_POINT('',(-0.00449499357363272,-0.00776368833789867,0.0502369165499972));
#2520=CARTESIAN_POINT('',(-0.0046972035338275,-0.0077670483811438,0.0500092475472082));
#2521=CARTESIAN_POINT('',(-0.00494412713204957,-0.00776738450426317,0.0499865712737108));
#2522=CARTESIAN_POINT('',(-0.0045,-0.0077601946599521,0.0504838754120985));
#2523=CARTESIAN_POINT('',(-0.0044199585736581,-0.0078401297733014,0.0504838754120985));
#2524=CARTESIAN_POINT('',(-0.0043399171473162,-0.0079200648866507,0.0504838754120985));
#2525=CARTESIAN_POINT('',(-0.0042598757209743,-0.008,0.0504838754120985));
#2526=CARTESIAN_POINT('',(-0.00335640646055102,-0.008,0.000240124279025706));
#2527=CARTESIAN_POINT('',(0.00470651620748838,-0.0077601946599521,4.60785923306339E-19));
#2528=CARTESIAN_POINT('',(0.00470651620748838,-0.0078401297733014,8.00414263419025E-5));
#2529=CARTESIAN_POINT('',(0.00470651620748838,-0.0079200648866507,0.000160082852683804));
#2530=CARTESIAN_POINT('',(0.00470651620748838,-0.008,0.000240124279025706));
#2531=CARTESIAN_POINT('',(-0.0042598757209743,-0.008,0.05));
#2532=CARTESIAN_POINT('',(-0.0045,-0.0077601946599521,0.052));
#2533=CARTESIAN_POINT('',(0.00676041586452506,-0.00782234339655547,0.002));
#2534=CARTESIAN_POINT('',(0.00676259766854301,-0.00782240941553686,0.00147567112844175));
#2535=CARTESIAN_POINT('',(0.00653959403092289,-0.00781566157160565,0.000956545979615913));
#2536=CARTESIAN_POINT('',(0.00577809113478859,-0.00779261933448739,0.000215026895637898));
#2537=CARTESIAN_POINT('',(0.00524497565222234,-0.00777648784841811,-2.12454781856627E-6));
#2538=CARTESIAN_POINT('',(0.00470651620748838,-0.00776019465995211,2.71050543121376E-20));
#2539=CARTESIAN_POINT('',(0.00652847362189509,-0.008,0.002));
#2540=CARTESIAN_POINT('',(0.00653040903972023,-0.008,0.00153862317456939));
#2541=CARTESIAN_POINT('',(0.00633258869719109,-0.008,0.00108182530052903));
#2542=CARTESIAN_POINT('',(0.00565708060330585,-0.008,0.000429334586777984));
#2543=CARTESIAN_POINT('',(0.00518416864504991,-0.008,0.000238254808963732));
#2544=CARTESIAN_POINT('',(0.00470651620748838,-0.008,0.000240124279025706));
#2545=CARTESIAN_POINT('',(0.00652847362189509,-0.008,0.002));
#2546=CARTESIAN_POINT('',(0.00660578770277175,-0.00794078113218516,0.002));
#2547=CARTESIAN_POINT('',(0.0066831017836484,-0.00788156226437031,0.002));
#2548=CARTESIAN_POINT('',(0.00676041586452506,-0.00782234339655547,0.002));
#2549=CARTESIAN_POINT('',(-0.0035,-0.008,0.052));
#2550=CARTESIAN_POINT('',(-0.0035,-0.0077601946599521,0.053));
#2551=CARTESIAN_POINT('',(0.00676041586452506,-0.00782234339655547,0.05));
#2552=CARTESIAN_POINT('',(0.00676041586452506,-0.00782234339655547,0.048));
#2553=CARTESIAN_POINT('',(0.0066831017836484,-0.00788156226437031,0.048));
#2554=CARTESIAN_POINT('',(0.00660578770277175,-0.00794078113218516,0.048));
#2555=CARTESIAN_POINT('',(0.00652847362189509,-0.008,0.048));
#2556=CARTESIAN_POINT('',(0.,-0.0077601946599521,0.053));
#2557=CARTESIAN_POINT('',(0.0035,-0.0077601946599521,0.053));
#2558=CARTESIAN_POINT('',(0.00494412713204958,-0.00776738450426317,0.0499865712737108));
#2559=CARTESIAN_POINT('',(0.00595117468798834,-0.00779785665176398,0.0498936710513948));
#2560=CARTESIAN_POINT('',(0.00678215558752748,-0.00782300121657802,0.0489847831887383));
#2561=CARTESIAN_POINT('',(0.00676041586452506,-0.00782234339655547,0.048));
#2562=CARTESIAN_POINT('',(0.00491729426778219,-0.008,0.0497480592762943));
#2563=CARTESIAN_POINT('',(0.00581061822103217,-0.008,0.0496663128534308));
#2564=CARTESIAN_POINT('',(0.00654775832715112,-0.008,0.0488665480121421));
#2565=CARTESIAN_POINT('',(0.00652847362189509,-0.008,0.048));
#2566=CARTESIAN_POINT('',(0.00494412713204958,-0.00776738450426317,0.0499865712737108));
#2567=CARTESIAN_POINT('',(0.00493518284396045,-0.00784492300284211,0.049907067274572));
#2568=CARTESIAN_POINT('',(0.00492623855587132,-0.00792246150142106,0.0498275632754331));
#2569=CARTESIAN_POINT('',(0.00491729426778219,-0.008,0.0497480592762943));
#2570=CARTESIAN_POINT('',(0.0035,-0.008,0.052));
#2571=CARTESIAN_POINT('',(0.0045,-0.0077601946599521,0.052));
#2572=CARTESIAN_POINT('',(0.00491729426778217,-0.008,0.0497480592762943));
#2573=CARTESIAN_POINT('',(0.00455329316115662,-0.008,0.0497815745072231));
#2574=CARTESIAN_POINT('',(0.00425233315993618,-0.008,0.0501169639273952));
#2575=CARTESIAN_POINT('',(0.0042598757209743,-0.008,0.0504838754120985));
#2576=CARTESIAN_POINT('',(0.00494412713204958,-0.00776738450426317,0.0499865712737108));
#2577=CARTESIAN_POINT('',(0.00469822173687409,-0.00776704894501779,0.0500092230383459));
#2578=CARTESIAN_POINT('',(0.00449490453073094,-0.00776370286007946,0.0502359003302493));
#2579=CARTESIAN_POINT('',(0.0045,-0.0077601946599521,0.0504838754120985));
#2580=CARTESIAN_POINT('',(0.00425987572097429,-0.008,0.0504838754120985));
#2581=CARTESIAN_POINT('',(0.0043399171473162,-0.0079200648866507,0.0504838754120985));
#2582=CARTESIAN_POINT('',(0.0044199585736581,-0.0078401297733014,0.0504838754120985));
#2583=CARTESIAN_POINT('',(0.0045,-0.0077601946599521,0.0504838754120985));
#2584=CARTESIAN_POINT('',(0.0045,-0.0077601946599521,0.053));
#2585=CARTESIAN_POINT('',(-0.00584496788767558,0.008,0.05));
#2586=CARTESIAN_POINT('',(-0.00584496788767558,0.008,0.002));
#2587=CARTESIAN_POINT('',(-0.00592721104394877,0.00796016589279768,0.002));
#2588=CARTESIAN_POINT('',(-0.00600945420022196,0.00792033178559537,0.002));
#2589=CARTESIAN_POINT('',(-0.00609169735649516,0.00788049767839306,0.002));
#2590=CARTESIAN_POINT('',(-0.00609169735649516,0.00788049767839306,0.048));
#2591=CARTESIAN_POINT('',(-0.00600945420022196,0.00792033178559537,0.048));
#2592=CARTESIAN_POINT('',(-0.00592721104394877,0.00796016589279768,0.048));
#2593=CARTESIAN_POINT('',(-0.00584496788767558,0.008,0.048));
#2594=CARTESIAN_POINT('',(-0.00584496788767558,0.008,0.048));
#2595=CARTESIAN_POINT('',(-0.00585283418336249,0.008,0.0486163421781216));
#2596=CARTESIAN_POINT('',(-0.00539419926160634,0.008,0.049217023464107));
#2597=CARTESIAN_POINT('',(-0.00470201531412233,0.008,0.0494969427514883));
#2598=CARTESIAN_POINT('',(-0.00609169735649515,0.00788049767839306,0.048));
#2599=CARTESIAN_POINT('',(-0.0061004753001903,0.00788119721051331,0.0487298290172142));
#2600=CARTESIAN_POINT('',(-0.00558868783630178,0.00784041183045545,0.049441113508478));
#2601=CARTESIAN_POINT('',(-0.00481628466719567,0.00777885745675015,0.049772574222446));
#2602=CARTESIAN_POINT('',(-0.00481628466719567,0.00777885745675015,0.049772574222446));
#2603=CARTESIAN_POINT('',(-0.00477819488283789,0.00785257163783343,0.0496806970654601));
#2604=CARTESIAN_POINT('',(-0.00474010509848011,0.00792628581891672,0.0495888199084742));
#2605=CARTESIAN_POINT('',(-0.00470201531412233,0.008,0.0494969427514883));
#2606=CARTESIAN_POINT('',(-0.00371602454673055,0.008,0.000310995689170479));
#2607=CARTESIAN_POINT('',(-0.00427415777651513,0.008,0.000309201503958424));
#2608=CARTESIAN_POINT('',(-0.00482675195608596,0.008,0.000492586497083423));
#2609=CARTESIAN_POINT('',(-0.00561607768366347,0.008,0.00111880069963485));
#2610=CARTESIAN_POINT('',(-0.005847229408641,0.008,0.00155720313782286));
#2611=CARTESIAN_POINT('',(-0.00584496788767558,0.008,0.002));
#2612=CARTESIAN_POINT('',(-0.00371602454673055,0.00769117549823808,5.42101086242752E-20));
#2613=CARTESIAN_POINT('',(-0.0043388414684983,0.00774080904077888,-2.12454781856748E-6));
#2614=CARTESIAN_POINT('',(-0.00495547732517609,0.00778995000171767,0.00021502698505469));
#2615=CARTESIAN_POINT('',(-0.0058362804756151,0.0078601429895917,0.000956545890199112));
#2616=CARTESIAN_POINT('',(-0.00609422097173796,0.00788069879040548,0.00147567112844174));
#2617=CARTESIAN_POINT('',(-0.00609169735649515,0.00788049767839306,0.002));
#2618=CARTESIAN_POINT('',(-0.00371602454673055,0.00769117549823808,-2.72949462562152E-20));
#2619=CARTESIAN_POINT('',(-0.00371602454673055,0.00779411699882539,0.000103665229723493));
#2620=CARTESIAN_POINT('',(-0.00371602454673055,0.00789705849941269,0.000207330459446986));
#2621=CARTESIAN_POINT('',(-0.00371602454673055,0.008,0.000310995689170479));
#2622=CARTESIAN_POINT('',(-0.00470201531412232,0.008,0.0494969427514883));
#2623=CARTESIAN_POINT('',(-0.00438995962356281,0.008,0.0496236081875371));
#2624=CARTESIAN_POINT('',(-0.00418590033807646,0.008,0.0499506959078181));
#2625=CARTESIAN_POINT('',(-0.00418900431082952,0.008,0.0502830593267085));
#2626=CARTESIAN_POINT('',(-0.00481628466719566,0.00777885745675015,0.049772574222446));
#2627=CARTESIAN_POINT('',(-0.00462389419291416,0.00776215026212931,0.0498560639751205));
#2628=CARTESIAN_POINT('',(-0.00449808631981987,0.00772293798714995,0.0500696239118077));
#2629=CARTESIAN_POINT('',(-0.0045,0.00769117549823809,0.0502830593267085));
#2630=CARTESIAN_POINT('',(-0.00418900431082952,0.008,0.0502830593267085));
#2631=CARTESIAN_POINT('',(-0.00429266954055301,0.00789705849941269,0.0502830593267085));
#2632=CARTESIAN_POINT('',(-0.0043963347702765,0.00779411699882539,0.0502830593267085));
#2633=CARTESIAN_POINT('',(-0.0045,0.00769117549823808,0.0502830593267085));
#2634=CARTESIAN_POINT('',(0.,0.00769117549823808,0.));
#2635=CARTESIAN_POINT('',(0.00371602454673054,0.008,0.000310995689170479));
#2636=CARTESIAN_POINT('',(0.00371602454673054,0.00789705849941269,0.000207330459446986));
#2637=CARTESIAN_POINT('',(0.00371602454673054,0.00779411699882539,0.000103665229723493));
#2638=CARTESIAN_POINT('',(0.00371602454673054,0.00769117549823808,-4.06375279883714E-19));
#2639=CARTESIAN_POINT('',(-0.0045,0.00769117549823808,0.053));
#2640=CARTESIAN_POINT('',(-0.00418900431082952,0.008,0.052));
#2641=CARTESIAN_POINT('',(0.00584496788767557,0.008,0.002));
#2642=CARTESIAN_POINT('',(0.005847229408641,0.008,0.00155720313782287));
#2643=CARTESIAN_POINT('',(0.00561607768366348,0.008,0.00111880069963485));
#2644=CARTESIAN_POINT('',(0.00482675195608596,0.008,0.000492586497083433));
#2645=CARTESIAN_POINT('',(0.00427415777651513,0.008,0.000309201503958425));
#2646=CARTESIAN_POINT('',(0.00371602454673054,0.008,0.000310995689170479));
#2647=CARTESIAN_POINT('',(0.00609169735649515,0.00788049767839306,0.002));
#2648=CARTESIAN_POINT('',(0.00609422097173795,0.00788069879040548,0.00147567112844175));
#2649=CARTESIAN_POINT('',(0.0058362804756151,0.0078601429895917,0.000956545890199117));
#2650=CARTESIAN_POINT('',(0.00495547732517609,0.00778995000171767,0.000215026985054699));
#2651=CARTESIAN_POINT('',(0.0043388414684983,0.00774080904077888,-2.12454781856427E-6));
#2652=CARTESIAN_POINT('',(0.00371602454673054,0.00769117549823808,5.42101086242752E-20));
#2653=CARTESIAN_POINT('',(0.00609169735649515,0.00788049767839306,0.002));
#2654=CARTESIAN_POINT('',(0.00600945420022196,0.00792033178559537,0.002));
#2655=CARTESIAN_POINT('',(0.00592721104394876,0.00796016589279769,0.002));
#2656=CARTESIAN_POINT('',(0.00584496788767557,0.008,0.002));
#2657=CARTESIAN_POINT('',(-0.0035,0.008,0.052));
#2658=CARTESIAN_POINT('',(-0.0035,0.008,0.0526890043108295));
#2659=CARTESIAN_POINT('',(0.00584496788767557,0.008,0.05));
#2660=CARTESIAN_POINT('',(0.00584496788767557,0.008,0.048));
#2661=CARTESIAN_POINT('',(0.00592721104394876,0.00796016589279769,0.048));
#2662=CARTESIAN_POINT('',(0.00600945420022196,0.00792033178559537,0.048));
#2663=CARTESIAN_POINT('',(0.00609169735649515,0.00788049767839306,0.048));
#2664=CARTESIAN_POINT('',(0.0055,0.008,0.0526890043108295));
#2665=CARTESIAN_POINT('',(0.0035,0.008,0.0526890043108295));
#2666=CARTESIAN_POINT('',(0.00470201531412232,0.008,0.0494969427514883));
#2667=CARTESIAN_POINT('',(0.00539419926160634,0.008,0.049217023464107));
#2668=CARTESIAN_POINT('',(0.00585283418336248,0.008,0.0486163421781216));
#2669=CARTESIAN_POINT('',(0.00584496788767557,0.008,0.048));
#2670=CARTESIAN_POINT('',(0.00481628466719566,0.00777885745675015,0.049772574222446));
#2671=CARTESIAN_POINT('',(0.00558868783630178,0.00784041183045545,0.049441113508478));
#2672=CARTESIAN_POINT('',(0.0061004753001903,0.00788119721051331,0.0487298290172142));
#2673=CARTESIAN_POINT('',(0.00609169735649515,0.00788049767839306,0.048));
#2674=CARTESIAN_POINT('',(0.00470201531412232,0.008,0.0494969427514883));
#2675=CARTESIAN_POINT('',(0.0047401050984801,0.00792628581891672,0.0495888199084742));
#2676=CARTESIAN_POINT('',(0.00477819488283788,0.00785257163783343,0.0496806970654601));
#2677=CARTESIAN_POINT('',(0.00481628466719566,0.00777885745675015,0.049772574222446));
#2678=CARTESIAN_POINT('',(0.0035,0.008,0.052));
#2679=CARTESIAN_POINT('',(0.00418900431082952,0.008,0.052));
#2680=CARTESIAN_POINT('',(0.00418900431082924,0.008,0.0502830593267085));
#2681=CARTESIAN_POINT('',(0.00418558326721849,0.008,0.0499490030312403));
#2682=CARTESIAN_POINT('',(0.00439199297232056,0.008,0.0496227536686833));
#2683=CARTESIAN_POINT('',(0.00470201531412232,0.008,0.0494969427514883));
#2684=CARTESIAN_POINT('',(0.00449999999999972,0.0076911754982381,0.0502830593267085));
#2685=CARTESIAN_POINT('',(0.00449789083736418,0.00772310258281141,0.050068535866173));
#2686=CARTESIAN_POINT('',(0.00462514780547019,0.00776227371125787,0.0498554961010279));
#2687=CARTESIAN_POINT('',(0.00481628466719566,0.00777885745675015,0.049772574222446));
#2688=CARTESIAN_POINT('',(0.0045,0.00769117549823808,0.0502830593267085));
#2689=CARTESIAN_POINT('',(0.00439633477027651,0.00779411699882539,0.0502830593267085));
#2690=CARTESIAN_POINT('',(0.00429266954055301,0.00789705849941269,0.0502830593267085));
#2691=CARTESIAN_POINT('',(0.00418900431082952,0.008,0.0502830593267085));
#2692=CARTESIAN_POINT('',(0.00418900431082952,0.008,0.05));
#2693=CARTESIAN_POINT('',(0.,0.,0.00889));
#2694=CARTESIAN_POINT('',(0.,0.,0.0035));
#2695=CARTESIAN_POINT('',(0.,0.,0.04111));
#2696=CARTESIAN_POINT('',(0.,0.,0.0465));
#2697=CARTESIAN_POINT('',(0.,0.,0.0461464466094067));
#2698=CARTESIAN_POINT('',(0.00365355339059328,0.,0.0461464466094067));
#2699=CARTESIAN_POINT('',(0.,0.,0.047));
#2700=CARTESIAN_POINT('',(0.,0.,0.053));
#2701=CARTESIAN_POINT('',(-3.46944695195361E-18,-0.00357250145942864,0.03711));
#2702=CARTESIAN_POINT('',(0.,-3.91886975727153E-19,0.03711));
#2703=CARTESIAN_POINT('',(0.0004,-3.91886975727153E-19,0.03711));
#2704=CARTESIAN_POINT('',(0.,0.,0.01289));
#2705=CARTESIAN_POINT('',(0.,-3.91886975727153E-19,0.01289));
#2706=CARTESIAN_POINT('',(-0.0004,-3.91886975727153E-19,0.01289));
#2707=CARTESIAN_POINT('',(0.,-3.91886975727153E-19,0.2839));
#2708=CARTESIAN_POINT('',(0.,-3.91886975727153E-19,0.01889));
#2709=CARTESIAN_POINT('',(-0.0064,-3.91886975727153E-19,0.01889));
#2710=CARTESIAN_POINT('',(0.,-3.91886975727153E-19,0.03111));
#2711=CARTESIAN_POINT('',(0.0064,-3.91886975727153E-19,0.03111));
#2712=CARTESIAN_POINT('',(0.,-3.91886975727153E-19,0.01889));
#2713=CARTESIAN_POINT('',(0.,-3.91886975727153E-19,0.03111));
#2714=MECHANICAL_DESIGN_GEOMETRIC_PRESENTATION_REPRESENTATION('',(#1452),
#2715);
#2715=(
GEOMETRIC_REPRESENTATION_CONTEXT(3)
GLOBAL_UNCERTAINTY_ASSIGNED_CONTEXT((#2716))
GLOBAL_UNIT_ASSIGNED_CONTEXT((#2719,#2718,#2717))
REPRESENTATION_CONTEXT('Post-L50-A-M6','TOP_LEVEL_ASSEMBLY_PART')
);
#2716=UNCERTAINTY_MEASURE_WITH_UNIT(LENGTH_MEASURE(2.E-5),#2719,
'DISTANCE_ACCURACY_VALUE','Maximum Tolerance applied to model');
#2717=(
NAMED_UNIT(*)
SI_UNIT($,.STERADIAN.)
SOLID_ANGLE_UNIT()
);
#2718=(
NAMED_UNIT(*)
PLANE_ANGLE_UNIT()
SI_UNIT($,.RADIAN.)
);
#2719=(
LENGTH_UNIT()
NAMED_UNIT(*)
SI_UNIT($,.METRE.)
);
#2720=PRODUCT_DEFINITION_SHAPE('','',#2721);
#2721=PRODUCT_DEFINITION('','',#2723,#2722);
#2722=PRODUCT_DEFINITION_CONTEXT('',#2729,'design');
#2723=PRODUCT_DEFINITION_FORMATION_WITH_SPECIFIED_SOURCE('','',#2725,
 .NOT_KNOWN.);
#2724=PRODUCT_RELATED_PRODUCT_CATEGORY('','',(#2725));
#2725=PRODUCT('Post-L50-A-M6','Post-L50-A-M6','Post-L50-A-M6',(#2727));
#2726=PRODUCT_CATEGORY('','');
#2727=PRODUCT_CONTEXT('',#2729,'mechanical');
#2728=APPLICATION_PROTOCOL_DEFINITION('international standard',
'ap242_managed_model_based_3d_engineering',2020,#2729);
#2729=APPLICATION_CONTEXT('managed model based 3d engineering');
ENDSEC;
END-ISO-10303-21;
